priority_id,rank,priority_class,risk_level,cell_id,operational_risk_index,forecast_operational_risk_index_24h,forecast_operational_risk_index_48h,forecast_operational_risk_index_72h,location,exposure,road_entity_count,settlement_count,verified_report_ids,report_priority_boost,reason,recommended_action,latitude,longitude
P1-001,1,P1,SEVERE,SKM_06361,77.6,75.5,74.9,70.0,SH / Unnamed OSM road,13 OSM road entities,13,0,[],False,Current Operational Risk Index 77.6/100 (SEVERE). Exact GIS overlay identifies mapped road and/or settlement exposure.,Urgent human review and field verification; coordinate precautionary road and settlement checks.,27.254798,88.459642
P1-002,2,P1,SEVERE,SKM_05265,77.2,74.6,74.7,69.5,NH310 / Unnamed OSM road,4 OSM road entities,4,0,[],False,Current Operational Risk Index 77.2/100 (SEVERE). Exact GIS overlay identifies mapped road and/or settlement exposure.,Urgent human review and field verification; coordinate precautionary road and settlement checks.,27.369498,88.693677
P1-003,3,P1,SEVERE,SKM_06523,77.0,75.2,74.5,69.6,NH510 / Unnamed OSM road,5 OSM road entities,5,0,[],False,Current Operational Risk Index 77.0/100 (SEVERE). Exact GIS overlay identifies mapped road and/or settlement exposure.,Urgent human review and field verification; coordinate precautionary road and settlement checks.,27.236428,88.489698
P1-004,4,P1,SEVERE,SKM_04775,76.7,71.2,71.2,66.7,SH / Unnamed OSM road,10 OSM road entities,10,0,[],False,Current Operational Risk Index 76.7/100 (SEVERE). Exact GIS overlay identifies mapped road and/or settlement exposure.,Urgent human review and field verification; coordinate precautionary road and settlement checks.,27.425737,88.512462
P1-005,5,P1,SEVERE,SKM_04850,76.1,71.0,71.0,66.4,SH / Unnamed OSM road,7 OSM road entities,7,0,[],False,Current Operational Risk Index 76.1/100 (SEVERE). Exact GIS overlay identifies mapped road and/or settlement exposure.,Urgent human review and field verification; coordinate precautionary road and settlement checks.,27.416712,88.512339
P1-006,6,P1,SEVERE,SKM_06980,76.0,75.5,74.0,69.3,NH10 / Unnamed OSM road,5 OSM road entities,5,0,[],False,Current Operational Risk Index 76.0/100 (SEVERE). Exact GIS overlay identifies mapped road and/or settlement exposure.,Urgent human review and field verification; coordinate precautionary road and settlement checks.,27.181952,88.519253
P1-007,7,P1,SEVERE,SKM_06981,75.9,75.3,73.8,69.1,Unnamed OSM road,6 OSM road entities,6,0,[],False,Current Operational Risk Index 75.9/100 (SEVERE). Exact GIS overlay identifies mapped road and/or settlement exposure.,Urgent human review and field verification; coordinate precautionary road and settlement checks.,27.181842,88.529345
P1-008,8,P1,SEVERE,SKM_06549,75.7,73.4,73.3,68.1,NH 717B · Jelep Pass Highway / Unnamed OSM road,2 OSM road entities,2,0,[],False,Current Operational Risk Index 75.7/100 (SEVERE). Exact GIS overlay identifies mapped road and/or settlement exposure.,Urgent human review and field verification; coordinate precautionary road and settlement checks.,27.23339,88.752196
P1-009,9,P1,SEVERE,SKM_05507,75.5,72.1,72.1,67.0,Baluakhani / Baluakhani Road / Burtuk,63 OSM road entities,63,0,[],False,Current Operational Risk Index 75.5/100 (SEVERE). Exact GIS overlay identifies mapped road and/or settlement exposure.,Urgent human review and field verification; coordinate precautionary road and settlement checks.,27.343383,88.61242
P1-010,10,P1,SEVERE,SKM_05749,75.4,72.9,72.5,67.5,SH / Unnamed OSM road,5 OSM road entities,5,0,[],False,Current Operational Risk Index 75.4/100 (SEVERE). Exact GIS overlay identifies mapped road and/or settlement exposure.,Urgent human review and field verification; coordinate precautionary road and settlement checks.,27.317975,88.460469
P2-001,11,P2,HIGH,SKM_07196,74.9,75.8,74.0,69.4,NH710 / Unnamed OSM road,19 OSM road entities,19,0,[],False,Current Operational Risk Index 74.9/100 (HIGH). Exact GIS overlay identifies mapped road and/or settlement exposure.,Prioritize monitoring and local verification of the mapped exposed assets.,27.147603,88.347251
P2-002,12,P2,HIGH,SKM_07238,74.7,75.7,74.1,69.4,SH / Unnamed OSM road,7 OSM road entities,7,0,[],False,Current Operational Risk Index 74.7/100 (HIGH). Exact GIS overlay identifies mapped road and/or settlement exposure.,Prioritize monitoring and local verification of the mapped exposed assets.,27.139237,88.27652
P2-003,13,P2,HIGH,SKM_07286,74.7,75.6,74.0,69.3,SH / Unnamed OSM road,13 OSM road entities,13,0,[],False,Current Operational Risk Index 74.7/100 (HIGH). Exact GIS overlay identifies mapped road and/or settlement exposure.,Prioritize monitoring and local verification of the mapped exposed assets.,27.130026,88.296594
P2-004,14,P2,HIGH,SKM_06759,74.4,73.2,72.1,67.3,NH10 · RANGPO-GANGTOK Rd / Unnamed OSM road,7 OSM road entities,7,0,[],False,Current Operational Risk Index 74.4/100 (HIGH). Exact GIS overlay identifies mapped road and/or settlement exposure.,Prioritize monitoring and local verification of the mapped exposed assets.,27.209353,88.489337
P2-005,15,P2,HIGH,SKM_07095,74.4,75.2,73.3,68.7,MDR / Unnamed OSM road,15 OSM road entities,15,0,[],False,Current Operational Risk Index 74.4/100 (HIGH). Exact GIS overlay identifies mapped road and/or settlement exposure.,Prioritize monitoring and local verification of the mapped exposed assets.,27.165261,88.387831
P2-006,16,P2,HIGH,SKM_06602,74.0,72.4,71.5,66.7,NH10 · RANGPO-GANGTOK Rd / NH510 / Unnamed OSM road,16 OSM road entities,16,0,[],False,Current Operational Risk Index 74.0/100 (HIGH). Exact GIS overlay identifies mapped road and/or settlement exposure.,Prioritize monitoring and local verification of the mapped exposed assets.,27.227403,88.489577
P2-007,17,P2,HIGH,SKM_07287,74.0,75.0,73.4,68.6,SH / Unnamed OSM road,13 OSM road entities,13,0,[],False,Current Operational Risk Index 74.0/100 (HIGH). Exact GIS overlay identifies mapped road and/or settlement exposure.,Prioritize monitoring and local verification of the mapped exposed assets.,27.129932,88.306682
P2-008,18,P2,HIGH,SKM_05344,73.8,70.5,70.7,65.5,NH310 / Unnamed OSM road,2 OSM road entities,2,0,[],False,Current Operational Risk Index 73.8/100 (HIGH). Exact GIS overlay identifies mapped road and/or settlement exposure.,Prioritize monitoring and local verification of the mapped exposed assets.,27.360959,88.653111
P2-009,19,P2,HIGH,SKM_06906,73.8,73.1,71.7,66.9,NH10 · RANGPO-GANGTOK Rd / Unnamed OSM road,5 OSM road entities,5,0,[],False,Current Operational Risk Index 73.8/100 (HIGH). Exact GIS overlay identifies mapped road and/or settlement exposure.,Prioritize monitoring and local verification of the mapped exposed assets.,27.191194,88.49919
P2-010,20,P2,HIGH,SKM_07345,73.7,74.7,72.9,68.3,SH / Unnamed OSM road,8 OSM road entities,8,0,[],False,Current Operational Risk Index 73.7/100 (HIGH). Exact GIS overlay identifies mapped road and/or settlement exposure.,Prioritize monitoring and local verification of the mapped exposed assets.,27.111595,88.336732
P2-011,21,P2,HIGH,SKM_05182,73.6,71.1,71.4,66.1,NH310 / Unnamed OSM road,5 OSM road entities,5,0,[],False,Current Operational Risk Index 73.6/100 (HIGH). Exact GIS overlay identifies mapped road and/or settlement exposure.,Prioritize monitoring and local verification of the mapped exposed assets.,27.378522,88.693815
P2-012,22,P2,HIGH,SKM_04702,73.5,67.8,67.8,63.3,SH / Unnamed OSM road,4 OSM road entities,4,0,[],False,Current Operational Risk Index 73.5/100 (HIGH). Exact GIS overlay identifies mapped road and/or settlement exposure.,Prioritize monitoring and local verification of the mapped exposed assets.,27.434762,88.512585
P2-013,23,P2,HIGH,SKM_05274,73.5,71.7,71.5,66.6,NH310,1 OSM road entity,1,0,[],False,Current Operational Risk Index 73.5/100 (HIGH). Exact GIS overlay identifies mapped road and/or settlement exposure.,Prioritize monitoring and local verification of the mapped exposed assets.,27.368365,88.784646
P2-014,24,P2,HIGH,SKM_05591,73.4,70.1,70.0,64.9,SH2 · Gangtok - Assam - Pakyong Road / Unnamed OSM road,41 OSM road entities,41,0,[],False,Current Operational Risk Index 73.4/100 (HIGH). Exact GIS overlay identifies mapped road and/or settlement exposure.,Prioritize monitoring and local verification of the mapped exposed assets.,27.334241,88.622394
P2-015,25,P2,HIGH,SKM_06113,73.2,70.8,70.2,65.2,NH 717A / NH10 / Unnamed OSM road,15 OSM road entities,15,0,[],False,Current Operational Risk Index 73.2/100 (HIGH). Exact GIS overlay identifies mapped road and/or settlement exposure.,Prioritize monitoring and local verification of the mapped exposed assets.,27.280442,88.591306
P2-016,26,P2,HIGH,SKM_05763,73.1,69.8,69.7,64.6,Gairi gaon foot path / NH10 / Unnamed OSM road,38 OSM road entities,38,0,[],False,Current Operational Risk Index 73.1/100 (HIGH). Exact GIS overlay identifies mapped road and/or settlement exposure.,Prioritize monitoring and local verification of the mapped exposed assets.,27.316425,88.601924
P2-017,27,P2,HIGH,SKM_07271,73.1,74.6,72.1,67.7,Unnamed OSM road,14 OSM road entities,14,0,[],False,Current Operational Risk Index 73.1/100 (HIGH). Exact GIS overlay identifies mapped road and/or settlement exposure.,Prioritize monitoring and local verification of the mapped exposed assets.,27.131341,88.145267
P2-018,28,P2,HIGH,SKM_04629,73.0,67.0,67.0,62.6,SH / Unnamed OSM road,5 OSM road entities,5,0,[],False,Current Operational Risk Index 73.0/100 (HIGH). Exact GIS overlay identifies mapped road and/or settlement exposure.,Prioritize monitoring and local verification of the mapped exposed assets.,27.443787,88.512708
P2-019,29,P2,HIGH,SKM_05509,72.8,69.4,69.5,64.3,NH310 / SH2 · Gangtok - Assam - Pakyong Road / Unnamed OSM road,10 OSM road entities,10,0,[],False,Current Operational Risk Index 72.8/100 (HIGH). Exact GIS overlay identifies mapped road and/or settlement exposure.,Prioritize monitoring and local verification of the mapped exposed assets.,27.343148,88.632632
P2-020,30,P2,HIGH,SKM_07153,72.8,73.9,71.8,67.2,MDR / Unnamed OSM road,6 OSM road entities,6,0,[],False,Current Operational Risk Index 72.8/100 (HIGH). Exact GIS overlay identifies mapped road and/or settlement exposure.,Prioritize monitoring and local verification of the mapped exposed assets.,27.155932,88.41799
P2-021,31,P2,HIGH,SKM_07344,72.8,73.8,72.1,67.4,SH / Unnamed OSM road,15 OSM road entities,15,0,[],False,Current Operational Risk Index 72.8/100 (HIGH). Exact GIS overlay identifies mapped road and/or settlement exposure.,Prioritize monitoring and local verification of the mapped exposed assets.,27.111691,88.326645
P2-022,32,P2,HIGH,SKM_06301,72.6,69.3,69.0,63.8,Unnamed OSM road,3 OSM road entities,3,0,[],False,Current Operational Risk Index 72.6/100 (HIGH). Exact GIS overlay identifies mapped road and/or settlement exposure.,Prioritize monitoring and local verification of the mapped exposed assets.,27.260962,88.712229
P2-023,33,P2,HIGH,SKM_06386,72.6,69.4,69.1,64.0,Unnamed OSM road,6 OSM road entities,6,0,[],False,Current Operational Risk Index 72.6/100 (HIGH). Exact GIS overlay identifies mapped road and/or settlement exposure.,Prioritize monitoring and local verification of the mapped exposed assets.,27.251938,88.712091
P2-024,34,P2,HIGH,SKM_07363,72.6,73.9,71.9,67.2,NH710 / SH / Unnamed OSM road,7 OSM road entities,7,0,[],False,Current Operational Risk Index 72.6/100 (HIGH). Exact GIS overlay identifies mapped road and/or settlement exposure.,Prioritize monitoring and local verification of the mapped exposed assets.,27.102376,88.356795
P2-025,35,P2,HIGH,SKM_05675,72.5,69.2,69.1,64.0,Unnamed OSM road,24 OSM road entities,24,0,[],False,Current Operational Risk Index 72.5/100 (HIGH). Exact GIS overlay identifies mapped road and/or settlement exposure.,Prioritize monitoring and local verification of the mapped exposed assets.,27.325565,88.59195
P2-026,36,P2,HIGH,SKM_06047,72.5,70.9,70.7,65.6,Shalambi,2 OSM road entities; 1 mapped settlement,2,1,[],False,Current Operational Risk Index 72.5/100 (HIGH). Exact GIS overlay identifies mapped road and/or settlement exposure.,Prioritize monitoring and local verification of the mapped exposed assets.,27.286761,88.813646
P2-027,37,P2,HIGH,SKM_06134,72.5,70.7,70.6,65.5,Unnamed OSM settlement,1 OSM road entity; 1 mapped settlement,1,1,[],False,Current Operational Risk Index 72.5/100 (HIGH). Exact GIS overlay identifies mapped road and/or settlement exposure.,Prioritize monitoring and local verification of the mapped exposed assets.,27.277868,88.8034
P2-028,38,P2,HIGH,SKM_06817,72.5,73.3,71.5,67.1,SH / Unnamed OSM road,12 OSM road entities,12,0,[],False,Current Operational Risk Index 72.5/100 (HIGH). Exact GIS overlay identifies mapped road and/or settlement exposure.,Prioritize monitoring and local verification of the mapped exposed assets.,27.20195,88.327712
P2-029,39,P2,HIGH,SKM_05273,72.4,70.5,70.4,65.4,NH310,1 OSM road entity,1,0,[],False,Current Operational Risk Index 72.4/100 (HIGH). Exact GIS overlay identifies mapped road and/or settlement exposure.,Prioritize monitoring and local verification of the mapped exposed assets.,27.368493,88.774539
P2-030,40,P2,HIGH,SKM_06456,72.4,70.1,69.4,64.4,NH 717A / SH2 · Gangtok - Assam - Pakyong Road / Unnamed OSM road,12 OSM road entities,12,0,[],False,Current Operational Risk Index 72.4/100 (HIGH). Exact GIS overlay identifies mapped road and/or settlement exposure.,Prioritize monitoring and local verification of the mapped exposed assets.,27.244112,88.610986
P2-031,41,P2,HIGH,SKM_07035,72.4,73.1,71.3,66.7,MDR / NH710 / Namchi Rock Garden Path,32 OSM road entities,32,0,[],False,Current Operational Risk Index 72.4/100 (HIGH). Exact GIS overlay identifies mapped road and/or settlement exposure.,Prioritize monitoring and local verification of the mapped exposed assets.,27.174386,88.377851
P2-032,42,P2,HIGH,SKM_07250,72.4,73.7,71.5,67.0,Unnamed OSM road,4 OSM road entities,4,0,[],False,Current Operational Risk Index 72.4/100 (HIGH). Exact GIS overlay identifies mapped road and/or settlement exposure.,Prioritize monitoring and local verification of the mapped exposed assets.,27.138083,88.397585
P2-033,43,P2,HIGH,SKM_06847,72.2,70.4,69.4,64.6,NH 717A / SH / Unnamed OSM road,4 OSM road entities,4,0,[],False,Current Operational Risk Index 72.2/100 (HIGH). Exact GIS overlay identifies mapped road and/or settlement exposure.,Prioritize monitoring and local verification of the mapped exposed assets.,27.198755,88.630523
P2-034,44,P2,HIGH,SKM_06828,72.1,71.9,70.5,65.8,Unnamed OSM road,19 OSM road entities,19,0,[],False,Current Operational Risk Index 72.1/100 (HIGH). Exact GIS overlay identifies mapped road and/or settlement exposure.,Prioritize monitoring and local verification of the mapped exposed assets.,27.200855,88.438749
P2-035,45,P2,HIGH,SKM_07129,72.1,73.5,71.2,66.9,Unnamed OSM road,31 OSM road entities,31,0,[],False,Current Operational Risk Index 72.1/100 (HIGH). Exact GIS overlay identifies mapped road and/or settlement exposure.,Prioritize monitoring and local verification of the mapped exposed assets.,27.158171,88.175817
P2-036,46,P2,HIGH,SKM_05341,72.0,68.7,68.8,63.7,Burtuk / NH310 / NH310 · Lower Burtuk Road,22 OSM road entities,22,0,[],False,Current Operational Risk Index 72.0/100 (HIGH). Exact GIS overlay identifies mapped road and/or settlement exposure.,Prioritize monitoring and local verification of the mapped exposed assets.,27.361315,88.622789
P2-037,47,P2,HIGH,SKM_05189,71.9,70.0,69.9,65.0,NH310 / Unnamed OSM road,3 OSM road entities,3,0,[],False,Current Operational Risk Index 71.9/100 (HIGH). Exact GIS overlay identifies mapped road and/or settlement exposure.,Prioritize monitoring and local verification of the mapped exposed assets.,27.377645,88.764574
P2-038,48,P2,HIGH,SKM_06833,71.9,71.0,69.7,64.9,NH10 · RANGPO-GANGTOK Rd / Unnamed OSM road,24 OSM road entities,24,0,[],False,Current Operational Risk Index 71.9/100 (HIGH). Exact GIS overlay identifies mapped road and/or settlement exposure.,Prioritize monitoring and local verification of the mapped exposed assets.,27.200327,88.489217
P2-039,49,P2,HIGH,SKM_05340,71.8,68.4,68.5,63.4,NH310 / NH310 · Lower Burtuk Road / Unnamed OSM road,7 OSM road entities,7,0,[],False,Current Operational Risk Index 71.8/100 (HIGH). Exact GIS overlay identifies mapped road and/or settlement exposure.,Prioritize monitoring and local verification of the mapped exposed assets.,27.361432,88.612681
P2-040,50,P2,HIGH,SKM_06776,71.8,69.6,68.7,63.9,SH / Unnamed OSM road,6 OSM road entities,6,0,[],False,Current Operational Risk Index 71.8/100 (HIGH). Exact GIS overlay identifies mapped road and/or settlement exposure.,Prioritize monitoring and local verification of the mapped exposed assets.,27.207424,88.660934
P2-041,51,P2,HIGH,SKM_06096,71.7,69.6,69.0,64.1,MDR / Unnamed OSM road,17 OSM road entities,17,0,[],False,Current Operational Risk Index 71.7/100 (HIGH). Exact GIS overlay identifies mapped road and/or settlement exposure.,Prioritize monitoring and local verification of the mapped exposed assets.,27.28229,88.419591
P2-042,52,P2,HIGH,SKM_06525,71.7,69.8,69.0,64.1,NH10 / Unnamed OSM road,3 OSM road entities,3,0,[],False,Current Operational Risk Index 71.7/100 (HIGH). Exact GIS overlay identifies mapped road and/or settlement exposure.,Prioritize monitoring and local verification of the mapped exposed assets.,27.236212,88.509891
P2-043,53,P2,HIGH,SKM_06244,71.6,72.8,70.3,66.7,Unnamed OSM road,8 OSM road entities,8,0,[],False,Current Operational Risk Index 71.6/100 (HIGH). Exact GIS overlay identifies mapped road and/or settlement exposure.,Prioritize monitoring and local verification of the mapped exposed assets.,27.266822,88.13655
P2-044,54,P2,HIGH,SKM_07036,71.6,72.3,70.4,65.9,MDR / Unnamed OSM road,12 OSM road entities,12,0,[],False,Current Operational Risk Index 71.6/100 (HIGH). Exact GIS overlay identifies mapped road and/or settlement exposure.,Prioritize monitoring and local verification of the mapped exposed assets.,27.174286,88.387943
P2-045,55,P2,HIGH,SKM_05759,71.5,68.3,68.2,63.2,Unnamed OSM road,13 OSM road entities,13,0,[],False,Current Operational Risk Index 71.5/100 (HIGH). Exact GIS overlay identifies mapped road and/or settlement exposure.,Prioritize monitoring and local verification of the mapped exposed assets.,27.316882,88.56151
P2-046,56,P2,HIGH,SKM_06308,71.5,69.4,69.3,64.1,NH 717B · Jelep Pass Highway,1 OSM road entity,1,0,[],False,Current Operational Risk Index 71.5/100 (HIGH). Exact GIS overlay identifies mapped road and/or settlement exposure.,Prioritize monitoring and local verification of the mapped exposed assets.,27.260079,88.782914
P2-047,57,P2,HIGH,SKM_05183,71.4,68.9,69.1,63.9,NH310,1 OSM road entity,1,0,[],False,Current Operational Risk Index 71.4/100 (HIGH). Exact GIS overlay identifies mapped road and/or settlement exposure.,Prioritize monitoring and local verification of the mapped exposed assets.,27.378399,88.703924
P2-048,58,P2,HIGH,SKM_06393,71.4,69.3,69.3,64.1,NH 717B · Jelep Pass Highway / Unnamed OSM road,2 OSM road entities,2,0,[],False,Current Operational Risk Index 71.4/100 (HIGH). Exact GIS overlay identifies mapped road and/or settlement exposure.,Prioritize monitoring and local verification of the mapped exposed assets.,27.251055,88.78277
P2-049,59,P2,HIGH,SKM_06457,71.4,68.9,68.3,63.3,Unnamed OSM road,4 OSM road entities,4,0,[],False,Current Operational Risk Index 71.4/100 (HIGH). Exact GIS overlay identifies mapped road and/or settlement exposure.,Prioritize monitoring and local verification of the mapped exposed assets.,27.243995,88.621083
P2-050,60,P2,HIGH,SKM_06309,71.3,69.3,69.3,64.1,NH 717B · Jelep Pass Highway / Unnamed OSM road,2 OSM road entities,2,0,[],False,Current Operational Risk Index 71.3/100 (HIGH). Exact GIS overlay identifies mapped road and/or settlement exposure.,Prioritize monitoring and local verification of the mapped exposed assets.,27.25995,88.793011
P2-051,61,P2,HIGH,SKM_06979,71.3,70.8,69.3,64.6,Majitar Railway Station Rd / NH10 / NH10 · RANGPO-GANGTOK Rd,12 OSM road entities,12,0,[],False,Current Operational Risk Index 71.3/100 (HIGH). Exact GIS overlay identifies mapped road and/or settlement exposure.,Prioritize monitoring and local verification of the mapped exposed assets.,27.182061,88.509162
P2-052,62,P2,HIGH,SKM_06443,71.1,69.1,68.5,63.6,NH510 / NH510 · Sirwani Bridge / SH,14 OSM road entities,14,0,[],False,Current Operational Risk Index 71.1/100 (HIGH). Exact GIS overlay identifies mapped road and/or settlement exposure.,Prioritize monitoring and local verification of the mapped exposed assets.,27.245561,88.47972
P2-053,63,P2,HIGH,SKM_05185,71.0,68.8,68.9,63.8,NH310 / Unnamed OSM road,4 OSM road entities,4,0,[],False,Current Operational Risk Index 71.0/100 (HIGH). Exact GIS overlay identifies mapped road and/or settlement exposure.,Prioritize monitoring and local verification of the mapped exposed assets.,27.378151,88.724141
P2-054,64,P2,HIGH,SKM_06669,71.0,71.1,69.5,65.1,Unnamed OSM road,11 OSM road entities,11,0,[],False,Current Operational Risk Index 71.0/100 (HIGH). Exact GIS overlay identifies mapped road and/or settlement exposure.,Prioritize monitoring and local verification of the mapped exposed assets.,27.219614,88.36831
P2-055,65,P2,HIGH,SKM_05267,70.9,68.5,68.5,63.4,Kyangsala,8 OSM road entities; 1 mapped settlement,8,1,[],False,Current Operational Risk Index 70.9/100 (HIGH). Exact GIS overlay identifies mapped road and/or settlement exposure.,Prioritize monitoring and local verification of the mapped exposed assets.,27.369251,88.713893
P2-056,66,P2,HIGH,SKM_05275,70.9,69.3,69.0,64.2,NH310,1 OSM road entity,1,0,[],False,Current Operational Risk Index 70.9/100 (HIGH). Exact GIS overlay identifies mapped road and/or settlement exposure.,Prioritize monitoring and local verification of the mapped exposed assets.,27.368235,88.794753
P2-057,67,P2,HIGH,SKM_06025,70.9,68.2,67.9,62.8,NH 717A / NH10 / Unnamed OSM road,16 OSM road entities,16,0,[],False,Current Operational Risk Index 70.9/100 (HIGH). Exact GIS overlay identifies mapped road and/or settlement exposure.,Prioritize monitoring and local verification of the mapped exposed assets.,27.289466,88.591435
P2-058,68,P2,HIGH,SKM_06960,70.9,71.8,70.0,65.6,SH / Unnamed OSM road,14 OSM road entities,14,0,[],False,Current Operational Risk Index 70.9/100 (HIGH). Exact GIS overlay identifies mapped road and/or settlement exposure.,Prioritize monitoring and local verification of the mapped exposed assets.,27.183994,88.317406
P2-059,69,P2,HIGH,SKM_07042,70.9,71.6,69.6,65.0,MDR / Unnamed OSM road,19 OSM road entities,19,0,[],False,Current Operational Risk Index 70.9/100 (HIGH). Exact GIS overlay identifies mapped road and/or settlement exposure.,Prioritize monitoring and local verification of the mapped exposed assets.,27.173674,88.448493
P2-060,70,P2,HIGH,SKM_05590,70.8,67.5,67.5,62.3,Baluakhani / Bhanu Path / Jiwan Theeng Marg,103 OSM road entities,103,0,[],False,Current Operational Risk Index 70.8/100 (HIGH). Exact GIS overlay identifies mapped road and/or settlement exposure.,Prioritize monitoring and local verification of the mapped exposed assets.,27.334358,88.612289
P2-061,71,P2,HIGH,SKM_06065,70.8,71.5,69.1,65.6,Unnamed OSM road,10 OSM road entities,10,0,[],False,Current Operational Risk Index 70.8/100 (HIGH). Exact GIS overlay identifies mapped road and/or settlement exposure.,Prioritize monitoring and local verification of the mapped exposed assets.,27.285118,88.106426
P2-062,72,P2,HIGH,SKM_07158,70.8,71.8,69.6,65.0,Unnamed OSM road,11 OSM road entities,11,0,[],False,Current Operational Risk Index 70.8/100 (HIGH). Exact GIS overlay identifies mapped road and/or settlement exposure.,Prioritize monitoring and local verification of the mapped exposed assets.,27.155413,88.468439
P2-063,73,P2,HIGH,SKM_05827,70.7,69.5,68.7,64.0,MDR / Unnamed OSM road,36 OSM road entities,36,0,[],False,Current Operational Risk Index 70.7/100 (HIGH). Exact GIS overlay identifies mapped road and/or settlement exposure.,Prioritize monitoring and local verification of the mapped exposed assets.,27.30987,88.369416
P2-064,74,P2,HIGH,SKM_06916,70.7,69.3,68.1,63.4,Unnamed OSM road,1 OSM road entity,1,0,[],False,Current Operational Risk Index 70.7/100 (HIGH). Exact GIS overlay identifies mapped road and/or settlement exposure.,Prioritize monitoring and local verification of the mapped exposed assets.,27.190079,88.600115
P2-065,75,P2,HIGH,SKM_07150,70.7,71.7,69.7,65.2,MDR,1 OSM road entity,1,0,[],False,Current Operational Risk Index 70.7/100 (HIGH). Exact GIS overlay identifies mapped road and/or settlement exposure.,Prioritize monitoring and local verification of the mapped exposed assets.,27.156235,88.38772
P2-066,76,P2,HIGH,SKM_06368,70.6,68.6,68.0,63.0,NH10 / Unnamed OSM road,12 OSM road entities,12,0,[],False,Current Operational Risk Index 70.6/100 (HIGH). Exact GIS overlay identifies mapped road and/or settlement exposure.,Prioritize monitoring and local verification of the mapped exposed assets.,27.254043,88.530332
P2-067,77,P2,HIGH,SKM_07105,70.5,70.8,68.9,64.3,Unnamed OSM road,4 OSM road entities,4,0,[],False,Current Operational Risk Index 70.5/100 (HIGH). Exact GIS overlay identifies mapped road and/or settlement exposure.,Prioritize monitoring and local verification of the mapped exposed assets.,27.164226,88.488738
P2-068,78,P2,HIGH,SKM_07288,70.5,71.5,69.8,65.1,SH / Unnamed OSM road,5 OSM road entities,5,0,[],False,Current Operational Risk Index 70.5/100 (HIGH). Exact GIS overlay identifies mapped road and/or settlement exposure.,Prioritize monitoring and local verification of the mapped exposed assets.,27.129838,88.31677
P2-069,79,P2,HIGH,SKM_06447,70.4,68.4,67.7,62.8,NH10 / Unnamed OSM road,4 OSM road entities,4,0,[],False,Current Operational Risk Index 70.4/100 (HIGH). Exact GIS overlay identifies mapped road and/or settlement exposure.,Prioritize monitoring and local verification of the mapped exposed assets.,27.245128,88.520111
P2-070,80,P2,HIGH,SKM_06778,70.4,68.2,67.4,62.5,NH 717B · Jelep Pass Highway / SH / Unnamed OSM road,4 OSM road entities,4,0,[],False,Current Operational Risk Index 70.4/100 (HIGH). Exact GIS overlay identifies mapped road and/or settlement exposure.,Prioritize monitoring and local verification of the mapped exposed assets.,27.207183,88.681121
P2-071,81,P2,HIGH,SKM_07037,70.4,71.1,69.2,64.7,MDR / Unnamed OSM road,15 OSM road entities,15,0,[],False,Current Operational Risk Index 70.4/100 (HIGH). Exact GIS overlay identifies mapped road and/or settlement exposure.,Prioritize monitoring and local verification of the mapped exposed assets.,27.174186,88.398035
P2-072,82,P2,HIGH,SKM_05423,70.2,66.8,66.8,61.7,Unnamed OSM road,21 OSM road entities,21,0,[],False,Current Operational Risk Index 70.2/100 (HIGH). Exact GIS overlay identifies mapped road and/or settlement exposure.,Prioritize monitoring and local verification of the mapped exposed assets.,27.352524,88.602444
P2-073,83,P2,HIGH,SKM_06109,70.2,67.5,67.0,62.0,SH1 · Rannipool - Rumtek - Sirwani Road / Unnamed OSM road,2 OSM road entities,2,0,[],False,Current Operational Risk Index 70.2/100 (HIGH). Exact GIS overlay identifies mapped road and/or settlement exposure.,Prioritize monitoring and local verification of the mapped exposed assets.,27.280895,88.550904
P2-074,84,P2,HIGH,SKM_06537,70.2,67.7,67.1,62.1,Unnamed OSM road,2 OSM road entities,2,0,[],False,Current Operational Risk Index 70.2/100 (HIGH). Exact GIS overlay identifies mapped road and/or settlement exposure.,Prioritize monitoring and local verification of the mapped exposed assets.,27.234853,88.631048
P2-075,85,P2,HIGH,SKM_07134,70.2,71.6,69.7,65.0,Unnamed OSM road,9 OSM road entities,9,0,[],False,Current Operational Risk Index 70.2/100 (HIGH). Exact GIS overlay identifies mapped road and/or settlement exposure.,Prioritize monitoring and local verification of the mapped exposed assets.,27.157739,88.226272
P2-076,86,P2,HIGH,SKM_05677,70.1,66.8,66.8,61.6,Gangtok,98 OSM road entities; 1 mapped settlement,98,1,[],False,Current Operational Risk Index 70.1/100 (HIGH). Exact GIS overlay identifies mapped road and/or settlement exposure.,Prioritize monitoring and local verification of the mapped exposed assets.,27.325333,88.612158
P2-077,87,P2,HIGH,SKM_06413,70.1,71.7,69.1,65.5,Unnamed OSM road,11 OSM road entities,11,0,[],False,Current Operational Risk Index 70.1/100 (HIGH). Exact GIS overlay identifies mapped road and/or settlement exposure.,Prioritize monitoring and local verification of the mapped exposed assets.,27.248435,88.176764
P2-078,88,P2,HIGH,SKM_06442,70.1,68.2,67.5,62.6,NH510 / SH / Unnamed OSM road,18 OSM road entities,18,0,[],False,Current Operational Risk Index 70.1/100 (HIGH). Exact GIS overlay identifies mapped road and/or settlement exposure.,Prioritize monitoring and local verification of the mapped exposed assets.,27.245667,88.469622
P2-079,89,P2,HIGH,SKM_07146,70.1,71.0,69.2,64.6,NH710 / ODR / Unnamed OSM road,15 OSM road entities,15,0,[],False,Current Operational Risk Index 70.1/100 (HIGH). Exact GIS overlay identifies mapped road and/or settlement exposure.,Prioritize monitoring and local verification of the mapped exposed assets.,27.156628,88.347359
P2-080,90,P2,HIGH,SKM_06285,70.0,67.9,67.2,62.3,NH10 / Unnamed OSM road,4 OSM road entities,4,0,[],False,Current Operational Risk Index 70.0/100 (HIGH). Exact GIS overlay identifies mapped road and/or settlement exposure.,Prioritize monitoring and local verification of the mapped exposed assets.,27.262846,88.550653
P2-081,91,P2,HIGH,SKM_07295,70.0,71.3,69.2,64.6,Unnamed OSM road,12 OSM road entities,12,0,[],False,Current Operational Risk Index 70.0/100 (HIGH). Exact GIS overlay identifies mapped road and/or settlement exposure.,Prioritize monitoring and local verification of the mapped exposed assets.,27.129158,88.387385
P2-082,92,P2,HIGH,SKM_07189,69.9,70.8,69.2,64.5,SH / Unnamed OSM road,10 OSM road entities,10,0,[],False,Current Operational Risk Index 69.9/100 (HIGH). Exact GIS overlay identifies mapped road and/or settlement exposure.,Prioritize monitoring and local verification of the mapped exposed assets.,27.148263,88.276623
P2-083,93,P2,HIGH,SKM_05960,69.8,68.5,68.3,63.3,Gipmochi Highway / Unnamed OSM road,10 OSM road entities,10,0,[],False,Current Operational Risk Index 69.8/100 (HIGH). Exact GIS overlay identifies mapped road and/or settlement exposure.,Prioritize monitoring and local verification of the mapped exposed assets.,27.295653,88.823893
P2-084,94,P2,HIGH,SKM_02483,69.6,71.0,71.9,66.6,Chatten,5 OSM road entities; 1 mapped settlement,5,1,[],False,Current Operational Risk Index 69.6/100 (HIGH). Exact GIS overlay identifies mapped road and/or settlement exposure.,Prioritize monitoring and local verification of the mapped exposed assets.,27.714077,88.556988
P2-085,95,P2,HIGH,SKM_03263,69.6,68.7,68.9,64.5,NH310AG · North Sikkim Highway / Unnamed OSM road,3 OSM road entities,3,0,[],False,Current Operational Risk Index 69.6/100 (HIGH). Exact GIS overlay identifies mapped road and/or settlement exposure.,Prioritize monitoring and local verification of the mapped exposed assets.,27.613996,88.626498
P2-086,96,P2,HIGH,SKM_06114,69.6,67.1,66.5,61.5,NH 717A / Unnamed OSM road,8 OSM road entities,8,0,[],False,Current Operational Risk Index 69.6/100 (HIGH). Exact GIS overlay identifies mapped road and/or settlement exposure.,Prioritize monitoring and local verification of the mapped exposed assets.,27.280326,88.601406
P2-087,97,P2,HIGH,SKM_06355,69.6,68.6,67.6,62.9,SH / Unnamed OSM road,9 OSM road entities,9,0,[],False,Current Operational Risk Index 69.6/100 (HIGH). Exact GIS overlay identifies mapped road and/or settlement exposure.,Prioritize monitoring and local verification of the mapped exposed assets.,27.255417,88.399049
P2-088,98,P2,HIGH,SKM_06369,69.6,67.6,66.9,62.0,NH10 / Unnamed OSM road,7 OSM road entities,7,0,[],False,Current Operational Risk Index 69.6/100 (HIGH). Exact GIS overlay identifies mapped road and/or settlement exposure.,Prioritize monitoring and local verification of the mapped exposed assets.,27.253932,88.54043
P2-089,99,P2,HIGH,SKM_07156,69.6,70.8,68.6,64.0,MDR / Unnamed OSM road,9 OSM road entities,9,0,[],False,Current Operational Risk Index 69.6/100 (HIGH). Exact GIS overlay identifies mapped road and/or settlement exposure.,Prioritize monitoring and local verification of the mapped exposed assets.,27.155623,88.44826
P2-090,100,P2,HIGH,SKM_06286,69.5,67.4,66.7,61.7,NH10 / Unnamed OSM road,9 OSM road entities,9,0,[],False,Current Operational Risk Index 69.5/100 (HIGH). Exact GIS overlay identifies mapped road and/or settlement exposure.,Prioritize monitoring and local verification of the mapped exposed assets.,27.262733,88.560752
P2-091,101,P2,HIGH,SKM_06743,69.5,70.3,68.4,64.1,SH / Unnamed OSM road,8 OSM road entities,8,0,[],False,Current Operational Risk Index 69.5/100 (HIGH). Exact GIS overlay identifies mapped road and/or settlement exposure.,Prioritize monitoring and local verification of the mapped exposed assets.,27.210976,88.327819
P2-092,102,P2,HIGH,SKM_06185,69.4,67.3,66.7,61.8,MDR / Unnamed OSM road,24 OSM road entities,24,0,[],False,Current Operational Risk Index 69.4/100 (HIGH). Exact GIS overlay identifies mapped road and/or settlement exposure.,Prioritize monitoring and local verification of the mapped exposed assets.,27.273162,88.429577
P2-093,103,P2,HIGH,SKM_07152,69.4,70.5,68.4,63.8,MDR / Unnamed OSM road,10 OSM road entities,10,0,[],False,Current Operational Risk Index 69.4/100 (HIGH). Exact GIS overlay identifies mapped road and/or settlement exposure.,Prioritize monitoring and local verification of the mapped exposed assets.,27.156034,88.4079
P2-094,104,P2,HIGH,SKM_07316,69.3,70.3,68.8,63.9,Unnamed OSM road,3 OSM road entities,3,0,[],False,Current Operational Risk Index 69.3/100 (HIGH). Exact GIS overlay identifies mapped road and/or settlement exposure.,Prioritize monitoring and local verification of the mapped exposed assets.,27.121545,88.235965
P2-095,105,P2,HIGH,SKM_03192,69.2,68.5,68.6,64.3,NH310AG · North Sikkim Highway / Unnamed OSM road,3 OSM road entities,3,0,[],False,Current Operational Risk Index 69.2/100 (HIGH). Exact GIS overlay identifies mapped road and/or settlement exposure.,Prioritize monitoring and local verification of the mapped exposed assets.,27.623138,88.6165
P2-096,106,P2,HIGH,SKM_05264,69.2,66.5,66.6,61.4,NH310,1 OSM road entity,1,0,[],False,Current Operational Risk Index 69.2/100 (HIGH). Exact GIS overlay identifies mapped road and/or settlement exposure.,Prioritize monitoring and local verification of the mapped exposed assets.,27.369621,88.683569
P2-097,107,P2,HIGH,SKM_05665,69.2,66.6,66.2,61.3,SH / Unnamed OSM road,2 OSM road entities,2,0,[],False,Current Operational Risk Index 69.2/100 (HIGH). Exact GIS overlay identifies mapped road and/or settlement exposure.,Prioritize monitoring and local verification of the mapped exposed assets.,27.32668,88.490902
P2-098,108,P2,HIGH,SKM_07081,69.1,70.6,68.6,64.0,Unnamed OSM road,19 OSM road entities,19,0,[],False,Current Operational Risk Index 69.1/100 (HIGH). Exact GIS overlay identifies mapped road and/or settlement exposure.,Prioritize monitoring and local verification of the mapped exposed assets.,27.166587,88.246554
P2-099,109,P2,HIGH,SKM_05745,69.0,66.8,66.2,61.3,Unnamed OSM road,19 OSM road entities,19,0,[],False,Current Operational Risk Index 69.0/100 (HIGH). Exact GIS overlay identifies mapped road and/or settlement exposure.,Prioritize monitoring and local verification of the mapped exposed assets.,27.318392,88.420051
P2-100,110,P2,HIGH,SKM_04926,68.9,64.1,64.1,59.4,Phidang Check-post / SH / Unnamed OSM road,8 OSM road entities,8,0,[],False,Current Operational Risk Index 68.9/100 (HIGH). Exact GIS overlay identifies mapped road and/or settlement exposure.,Prioritize monitoring and local verification of the mapped exposed assets.,27.407688,88.512216
P2-101,111,P2,HIGH,SKM_05506,68.9,65.5,65.5,60.5,NH10 / NH310 · Lower Burtuk Road / Unnamed OSM road,45 OSM road entities,45,0,[],False,Current Operational Risk Index 68.9/100 (HIGH). Exact GIS overlay identifies mapped road and/or settlement exposure.,Prioritize monitoring and local verification of the mapped exposed assets.,27.343499,88.602314
P2-102,112,P2,HIGH,SKM_06245,68.9,70.3,67.7,64.1,Unnamed OSM road,10 OSM road entities,10,0,[],False,Current Operational Risk Index 68.9/100 (HIGH). Exact GIS overlay identifies mapped road and/or settlement exposure.,Prioritize monitoring and local verification of the mapped exposed assets.,27.266739,88.146651
P2-103,113,P2,HIGH,SKM_05191,68.8,67.2,67.1,62.2,Theagu,1 OSM road entity; 1 mapped settlement,1,1,[],False,Current Operational Risk Index 68.8/100 (HIGH). Exact GIS overlay identifies mapped road and/or settlement exposure.,Prioritize monitoring and local verification of the mapped exposed assets.,27.377388,88.784791
P2-104,114,P2,HIGH,SKM_05508,68.8,65.4,65.4,60.3,NH310 / Unnamed OSM road,20 OSM road entities,20,0,[],False,Current Operational Risk Index 68.8/100 (HIGH). Exact GIS overlay identifies mapped road and/or settlement exposure.,Prioritize monitoring and local verification of the mapped exposed assets.,27.343266,88.622526
P2-105,115,P2,HIGH,SKM_03481,68.6,67.4,68.0,63.3,NH310A · North Sikkim Highway / Unnamed OSM road,9 OSM road entities,9,0,[],False,Current Operational Risk Index 68.6/100 (HIGH). Exact GIS overlay identifies mapped road and/or settlement exposure.,Prioritize monitoring and local verification of the mapped exposed assets.,27.586564,88.656482
P2-106,116,P2,HIGH,SKM_05594,68.6,65.3,65.2,60.0,SH2 · Gangtok - Assam - Pakyong Road / Unnamed OSM road,10 OSM road entities,10,0,[],False,Current Operational Risk Index 68.6/100 (HIGH). Exact GIS overlay identifies mapped road and/or settlement exposure.,Prioritize monitoring and local verification of the mapped exposed assets.,27.333886,88.652709
P2-107,117,P2,HIGH,SKM_06777,68.6,66.3,65.5,60.6,SH / Unnamed OSM road,5 OSM road entities,5,0,[],False,Current Operational Risk Index 68.6/100 (HIGH). Exact GIS overlay identifies mapped road and/or settlement exposure.,Prioritize monitoring and local verification of the mapped exposed assets.,27.207304,88.671028
P2-108,118,P2,HIGH,SKM_05424,68.5,65.1,65.2,60.1,Burtuk / NH310 · Lower Burtuk Road / Unnamed OSM road,15 OSM road entities,15,0,[],False,Current Operational Risk Index 68.5/100 (HIGH). Exact GIS overlay identifies mapped road and/or settlement exposure.,Prioritize monitoring and local verification of the mapped exposed assets.,27.352407,88.61255
P2-109,119,P2,HIGH,SKM_05471,68.5,70.0,68.1,64.2,Unnamed OSM road,10 OSM road entities,10,0,[],False,Current Operational Risk Index 68.5/100 (HIGH). Exact GIS overlay identifies mapped road and/or settlement exposure.,Prioritize monitoring and local verification of the mapped exposed assets.,27.34711,88.248568
P2-110,120,P2,HIGH,SKM_06626,68.5,66.0,65.9,60.8,NH 717B · Jelep Pass Highway / Unnamed OSM road,5 OSM road entities,5,0,[],False,Current Operational Risk Index 68.5/100 (HIGH). Exact GIS overlay identifies mapped road and/or settlement exposure.,Prioritize monitoring and local verification of the mapped exposed assets.,27.224617,88.731866
P2-111,121,P2,HIGH,SKM_06754,68.4,67.9,66.6,61.8,Unnamed OSM road,9 OSM road entities,9,0,[],False,Current Operational Risk Index 68.4/100 (HIGH). Exact GIS overlay identifies mapped road and/or settlement exposure.,Prioritize monitoring and local verification of the mapped exposed assets.,27.20988,88.438864
P2-112,122,P2,HIGH,SKM_04861,68.3,65.1,65.7,60.5,NH310A · North Sikkim Highway,1 OSM road entity,1,0,[],False,Current Operational Risk Index 68.3/100 (HIGH). Exact GIS overlay identifies mapped road and/or settlement exposure.,Prioritize monitoring and local verification of the mapped exposed assets.,27.415461,88.623579
P2-113,123,P2,HIGH,SKM_06591,68.3,68.2,66.7,62.2,NH510 / Unnamed OSM road,8 OSM road entities,8,0,[],False,Current Operational Risk Index 68.3/100 (HIGH). Exact GIS overlay identifies mapped road and/or settlement exposure.,Prioritize monitoring and local verification of the mapped exposed assets.,27.22854,88.378517
P2-114,124,P2,HIGH,SKM_06912,68.3,67.2,65.9,61.2,Unnamed OSM road,1 OSM road entity,1,0,[],False,Current Operational Risk Index 68.3/100 (HIGH). Exact GIS overlay identifies mapped road and/or settlement exposure.,Prioritize monitoring and local verification of the mapped exposed assets.,27.190534,88.559746
P2-115,125,P2,HIGH,SKM_07245,68.3,69.4,67.5,62.9,NH710 / Unnamed OSM road,8 OSM road entities,8,0,[],False,Current Operational Risk Index 68.3/100 (HIGH). Exact GIS overlay identifies mapped road and/or settlement exposure.,Prioritize monitoring and local verification of the mapped exposed assets.,27.138577,88.347142
P2-116,126,P2,HIGH,SKM_06384,68.2,65.0,64.7,59.5,Unnamed OSM road,6 OSM road entities,6,0,[],False,Current Operational Risk Index 68.2/100 (HIGH). Exact GIS overlay identifies mapped road and/or settlement exposure.,Prioritize monitoring and local verification of the mapped exposed assets.,27.252183,88.691897
P2-117,127,P2,HIGH,SKM_07139,68.2,69.2,67.5,62.9,Unnamed OSM road,2 OSM road entities,2,0,[],False,Current Operational Risk Index 68.2/100 (HIGH). Exact GIS overlay identifies mapped road and/or settlement exposure.,Prioritize monitoring and local verification of the mapped exposed assets.,27.157289,88.276726
P2-118,128,P2,HIGH,SKM_07315,68.1,69.2,67.7,62.8,Unnamed OSM road,9 OSM road entities,9,0,[],False,Current Operational Risk Index 68.1/100 (HIGH). Exact GIS overlay identifies mapped road and/or settlement exposure.,Prioritize monitoring and local verification of the mapped exposed assets.,27.121634,88.225878
P2-119,129,P2,HIGH,SKM_03123,68.0,67.4,67.5,63.2,NH310AG · North Sikkim Highway / Unnamed OSM road,5 OSM road entities,5,0,[],False,Current Operational Risk Index 68.0/100 (HIGH). Exact GIS overlay identifies mapped road and/or settlement exposure.,Prioritize monitoring and local verification of the mapped exposed assets.,27.632162,88.616632
P2-120,130,P2,HIGH,SKM_05015,68.0,64.8,65.1,60.0,NH310A · North Sikkim Highway / Unnamed OSM road,2 OSM road entities,2,0,[],False,Current Operational Risk Index 68.0/100 (HIGH). Exact GIS overlay identifies mapped road and/or settlement exposure.,Prioritize monitoring and local verification of the mapped exposed assets.,27.397412,88.623316
P2-121,131,P2,HIGH,SKM_07154,68.0,69.1,67.0,62.5,MDR / Unnamed OSM road,4 OSM road entities,4,0,[],False,Current Operational Risk Index 68.0/100 (HIGH). Exact GIS overlay identifies mapped road and/or settlement exposure.,Prioritize monitoring and local verification of the mapped exposed assets.,27.15583,88.42808
P2-122,132,P2,HIGH,SKM_07163,68.0,68.3,66.4,61.8,Unnamed OSM road,4 OSM road entities,4,0,[],False,Current Operational Risk Index 68.0/100 (HIGH). Exact GIS overlay identifies mapped road and/or settlement exposure.,Prioritize monitoring and local verification of the mapped exposed assets.,27.154876,88.518887
P2-123,133,P2,HIGH,SKM_06779,67.9,65.4,64.8,59.9,SH / Unnamed OSM road,6 OSM road entities,6,0,[],False,Current Operational Risk Index 67.9/100 (HIGH). Exact GIS overlay identifies mapped road and/or settlement exposure.,Prioritize monitoring and local verification of the mapped exposed assets.,27.207061,88.691215
P2-124,134,P2,HIGH,SKM_05390,67.8,68.6,67.2,62.9,Unnamed OSM road,2 OSM road entities,2,0,[],False,Current Operational Risk Index 67.8/100 (HIGH). Exact GIS overlay identifies mapped road and/or settlement exposure.,Prioritize monitoring and local verification of the mapped exposed assets.,27.355953,88.268887
P2-125,135,P2,HIGH,SKM_06370,67.8,65.8,65.1,60.1,NH10 / Unnamed OSM road,3 OSM road entities,3,0,[],False,Current Operational Risk Index 67.8/100 (HIGH). Exact GIS overlay identifies mapped road and/or settlement exposure.,Prioritize monitoring and local verification of the mapped exposed assets.,27.253821,88.550528
P2-126,136,P2,HIGH,SKM_07141,67.8,68.8,67.1,62.5,Unnamed OSM road,16 OSM road entities,16,0,[],False,Current Operational Risk Index 67.8/100 (HIGH). Exact GIS overlay identifies mapped road and/or settlement exposure.,Prioritize monitoring and local verification of the mapped exposed assets.,27.157104,88.296907
P2-127,137,P2,HIGH,SKM_06889,67.7,68.5,66.7,62.3,SH / Unnamed OSM road,10 OSM road entities,10,0,[],False,Current Operational Risk Index 67.7/100 (HIGH). Exact GIS overlay identifies mapped road and/or settlement exposure.,Prioritize monitoring and local verification of the mapped exposed assets.,27.192924,88.327605
P2-128,138,P2,HIGH,SKM_07098,67.7,68.6,66.6,62.0,MDR / Unnamed OSM road,15 OSM road entities,15,0,[],False,Current Operational Risk Index 67.7/100 (HIGH). Exact GIS overlay identifies mapped road and/or settlement exposure.,Prioritize monitoring and local verification of the mapped exposed assets.,27.164958,88.418104
P2-129,139,P2,HIGH,SKM_05263,67.5,64.3,64.5,59.3,NH310 / Unnamed OSM road,3 OSM road entities,3,0,[],False,Current Operational Risk Index 67.5/100 (HIGH). Exact GIS overlay identifies mapped road and/or settlement exposure.,Prioritize monitoring and local verification of the mapped exposed assets.,27.369742,88.673461
P2-130,140,P2,HIGH,SKM_05362,67.5,66.3,65.8,61.1,NH 717B / Unnamed OSM road,3 OSM road entities,3,0,[],False,Current Operational Risk Index 67.5/100 (HIGH). Exact GIS overlay identifies mapped road and/or settlement exposure.,Prioritize monitoring and local verification of the mapped exposed assets.,27.358686,88.835033
P2-131,141,P2,HIGH,SKM_07073,67.5,68.9,66.5,62.3,Unnamed OSM road,13 OSM road entities,13,0,[],False,Current Operational Risk Index 67.5/100 (HIGH). Exact GIS overlay identifies mapped road and/or settlement exposure.,Prioritize monitoring and local verification of the mapped exposed assets.,27.167282,88.165819
P2-132,142,P2,HIGH,SKM_07078,67.5,68.8,66.8,62.4,Unnamed OSM road,5 OSM road entities,5,0,[],False,Current Operational Risk Index 67.5/100 (HIGH). Exact GIS overlay identifies mapped road and/or settlement exposure.,Prioritize monitoring and local verification of the mapped exposed assets.,27.166853,88.216278
P2-133,143,P2,HIGH,SKM_07096,67.5,68.4,66.5,61.9,MDR / Unnamed OSM road,21 OSM road entities,21,0,[],False,Current Operational Risk Index 67.5/100 (HIGH). Exact GIS overlay identifies mapped road and/or settlement exposure.,Prioritize monitoring and local verification of the mapped exposed assets.,27.165161,88.397922
P2-134,144,P2,HIGH,SKM_07205,67.5,68.8,66.6,62.0,MDR / Unnamed OSM road,9 OSM road entities,9,0,[],False,Current Operational Risk Index 67.5/100 (HIGH). Exact GIS overlay identifies mapped road and/or settlement exposure.,Prioritize monitoring and local verification of the mapped exposed assets.,27.146701,88.438054
P2-135,145,P2,HIGH,SKM_07380,67.5,69.3,66.8,62.3,NH710,1 OSM road entity,1,0,[],False,Current Operational Risk Index 67.5/100 (HIGH). Exact GIS overlay identifies mapped road and/or settlement exposure.,Prioritize monitoring and local verification of the mapped exposed assets.,27.092854,88.407109
P2-136,146,P2,HIGH,SKM_05094,67.4,64.1,64.5,59.3,NH310A · North Sikkim Highway / Unnamed OSM road,2 OSM road entities,2,0,[],False,Current Operational Risk Index 67.4/100 (HIGH). Exact GIS overlay identifies mapped road and/or settlement exposure.,Prioritize monitoring and local verification of the mapped exposed assets.,27.38827,88.633294
P2-137,147,P2,HIGH,SKM_05190,67.3,65.6,65.5,60.6,Changgu,5 OSM road entities; 1 mapped settlement,5,1,[],False,Current Operational Risk Index 67.3/100 (HIGH). Exact GIS overlay identifies mapped road and/or settlement exposure.,Prioritize monitoring and local verification of the mapped exposed assets.,27.377517,88.774683
P2-138,148,P2,HIGH,SKM_05279,67.3,66.2,65.7,61.0,NH 717B / Unnamed OSM road,4 OSM road entities,4,0,[],False,Current Operational Risk Index 67.3/100 (HIGH). Exact GIS overlay identifies mapped road and/or settlement exposure.,Prioritize monitoring and local verification of the mapped exposed assets.,27.367709,88.835182
P2-139,149,P2,HIGH,SKM_03892,67.2,60.4,60.5,56.2,MDR / Unnamed OSM road,10 OSM road entities,10,0,[],False,Current Operational Risk Index 67.2/100 (HIGH). Exact GIS overlay identifies mapped road and/or settlement exposure.,Prioritize monitoring and local verification of the mapped exposed assets.,27.534254,88.493694
P2-140,150,P2,HIGH,SKM_05257,67.2,63.8,63.9,58.8,NH310 / NH310A · North Sikkim Highway / SH7 · Penlong - Samdong Road,16 OSM road entities,16,0,[],False,Current Operational Risk Index 67.2/100 (HIGH). Exact GIS overlay identifies mapped road and/or settlement exposure.,Prioritize monitoring and local verification of the mapped exposed assets.,27.370456,88.612812
P2-141,151,P2,HIGH,SKM_05638,67.2,68.9,66.6,62.9,MDR / Unnamed OSM road,4 OSM road entities,4,0,[],False,Current Operational Risk Index 67.2/100 (HIGH). Exact GIS overlay identifies mapped road and/or settlement exposure.,Prioritize monitoring and local verification of the mapped exposed assets.,27.329325,88.218047
P2-142,152,P2,HIGH,SKM_06376,67.2,64.8,64.1,59.2,NH 717A / SH2 · Gangtok - Assam - Pakyong Road,2 OSM road entities,2,0,[],False,Current Operational Risk Index 67.2/100 (HIGH). Exact GIS overlay identifies mapped road and/or settlement exposure.,Prioritize monitoring and local verification of the mapped exposed assets.,27.253136,88.611116
P2-143,153,P2,HIGH,SKM_06769,67.1,65.5,64.5,59.7,Unnamed OSM road,4 OSM road entities,4,0,[],False,Current Operational Risk Index 67.1/100 (HIGH). Exact GIS overlay identifies mapped road and/or settlement exposure.,Prioritize monitoring and local verification of the mapped exposed assets.,27.208243,88.590279
P2-144,154,P2,HIGH,SKM_07097,67.1,67.9,65.9,61.4,MDR / Unnamed OSM road,15 OSM road entities,15,0,[],False,Current Operational Risk Index 67.1/100 (HIGH). Exact GIS overlay identifies mapped road and/or settlement exposure.,Prioritize monitoring and local verification of the mapped exposed assets.,27.16506,88.408013
P2-145,155,P2,HIGH,SKM_07107,67.1,67.3,65.5,60.8,Unnamed OSM road,9 OSM road entities,9,0,[],False,Current Operational Risk Index 67.1/100 (HIGH). Exact GIS overlay identifies mapped road and/or settlement exposure.,Prioritize monitoring and local verification of the mapped exposed assets.,27.164011,88.508919
P2-146,156,P2,HIGH,SKM_07311,67.1,68.6,66.3,61.8,Unnamed OSM road,12 OSM road entities,12,0,[],False,Current Operational Risk Index 67.1/100 (HIGH). Exact GIS overlay identifies mapped road and/or settlement exposure.,Prioritize monitoring and local verification of the mapped exposed assets.,27.122232,88.155263
P2-147,157,P2,HIGH,SKM_06221,67.0,65.0,64.9,59.7,NH 717B · Jelep Pass Highway / Unnamed OSM road,3 OSM road entities,3,0,[],False,Current Operational Risk Index 67.0/100 (HIGH). Exact GIS overlay identifies mapped road and/or settlement exposure.,Prioritize monitoring and local verification of the mapped exposed assets.,27.268974,88.793156
P2-148,158,P2,HIGH,SKM_06385,66.8,63.7,63.4,58.2,Unnamed OSM road,4 OSM road entities,4,0,[],False,Current Operational Risk Index 66.8/100 (HIGH). Exact GIS overlay identifies mapped road and/or settlement exposure.,Prioritize monitoring and local verification of the mapped exposed assets.,27.252061,88.701994
P2-149,159,P2,HIGH,SKM_06522,66.8,65.0,64.2,59.3,Unnamed OSM road,12 OSM road entities,12,0,[],False,Current Operational Risk Index 66.8/100 (HIGH). Exact GIS overlay identifies mapped road and/or settlement exposure.,Prioritize monitoring and local verification of the mapped exposed assets.,27.236535,88.479601
P2-150,160,P2,HIGH,SKM_07102,66.8,67.5,65.5,60.9,Unnamed OSM road,7 OSM road entities,7,0,[],False,Current Operational Risk Index 66.8/100 (HIGH). Exact GIS overlay identifies mapped road and/or settlement exposure.,Prioritize monitoring and local verification of the mapped exposed assets.,27.164544,88.458467
P2-151,161,P2,HIGH,SKM_06653,66.7,68.3,65.8,62.1,Unnamed OSM road,25 OSM road entities,25,0,[],False,Current Operational Risk Index 66.7/100 (HIGH). Exact GIS overlay identifies mapped road and/or settlement exposure.,Prioritize monitoring and local verification of the mapped exposed assets.,27.221098,88.20677
P2-152,162,P2,HIGH,SKM_07121,66.7,68.6,65.5,61.3,Unnamed OSM road,6 OSM road entities,6,0,[],False,Current Operational Risk Index 66.7/100 (HIGH). Exact GIS overlay identifies mapped road and/or settlement exposure.,Prioritize monitoring and local verification of the mapped exposed assets.,27.158824,88.095086
P2-153,163,P2,HIGH,SKM_07301,66.7,68.4,65.9,61.4,MDR / Unnamed OSM road,7 OSM road entities,7,0,[],False,Current Operational Risk Index 66.7/100 (HIGH). Exact GIS overlay identifies mapped road and/or settlement exposure.,Prioritize monitoring and local verification of the mapped exposed assets.,27.128547,88.447911
P2-154,164,P2,HIGH,SKM_07149,66.6,67.5,65.6,61.1,MDR / Unnamed OSM road,10 OSM road entities,10,0,[],False,Current Operational Risk Index 66.6/100 (HIGH). Exact GIS overlay identifies mapped road and/or settlement exposure.,Prioritize monitoring and local verification of the mapped exposed assets.,27.156334,88.37763
P2-155,165,P2,HIGH,SKM_06524,66.5,64.6,63.9,59.0,Singtam,2 OSM road entities; 1 mapped settlement,2,1,[],False,Current Operational Risk Index 66.5/100 (HIGH). Exact GIS overlay identifies mapped road and/or settlement exposure.,Prioritize monitoring and local verification of the mapped exposed assets.,27.236321,88.499794
P2-156,166,P2,HIGH,SKM_03624,66.4,64.9,65.9,60.9,NH310A · North Sikkim Highway / Unnamed OSM road,3 OSM road entities,3,0,[],False,Current Operational Risk Index 66.4/100 (HIGH). Exact GIS overlay identifies mapped road and/or settlement exposure.,Prioritize monitoring and local verification of the mapped exposed assets.,27.568516,88.656211
P2-157,167,P2,HIGH,SKM_05242,66.4,63.0,62.5,57.8,Unnamed OSM road,17 OSM road entities,17,0,[],False,Current Operational Risk Index 66.4/100 (HIGH). Exact GIS overlay identifies mapped road and/or settlement exposure.,Prioritize monitoring and local verification of the mapped exposed assets.,27.372126,88.461179
P2-158,168,P2,HIGH,SKM_07034,66.4,67.1,65.3,60.8,NH710 / Unnamed OSM road,12 OSM road entities,12,0,[],False,Current Operational Risk Index 66.4/100 (HIGH). Exact GIS overlay identifies mapped road and/or settlement exposure.,Prioritize monitoring and local verification of the mapped exposed assets.,27.174485,88.36776
P2-159,169,P2,HIGH,SKM_06968,66.3,66.8,65.0,60.5,Unnamed OSM road,9 OSM road entities,9,0,[],False,Current Operational Risk Index 66.3/100 (HIGH). Exact GIS overlay identifies mapped road and/or settlement exposure.,Prioritize monitoring and local verification of the mapped exposed assets.,27.183212,88.398147
P2-160,170,P2,HIGH,SKM_06848,66.2,64.2,63.3,58.5,SH / Unnamed OSM road,4 OSM road entities,4,0,[],False,Current Operational Risk Index 66.2/100 (HIGH). Exact GIS overlay identifies mapped road and/or settlement exposure.,Prioritize monitoring and local verification of the mapped exposed assets.,27.198637,88.640615
P2-161,171,P2,HIGH,SKM_06181,66.0,65.1,64.0,59.3,Unnamed OSM road,12 OSM road entities,12,0,[],False,Current Operational Risk Index 66.0/100 (HIGH). Exact GIS overlay identifies mapped road and/or settlement exposure.,Prioritize monitoring and local verification of the mapped exposed assets.,27.273569,88.389175
P2-162,172,P2,HIGH,SKM_07046,66.0,66.0,64.3,59.6,Unnamed OSM road,7 OSM road entities,7,0,[],False,Current Operational Risk Index 66.0/100 (HIGH). Exact GIS overlay identifies mapped road and/or settlement exposure.,Prioritize monitoring and local verification of the mapped exposed assets.,27.173251,88.488858
P2-163,173,P2,HIGH,SKM_07093,66.0,66.8,65.0,60.4,Namchi,41 OSM road entities; 1 mapped settlement,41,1,[],False,Current Operational Risk Index 66.0/100 (HIGH). Exact GIS overlay identifies mapped road and/or settlement exposure.,Prioritize monitoring and local verification of the mapped exposed assets.,27.165459,88.36765
P2-164,174,P2,HIGH,SKM_07180,66.0,67.3,65.3,60.8,Unnamed OSM road,5 OSM road entities,5,0,[],False,Current Operational Risk Index 66.0/100 (HIGH). Exact GIS overlay identifies mapped road and/or settlement exposure.,Prioritize monitoring and local verification of the mapped exposed assets.,27.149059,88.185812
P2-165,175,P2,HIGH,SKM_07290,66.0,67.0,65.2,60.5,NH710 / Unnamed OSM road,7 OSM road entities,7,0,[],False,Current Operational Risk Index 66.0/100 (HIGH). Exact GIS overlay identifies mapped road and/or settlement exposure.,Prioritize monitoring and local verification of the mapped exposed assets.,27.129647,88.336946
P2-166,176,P2,HIGH,SKM_05473,65.9,67.3,65.5,61.4,Unnamed OSM road,3 OSM road entities,3,0,[],False,Current Operational Risk Index 65.9/100 (HIGH). Exact GIS overlay identifies mapped road and/or settlement exposure.,Prioritize monitoring and local verification of the mapped exposed assets.,27.346927,88.268784
P2-167,177,P2,HIGH,SKM_05663,65.9,63.3,62.9,58.0,Tanak Bridge / Unnamed OSM road,22 OSM road entities,22,0,[],False,Current Operational Risk Index 65.9/100 (HIGH). Exact GIS overlay identifies mapped road and/or settlement exposure.,Prioritize monitoring and local verification of the mapped exposed assets.,27.326894,88.470692
P2-168,178,P2,HIGH,SKM_06021,65.9,63.3,62.7,57.8,SH1 · Rannipool - Rumtek - Sirwani Road,1 OSM road entity,1,0,[],False,Current Operational Risk Index 65.9/100 (HIGH). Exact GIS overlay identifies mapped road and/or settlement exposure.,Prioritize monitoring and local verification of the mapped exposed assets.,27.28992,88.551029
P2-169,179,P2,HIGH,SKM_06331,65.9,67.4,64.9,61.2,Unnamed OSM road,14 OSM road entities,14,0,[],False,Current Operational Risk Index 65.9/100 (HIGH). Exact GIS overlay identifies mapped road and/or settlement exposure.,Prioritize monitoring and local verification of the mapped exposed assets.,27.25763,88.156659
P2-170,180,P2,HIGH,SKM_06381,65.9,62.8,62.5,57.3,Unnamed OSM settlement,10 OSM road entities; 1 mapped settlement,10,1,[],False,Current Operational Risk Index 65.9/100 (HIGH). Exact GIS overlay identifies mapped road and/or settlement exposure.,Prioritize monitoring and local verification of the mapped exposed assets.,27.252546,88.661604
P2-171,181,P2,HIGH,SKM_05303,65.8,67.1,65.7,61.3,Unnamed OSM road,2 OSM road entities,2,0,[],False,Current Operational Risk Index 65.8/100 (HIGH). Exact GIS overlay identifies mapped road and/or settlement exposure.,Prioritize monitoring and local verification of the mapped exposed assets.,27.365252,88.238661
P2-172,182,P2,HIGH,SKM_06151,65.8,66.2,63.9,60.5,Unnamed OSM road,3 OSM road entities,3,0,[],False,Current Operational Risk Index 65.8/100 (HIGH). Exact GIS overlay identifies mapped road and/or settlement exposure.,Prioritize monitoring and local verification of the mapped exposed assets.,27.276249,88.086132
P2-173,183,P2,HIGH,SKM_02340,65.7,68.0,68.9,63.6,Lachen,3 OSM road entities; 1 mapped settlement,3,1,[],False,Current Operational Risk Index 65.7/100 (HIGH). Exact GIS overlay identifies mapped road and/or settlement exposure.,Prioritize monitoring and local verification of the mapped exposed assets.,27.73224,88.547103
P2-174,184,P2,HIGH,SKM_05244,65.7,62.3,61.8,57.1,SH / Unnamed OSM road,4 OSM road entities,4,0,[],False,Current Operational Risk Index 65.7/100 (HIGH). Exact GIS overlay identifies mapped road and/or settlement exposure.,Prioritize monitoring and local verification of the mapped exposed assets.,27.371913,88.481397
P2-175,185,P2,HIGH,SKM_07101,65.7,66.7,64.6,60.0,MDR / Unnamed OSM road,8 OSM road entities,8,0,[],False,Current Operational Risk Index 65.7/100 (HIGH). Exact GIS overlay identifies mapped road and/or settlement exposure.,Prioritize monitoring and local verification of the mapped exposed assets.,27.164649,88.448376
P2-176,186,P2,HIGH,SKM_07368,65.7,67.4,64.9,60.4,Unnamed OSM road,10 OSM road entities,10,0,[],False,Current Operational Risk Index 65.7/100 (HIGH). Exact GIS overlay identifies mapped road and/or settlement exposure.,Prioritize monitoring and local verification of the mapped exposed assets.,27.10188,88.407222
P2-177,187,P2,HIGH,SKM_05786,65.6,64.3,63.8,59.0,Gipmochi Highway / NH 717B · Jelep Pass Highway / Unnamed OSM road,6 OSM road entities,6,0,[],False,Current Operational Risk Index 65.6/100 (HIGH). Exact GIS overlay identifies mapped road and/or settlement exposure.,Prioritize monitoring and local verification of the mapped exposed assets.,27.313568,88.83429
P2-178,188,P2,HIGH,SKM_05976,65.6,66.1,63.8,60.4,Unnamed OSM road,1 OSM road entity,1,0,[],False,Current Operational Risk Index 65.6/100 (HIGH). Exact GIS overlay identifies mapped road and/or settlement exposure.,Prioritize monitoring and local verification of the mapped exposed assets.,27.294224,88.096412
P2-179,189,P2,HIGH,SKM_06672,65.6,65.3,63.9,59.3,NH710 / Unnamed OSM road,3 OSM road entities,3,0,[],False,Current Operational Risk Index 65.6/100 (HIGH). Exact GIS overlay identifies mapped road and/or settlement exposure.,Prioritize monitoring and local verification of the mapped exposed assets.,27.219314,88.398598
P2-180,190,P2,HIGH,SKM_07143,65.5,66.4,64.7,60.1,ODR / Unnamed OSM road,27 OSM road entities,27,0,[],False,Current Operational Risk Index 65.5/100 (HIGH). Exact GIS overlay identifies mapped road and/or settlement exposure.,Prioritize monitoring and local verification of the mapped exposed assets.,27.156916,88.317088
P2-181,191,P2,HIGH,SKM_02269,65.4,67.6,68.5,63.2,NH310AG · North Sikkim Highway,1 OSM road entity,1,0,[],False,Current Operational Risk Index 65.4/100 (HIGH). Exact GIS overlay identifies mapped road and/or settlement exposure.,Prioritize monitoring and local verification of the mapped exposed assets.,27.741264,88.547231
P2-182,192,P2,HIGH,SKM_06921,65.4,63.6,62.5,57.8,Unnamed OSM road,1 OSM road entity,1,0,[],False,Current Operational Risk Index 65.4/100 (HIGH). Exact GIS overlay identifies mapped road and/or settlement exposure.,Prioritize monitoring and local verification of the mapped exposed assets.,27.189494,88.650575
P2-183,193,P2,HIGH,SKM_07247,65.4,66.4,64.4,59.9,MDR / Unnamed OSM road,9 OSM road entities,9,0,[],False,Current Operational Risk Index 65.4/100 (HIGH). Exact GIS overlay identifies mapped road and/or settlement exposure.,Prioritize monitoring and local verification of the mapped exposed assets.,27.138382,88.36732
P2-184,194,P2,HIGH,SKM_06455,65.3,63.1,62.3,57.4,Pakyong,8 OSM road entities; 1 mapped settlement,8,1,[],False,Current Operational Risk Index 65.3/100 (HIGH). Exact GIS overlay identifies mapped road and/or settlement exposure.,Prioritize monitoring and local verification of the mapped exposed assets.,27.244227,88.600889
P2-185,195,P2,HIGH,SKM_06843,65.3,63.8,62.7,57.9,Unnamed OSM road,2 OSM road entities,2,0,[],False,Current Operational Risk Index 65.3/100 (HIGH). Exact GIS overlay identifies mapped road and/or settlement exposure.,Prioritize monitoring and local verification of the mapped exposed assets.,27.199218,88.590151
P2-186,196,P2,HIGH,SKM_02981,65.2,64.9,64.9,60.6,NH310AG · North Sikkim Highway / Unnamed OSM road,2 OSM road entities,2,0,[],False,Current Operational Risk Index 65.2/100 (HIGH). Exact GIS overlay identifies mapped road and/or settlement exposure.,Prioritize monitoring and local verification of the mapped exposed assets.,27.650329,88.606764
P2-187,197,P2,HIGH,SKM_06691,65.2,63.5,62.5,57.6,Unnamed OSM road,6 OSM road entities,6,0,[],False,Current Operational Risk Index 65.2/100 (HIGH). Exact GIS overlay identifies mapped road and/or settlement exposure.,Prioritize monitoring and local verification of the mapped exposed assets.,27.217268,88.590407
P2-188,198,P2,HIGH,SKM_07378,65.2,66.7,64.4,59.8,NH710 / Unnamed OSM road,2 OSM road entities,2,0,[],False,Current Operational Risk Index 65.2/100 (HIGH). Exact GIS overlay identifies mapped road and/or settlement exposure.,Prioritize monitoring and local verification of the mapped exposed assets.,27.093055,88.38694
P2-189,199,P2,HIGH,SKM_05900,65.1,67.0,64.5,61.0,MDR / Unnamed OSM road,8 OSM road entities,8,0,[],False,Current Operational Risk Index 65.1/100 (HIGH). Exact GIS overlay identifies mapped road and/or settlement exposure.,Prioritize monitoring and local verification of the mapped exposed assets.,27.302247,88.217751
P2-190,200,P2,HIGH,SKM_06949,65.1,66.5,64.3,60.1,Unnamed OSM road,3 OSM road entities,3,0,[],False,Current Operational Risk Index 65.1/100 (HIGH). Exact GIS overlay identifies mapped road and/or settlement exposure.,Prioritize monitoring and local verification of the mapped exposed assets.,27.184993,88.206381
P2-191,201,P2,HIGH,SKM_07317,65.1,66.1,64.7,59.8,Unnamed OSM road,2 OSM road entities,2,0,[],False,Current Operational Risk Index 65.1/100 (HIGH). Exact GIS overlay identifies mapped road and/or settlement exposure.,Prioritize monitoring and local verification of the mapped exposed assets.,27.121456,88.246053
P2-192,202,P2,HIGH,SKM_02412,65.0,67.1,67.9,62.7,NH310AG · North Sikkim Highway / Unnamed OSM road,3 OSM road entities,3,0,[],False,Current Operational Risk Index 65.0/100 (HIGH). Exact GIS overlay identifies mapped road and/or settlement exposure.,Prioritize monitoring and local verification of the mapped exposed assets.,27.723102,88.557117
P2-193,203,P2,HIGH,SKM_05915,65.0,63.8,63.0,58.3,Ravangla,24 OSM road entities; 1 mapped settlement,24,1,[],False,Current Operational Risk Index 65.0/100 (HIGH). Exact GIS overlay identifies mapped road and/or settlement exposure.,Prioritize monitoring and local verification of the mapped exposed assets.,27.300845,88.369305
P2-194,204,P2,HIGH,SKM_05977,65.0,65.6,63.3,59.9,Unnamed OSM road,5 OSM road entities,5,0,[],False,Current Operational Risk Index 65.0/100 (HIGH). Exact GIS overlay identifies mapped road and/or settlement exposure.,Prioritize monitoring and local verification of the mapped exposed assets.,27.294144,88.106515
P2-195,205,P2,HIGH,SKM_06823,65.0,65.2,63.6,59.1,Unnamed OSM road,4 OSM road entities,4,0,[],False,Current Operational Risk Index 65.0/100 (HIGH). Exact GIS overlay identifies mapped road and/or settlement exposure.,Prioritize monitoring and local verification of the mapped exposed assets.,27.201364,88.388278
P2-196,206,P2,HIGH,SKM_07007,65.0,66.6,63.7,59.6,Unnamed OSM road,7 OSM road entities,7,0,[],False,Current Operational Risk Index 65.0/100 (HIGH). Exact GIS overlay identifies mapped road and/or settlement exposure.,Prioritize monitoring and local verification of the mapped exposed assets.,27.176878,88.095262
P2-197,207,P2,HIGH,SKM_06063,64.9,65.2,62.9,59.6,Unnamed OSM road,5 OSM road entities,5,0,[],False,Current Operational Risk Index 64.9/100 (HIGH). Exact GIS overlay identifies mapped road and/or settlement exposure.,Prioritize monitoring and local verification of the mapped exposed assets.,27.285276,88.08622
P2-198,208,P2,HIGH,SKM_06091,64.9,64.5,63.1,58.7,NH510 / SH / Unnamed OSM road,6 OSM road entities,6,0,[],False,Current Operational Risk Index 64.9/100 (HIGH). Exact GIS overlay identifies mapped road and/or settlement exposure.,Prioritize monitoring and local verification of the mapped exposed assets.,27.282793,88.369084
P2-199,209,P2,HIGH,SKM_06851,64.9,62.8,61.9,57.1,NH 717B · Jelep Pass Highway / Unnamed OSM road,2 OSM road entities,2,0,[],False,Current Operational Risk Index 64.9/100 (HIGH). Exact GIS overlay identifies mapped road and/or settlement exposure.,Prioritize monitoring and local verification of the mapped exposed assets.,27.198279,88.670893
P2-200,210,P2,HIGH,SKM_07066,64.9,66.6,63.7,59.5,Unnamed OSM road,10 OSM road entities,10,0,[],False,Current Operational Risk Index 64.9/100 (HIGH). Exact GIS overlay identifies mapped road and/or settlement exposure.,Prioritize monitoring and local verification of the mapped exposed assets.,27.167851,88.095174
P2-201,211,P2,HIGH,SKM_07192,64.9,65.8,64.1,59.5,Unnamed OSM road,21 OSM road entities,21,0,[],False,Current Operational Risk Index 64.9/100 (HIGH). Exact GIS overlay identifies mapped road and/or settlement exposure.,Prioritize monitoring and local verification of the mapped exposed assets.,27.147984,88.306892
P2-202,212,P2,HIGH,SKM_07321,64.9,65.9,64.2,59.5,SH / Unnamed OSM road,9 OSM road entities,9,0,[],False,Current Operational Risk Index 64.9/100 (HIGH). Exact GIS overlay identifies mapped road and/or settlement exposure.,Prioritize monitoring and local verification of the mapped exposed assets.,27.120812,88.316665
P2-203,213,P2,HIGH,SKM_05176,64.8,61.5,61.8,56.7,NH310A · North Sikkim Highway,1 OSM road entity,1,0,[],False,Current Operational Risk Index 64.8/100 (HIGH). Exact GIS overlay identifies mapped road and/or settlement exposure.,Prioritize monitoring and local verification of the mapped exposed assets.,27.379246,88.633161
P2-204,214,P2,HIGH,SKM_05194,64.8,63.5,63.1,58.4,Sherathang,6 OSM road entities; 1 mapped settlement,6,1,[],False,Current Operational Risk Index 64.8/100 (HIGH). Exact GIS overlay identifies mapped road and/or settlement exposure.,Prioritize monitoring and local verification of the mapped exposed assets.,27.376997,88.815115
P2-205,215,P2,HIGH,SKM_05725,64.8,66.6,64.2,60.6,MDR / Unnamed OSM road,10 OSM road entities,10,0,[],False,Current Operational Risk Index 64.8/100 (HIGH). Exact GIS overlay identifies mapped road and/or settlement exposure.,Prioritize monitoring and local verification of the mapped exposed assets.,27.320299,88.217948
P2-206,216,P2,HIGH,SKM_06671,64.8,64.7,63.2,58.7,Unnamed OSM road,7 OSM road entities,7,0,[],False,Current Operational Risk Index 64.8/100 (HIGH). Exact GIS overlay identifies mapped road and/or settlement exposure.,Prioritize monitoring and local verification of the mapped exposed assets.,27.219415,88.388502
P2-207,217,P2,HIGH,SKM_06885,64.8,65.9,64.0,59.7,Unnamed OSM road,7 OSM road entities,7,0,[],False,Current Operational Risk Index 64.8/100 (HIGH). Exact GIS overlay identifies mapped road and/or settlement exposure.,Prioritize monitoring and local verification of the mapped exposed assets.,27.193301,88.28723
P2-208,218,P2,HIGH,SKM_07310,64.8,66.3,63.9,59.4,Unnamed OSM road,14 OSM road entities,14,0,[],False,Current Operational Risk Index 64.8/100 (HIGH). Exact GIS overlay identifies mapped road and/or settlement exposure.,Prioritize monitoring and local verification of the mapped exposed assets.,27.122315,88.145175
P2-209,219,P2,HIGH,SKM_07296,64.7,66.1,63.9,59.3,Unnamed OSM road,7 OSM road entities,7,0,[],False,Current Operational Risk Index 64.7/100 (HIGH). Exact GIS overlay identifies mapped road and/or settlement exposure.,Prioritize monitoring and local verification of the mapped exposed assets.,27.129058,88.397473
P2-210,220,P2,HIGH,SKM_07142,64.6,65.5,63.8,59.2,Unnamed OSM road,20 OSM road entities,20,0,[],False,Current Operational Risk Index 64.6/100 (HIGH). Exact GIS overlay identifies mapped road and/or settlement exposure.,Prioritize monitoring and local verification of the mapped exposed assets.,27.15701,88.306997
P2-211,221,P2,HIGH,SKM_07162,64.6,65.0,63.0,58.4,Unnamed OSM road,9 OSM road entities,9,0,[],False,Current Operational Risk Index 64.6/100 (HIGH). Exact GIS overlay identifies mapped road and/or settlement exposure.,Prioritize monitoring and local verification of the mapped exposed assets.,27.154985,88.508797
P2-212,222,P2,HIGH,SKM_02411,64.5,66.8,67.8,62.4,NH310AG · North Sikkim Highway / Unnamed OSM road,3 OSM road entities,3,0,[],False,Current Operational Risk Index 64.5/100 (HIGH). Exact GIS overlay identifies mapped road and/or settlement exposure.,Prioritize monitoring and local verification of the mapped exposed assets.,27.723215,88.546976
P2-213,223,P2,HIGH,SKM_07198,64.5,65.5,63.6,59.0,MDR / Unnamed OSM road,11 OSM road entities,11,0,[],False,Current Operational Risk Index 64.5/100 (HIGH). Exact GIS overlay identifies mapped road and/or settlement exposure.,Prioritize monitoring and local verification of the mapped exposed assets.,27.147407,88.36743
P2-214,224,P2,HIGH,SKM_07232,64.5,65.7,64.0,59.2,Unnamed OSM road,6 OSM road entities,6,0,[],False,Current Operational Risk Index 64.5/100 (HIGH). Exact GIS overlay identifies mapped road and/or settlement exposure.,Prioritize monitoring and local verification of the mapped exposed assets.,27.139774,88.215985
P2-215,225,P2,HIGH,SKM_06155,64.4,65.5,63.0,59.5,Unnamed OSM road,5 OSM road entities,5,0,[],False,Current Operational Risk Index 64.4/100 (HIGH). Exact GIS overlay identifies mapped road and/or settlement exposure.,Prioritize monitoring and local verification of the mapped exposed assets.,27.27593,88.12654
P2-216,226,P2,HIGH,SKM_06603,64.4,62.7,61.9,57.0,NH10 / NH10 · RANGPO-GANGTOK Rd / NH510,8 OSM road entities,8,0,[],False,Current Operational Risk Index 64.4/100 (HIGH). Exact GIS overlay identifies mapped road and/or settlement exposure.,Prioritize monitoring and local verification of the mapped exposed assets.,27.227295,88.499674
P2-217,227,P2,HIGH,SKM_06615,64.4,62.2,61.4,56.4,Unnamed OSM road,2 OSM road entities,2,0,[],False,Current Operational Risk Index 64.4/100 (HIGH). Exact GIS overlay identifies mapped road and/or settlement exposure.,Prioritize monitoring and local verification of the mapped exposed assets.,27.225946,88.620822
P2-218,228,P2,HIGH,SKM_05167,64.3,60.5,60.5,55.6,SH7 · Penlong - Samdong Road,1 OSM road entity,1,0,[],False,Current Operational Risk Index 64.3/100 (HIGH). Exact GIS overlay identifies mapped road and/or settlement exposure.,Prioritize monitoring and local verification of the mapped exposed assets.,27.380281,88.542177
P2-219,229,P2,HIGH,SKM_05661,64.3,61.8,61.3,56.4,Unnamed OSM road,7 OSM road entities,7,0,[],False,Current Operational Risk Index 64.3/100 (HIGH). Exact GIS overlay identifies mapped road and/or settlement exposure.,Prioritize monitoring and local verification of the mapped exposed assets.,27.327105,88.450482
P2-220,230,P2,HIGH,SKM_06590,64.3,64.4,62.8,58.4,Unnamed OSM road,9 OSM road entities,9,0,[],False,Current Operational Risk Index 64.3/100 (HIGH). Exact GIS overlay identifies mapped road and/or settlement exposure.,Prioritize monitoring and local verification of the mapped exposed assets.,27.228639,88.368421
P2-221,231,P2,HIGH,SKM_06693,64.3,62.4,61.5,56.6,NH 717A / Unnamed OSM road,2 OSM road entities,2,0,[],False,Current Operational Risk Index 64.3/100 (HIGH). Exact GIS overlay identifies mapped road and/or settlement exposure.,Prioritize monitoring and local verification of the mapped exposed assets.,27.217038,88.610596
P2-222,232,P2,HIGH,SKM_06517,64.2,63.0,62.0,57.2,NH510 / Unnamed OSM road,35 OSM road entities,35,0,[],False,Current Operational Risk Index 64.2/100 (HIGH). Exact GIS overlay identifies mapped road and/or settlement exposure.,Prioritize monitoring and local verification of the mapped exposed assets.,27.23706,88.429115
P2-223,233,P2,HIGH,SKM_06111,64.1,61.9,61.2,56.3,Unnamed OSM road,2 OSM road entities,2,0,[],False,Current Operational Risk Index 64.1/100 (HIGH). Exact GIS overlay identifies mapped road and/or settlement exposure.,Prioritize monitoring and local verification of the mapped exposed assets.,27.28067,88.571105
P2-224,234,P2,HIGH,SKM_07100,64.1,65.0,63.0,58.4,MDR / Unnamed OSM road,3 OSM road entities,3,0,[],False,Current Operational Risk Index 64.1/100 (HIGH). Exact GIS overlay identifies mapped road and/or settlement exposure.,Prioritize monitoring and local verification of the mapped exposed assets.,27.164753,88.438285
P2-225,235,P2,HIGH,SKM_02909,64.0,63.9,63.8,59.6,NH310AG · North Sikkim Highway / Unnamed OSM road,4 OSM road entities,4,0,[],False,Current Operational Risk Index 64.0/100 (HIGH). Exact GIS overlay identifies mapped road and/or settlement exposure.,Prioritize monitoring and local verification of the mapped exposed assets.,27.659353,88.606896
P2-226,236,P2,HIGH,SKM_06375,63.9,61.6,60.9,55.9,NH 717A / Unnamed OSM road,5 OSM road entities,5,0,[],False,Current Operational Risk Index 63.9/100 (HIGH). Exact GIS overlay identifies mapped road and/or settlement exposure.,Prioritize monitoring and local verification of the mapped exposed assets.,27.253252,88.601018
P2-227,237,P2,HIGH,SKM_06895,63.9,64.2,62.5,58.0,NH710 / Unnamed OSM road,9 OSM road entities,9,0,[],False,Current Operational Risk Index 63.9/100 (HIGH). Exact GIS overlay identifies mapped road and/or settlement exposure.,Prioritize monitoring and local verification of the mapped exposed assets.,27.192338,88.388167
P2-228,238,P2,HIGH,SKM_07072,63.9,65.4,62.9,58.7,Unnamed OSM road,7 OSM road entities,7,0,[],False,Current Operational Risk Index 63.9/100 (HIGH). Exact GIS overlay identifies mapped road and/or settlement exposure.,Prioritize monitoring and local verification of the mapped exposed assets.,27.167365,88.155727
P2-229,239,P2,HIGH,SKM_06623,63.8,61.0,60.6,55.5,Unnamed OSM road,1 OSM road entity,1,0,[],False,Current Operational Risk Index 63.8/100 (HIGH). Exact GIS overlay identifies mapped road and/or settlement exposure.,Prioritize monitoring and local verification of the mapped exposed assets.,27.224988,88.701582
P2-230,240,P2,HIGH,SKM_06749,63.8,63.9,62.3,57.8,Unnamed OSM road,9 OSM road entities,9,0,[],False,Current Operational Risk Index 63.8/100 (HIGH). Exact GIS overlay identifies mapped road and/or settlement exposure.,Prioritize monitoring and local verification of the mapped exposed assets.,27.210389,88.38839
P2-231,241,P2,HIGH,SKM_06357,63.7,62.2,61.4,56.5,Unnamed OSM road,2 OSM road entities,2,0,[],False,Current Operational Risk Index 63.7/100 (HIGH). Exact GIS overlay identifies mapped road and/or settlement exposure.,Prioritize monitoring and local verification of the mapped exposed assets.,27.255213,88.419247
P2-232,242,P2,HIGH,SKM_07291,63.6,64.6,62.8,58.2,NH710 / Unnamed OSM road,5 OSM road entities,5,0,[],False,Current Operational Risk Index 63.6/100 (HIGH). Exact GIS overlay identifies mapped road and/or settlement exposure.,Prioritize monitoring and local verification of the mapped exposed assets.,27.129551,88.347034
P2-233,243,P2,HIGH,SKM_02553,63.5,64.9,65.7,60.5,NH310AG · North Sikkim Highway / Unnamed OSM road,2 OSM road entities,2,0,[],False,Current Operational Risk Index 63.5/100 (HIGH). Exact GIS overlay identifies mapped road and/or settlement exposure.,Prioritize monitoring and local verification of the mapped exposed assets.,27.705053,88.55686
P2-234,244,P2,HIGH,SKM_03266,63.5,62.8,62.9,58.6,NH310A / Unnamed OSM road,4 OSM road entities,4,0,[],False,Current Operational Risk Index 63.5/100 (HIGH). Exact GIS overlay identifies mapped road and/or settlement exposure.,Prioritize monitoring and local verification of the mapped exposed assets.,27.613636,88.65689
P2-235,245,P2,HIGH,SKM_05363,63.5,62.5,61.9,57.2,NH 717B / NH717B / Unnamed OSM road,6 OSM road entities,6,0,[],False,Current Operational Risk Index 63.5/100 (HIGH). Exact GIS overlay identifies mapped road and/or settlement exposure.,Prioritize monitoring and local verification of the mapped exposed assets.,27.358552,88.845139
P2-236,246,P2,HIGH,SKM_06750,63.5,63.5,62.0,57.4,NH710 / Unnamed OSM road,3 OSM road entities,3,0,[],False,Current Operational Risk Index 63.5/100 (HIGH). Exact GIS overlay identifies mapped road and/or settlement exposure.,Prioritize monitoring and local verification of the mapped exposed assets.,27.210289,88.398485
P2-237,247,P2,HIGH,SKM_05177,63.4,60.1,60.4,55.2,NH310A · North Sikkim Highway / Unnamed OSM road,2 OSM road entities,2,0,[],False,Current Operational Risk Index 63.4/100 (HIGH). Exact GIS overlay identifies mapped road and/or settlement exposure.,Prioritize monitoring and local verification of the mapped exposed assets.,27.379127,88.64327
P2-238,248,P2,HIGH,SKM_06098,63.4,61.1,60.6,55.7,MDR / Unnamed OSM road,7 OSM road entities,7,0,[],False,Current Operational Risk Index 63.4/100 (HIGH). Exact GIS overlay identifies mapped road and/or settlement exposure.,Prioritize monitoring and local verification of the mapped exposed assets.,27.282083,88.439794
P2-239,249,P2,HIGH,SKM_06197,63.4,61.3,60.6,55.7,Unnamed OSM road,1 OSM road entity,1,0,[],False,Current Operational Risk Index 63.4/100 (HIGH). Exact GIS overlay identifies mapped road and/or settlement exposure.,Prioritize monitoring and local verification of the mapped exposed assets.,27.271871,88.550779
P2-240,250,P2,HIGH,SKM_07249,63.4,64.5,62.4,57.9,Unnamed OSM road,8 OSM road entities,8,0,[],False,Current Operational Risk Index 63.4/100 (HIGH). Exact GIS overlay identifies mapped road and/or settlement exposure.,Prioritize monitoring and local verification of the mapped exposed assets.,27.138184,88.387497
P2-241,251,P2,HIGH,SKM_05016,63.3,60.2,60.6,55.4,NH310A · North Sikkim Highway,1 OSM road entity,1,0,[],False,Current Operational Risk Index 63.3/100 (HIGH). Exact GIS overlay identifies mapped road and/or settlement exposure.,Prioritize monitoring and local verification of the mapped exposed assets.,27.397294,88.633426
P2-242,252,P2,HIGH,SKM_05324,63.3,60.2,59.7,55.0,Unnamed OSM road,26 OSM road entities,26,0,[],False,Current Operational Risk Index 63.3/100 (HIGH). Exact GIS overlay identifies mapped road and/or settlement exposure.,Prioritize monitoring and local verification of the mapped exposed assets.,27.363206,88.450952
P2-243,253,P2,HIGH,SKM_06074,63.3,65.1,62.7,59.1,Unnamed OSM road,4 OSM road entities,4,0,[],False,Current Operational Risk Index 63.3/100 (HIGH). Exact GIS overlay identifies mapped road and/or settlement exposure.,Prioritize monitoring and local verification of the mapped exposed assets.,27.284369,88.197349
P2-244,254,P2,HIGH,SKM_06698,63.3,60.9,60.2,55.2,Unnamed OSM settlement,4 OSM road entities; 1 mapped settlement,4,1,[],False,Current Operational Risk Index 63.3/100 (HIGH). Exact GIS overlay identifies mapped road and/or settlement exposure.,Prioritize monitoring and local verification of the mapped exposed assets.,27.216448,88.661068
P2-245,255,P2,HIGH,SKM_05062,63.2,62.6,62.6,57.4,Unnamed OSM road,4 OSM road entities,4,0,[],False,Current Operational Risk Index 63.2/100 (HIGH). Exact GIS overlay identifies mapped road and/or settlement exposure.,Prioritize monitoring and local verification of the mapped exposed assets.,27.391683,88.309746
P2-246,256,P2,HIGH,SKM_06299,63.2,59.9,59.7,54.5,Unnamed OSM settlement,3 OSM road entities; 1 mapped settlement,3,1,[],False,Current Operational Risk Index 63.2/100 (HIGH). Exact GIS overlay identifies mapped road and/or settlement exposure.,Prioritize monitoring and local verification of the mapped exposed assets.,27.261207,88.692033
P2-247,257,P2,HIGH,SKM_06332,63.2,64.7,62.1,58.5,Unnamed OSM road,10 OSM road entities,10,0,[],False,Current Operational Risk Index 63.2/100 (HIGH). Exact GIS overlay identifies mapped road and/or settlement exposure.,Prioritize monitoring and local verification of the mapped exposed assets.,27.257546,88.166759
P2-248,258,P2,HIGH,SKM_06819,63.2,63.8,62.0,57.6,Unnamed OSM road,9 OSM road entities,9,0,[],False,Current Operational Risk Index 63.2/100 (HIGH). Exact GIS overlay identifies mapped road and/or settlement exposure.,Prioritize monitoring and local verification of the mapped exposed assets.,27.201758,88.347901
P2-249,259,P2,HIGH,SKM_06850,63.2,61.3,60.3,55.5,SH / Unnamed OSM road,2 OSM road entities,2,0,[],False,Current Operational Risk Index 63.2/100 (HIGH). Exact GIS overlay identifies mapped road and/or settlement exposure.,Prioritize monitoring and local verification of the mapped exposed assets.,27.198399,88.660801
P2-250,260,P2,HIGH,SKM_07365,63.1,64.5,62.3,57.8,MDR / NH710 / Unnamed OSM road,3 OSM road entities,3,0,[],False,Current Operational Risk Index 63.1/100 (HIGH). Exact GIS overlay identifies mapped road and/or settlement exposure.,Prioritize monitoring and local verification of the mapped exposed assets.,27.10218,88.376966
P2-251,261,P2,HIGH,SKM_02779,63.0,63.4,62.3,59.3,NH310A / Unnamed OSM road,9 OSM road entities,9,0,[],False,Current Operational Risk Index 63.0/100 (HIGH). Exact GIS overlay identifies mapped road and/or settlement exposure.,Prioritize monitoring and local verification of the mapped exposed assets.,27.675936,88.728794
P2-252,262,P2,HIGH,SKM_05250,63.0,59.3,59.3,54.4,SH7 · Penlong - Samdong Road,1 OSM road entity,1,0,[],False,Current Operational Risk Index 63.0/100 (HIGH). Exact GIS overlay identifies mapped road and/or settlement exposure.,Prioritize monitoring and local verification of the mapped exposed assets.,27.371256,88.542052
P2-253,263,P2,HIGH,SKM_05269,63.0,60.7,60.7,55.7,NH310,1 OSM road entity,1,0,[],False,Current Operational Risk Index 63.0/100 (HIGH). Exact GIS overlay identifies mapped road and/or settlement exposure.,Prioritize monitoring and local verification of the mapped exposed assets.,27.369002,88.734109
P2-254,264,P2,HIGH,SKM_07071,63.0,64.5,61.9,57.7,Unnamed OSM road,1 OSM road entity,1,0,[],False,Current Operational Risk Index 63.0/100 (HIGH). Exact GIS overlay identifies mapped road and/or settlement exposure.,Prioritize monitoring and local verification of the mapped exposed assets.,27.167448,88.145635
P2-255,265,P2,HIGH,SKM_05917,62.9,61.2,60.3,55.7,MDR / Unnamed OSM road,3 OSM road entities,3,0,[],False,Current Operational Risk Index 62.9/100 (HIGH). Exact GIS overlay identifies mapped road and/or settlement exposure.,Prioritize monitoring and local verification of the mapped exposed assets.,27.300645,88.389512
P2-256,266,P2,HIGH,SKM_07126,62.9,64.4,61.9,57.6,Unnamed OSM road,2 OSM road entities,2,0,[],False,Current Operational Risk Index 62.9/100 (HIGH). Exact GIS overlay identifies mapped road and/or settlement exposure.,Prioritize monitoring and local verification of the mapped exposed assets.,27.158421,88.145543
P2-257,267,P2,HIGH,SKM_07322,62.8,63.8,62.1,57.4,SH / Unnamed OSM road,4 OSM road entities,4,0,[],False,Current Operational Risk Index 62.8/100 (HIGH). Exact GIS overlay identifies mapped road and/or settlement exposure.,Prioritize monitoring and local verification of the mapped exposed assets.,27.120717,88.326752
P2-258,268,P2,HIGH,SKM_04989,62.7,60.7,60.7,55.6,Unnamed OSM road,2 OSM road entities,2,0,[],False,Current Operational Risk Index 62.7/100 (HIGH). Exact GIS overlay identifies mapped road and/or settlement exposure.,Prioritize monitoring and local verification of the mapped exposed assets.,27.400225,88.360415
P2-259,269,P2,HIGH,SKM_06004,62.7,61.3,60.2,55.7,MDR / Unnamed OSM road,13 OSM road entities,13,0,[],False,Current Operational Risk Index 62.7/100 (HIGH). Exact GIS overlay identifies mapped road and/or settlement exposure.,Prioritize monitoring and local verification of the mapped exposed assets.,27.29172,88.379297
P2-260,270,P2,HIGH,SKM_06300,62.7,59.4,59.1,53.9,Unnamed OSM settlement,5 OSM road entities; 1 mapped settlement,5,1,[],False,Current Operational Risk Index 62.7/100 (HIGH). Exact GIS overlay identifies mapped road and/or settlement exposure.,Prioritize monitoring and local verification of the mapped exposed assets.,27.261085,88.702131
P2-261,271,P2,HIGH,SKM_06755,62.7,62.1,60.8,56.1,Unnamed OSM road,4 OSM road entities,4,0,[],False,Current Operational Risk Index 62.7/100 (HIGH). Exact GIS overlay identifies mapped road and/or settlement exposure.,Prioritize monitoring and local verification of the mapped exposed assets.,27.209776,88.448959
P2-262,272,P2,HIGH,SKM_07040,62.7,63.3,61.4,56.8,Unnamed OSM road,8 OSM road entities,8,0,[],False,Current Operational Risk Index 62.7/100 (HIGH). Exact GIS overlay identifies mapped road and/or settlement exposure.,Prioritize monitoring and local verification of the mapped exposed assets.,27.173881,88.42831
P2-263,273,P2,HIGH,SKM_07283,62.7,63.8,62.2,57.4,Unnamed OSM road,3 OSM road entities,3,0,[],False,Current Operational Risk Index 62.7/100 (HIGH). Exact GIS overlay identifies mapped road and/or settlement exposure.,Prioritize monitoring and local verification of the mapped exposed assets.,27.130302,88.26633
P2-264,274,P2,HIGH,SKM_05095,62.6,59.4,59.8,54.6,NH310A · North Sikkim Highway,1 OSM road entity,1,0,[],False,Current Operational Risk Index 62.6/100 (HIGH). Exact GIS overlay identifies mapped road and/or settlement exposure.,Prioritize monitoring and local verification of the mapped exposed assets.,27.388151,88.643404
P2-265,275,P2,HIGH,SKM_05832,62.6,60.3,59.7,54.9,Unnamed OSM road,23 OSM road entities,23,0,[],False,Current Operational Risk Index 62.6/100 (HIGH). Exact GIS overlay identifies mapped road and/or settlement exposure.,Prioritize monitoring and local verification of the mapped exposed assets.,27.309366,88.419936
P2-266,276,P2,HIGH,SKM_06330,62.6,63.9,61.4,57.7,Unnamed OSM road,15 OSM road entities,15,0,[],False,Current Operational Risk Index 62.6/100 (HIGH). Exact GIS overlay identifies mapped road and/or settlement exposure.,Prioritize monitoring and local verification of the mapped exposed assets.,27.257713,88.146559
P2-267,277,P2,HIGH,SKM_03553,62.5,61.1,61.9,57.1,NH310A · North Sikkim Highway,1 OSM road entity,1,0,[],False,Current Operational Risk Index 62.5/100 (HIGH). Exact GIS overlay identifies mapped road and/or settlement exposure.,Prioritize monitoring and local verification of the mapped exposed assets.,27.57754,88.656347
P2-268,278,P2,HIGH,SKM_07228,62.5,63.8,61.7,57.2,Rumdin,11 OSM road entities; 1 mapped settlement,11,1,[],False,Current Operational Risk Index 62.5/100 (HIGH). Exact GIS overlay identifies mapped road and/or settlement exposure.,Prioritize monitoring and local verification of the mapped exposed assets.,27.140118,88.175628
P2-269,279,P2,HIGH,SKM_07171,62.4,64.4,61.2,56.9,Unnamed OSM road,6 OSM road entities,6,0,[],False,Current Operational Risk Index 62.4/100 (HIGH). Exact GIS overlay identifies mapped road and/or settlement exposure.,Prioritize monitoring and local verification of the mapped exposed assets.,27.149797,88.094998
P2-270,280,P2,HIGH,SKM_07199,62.4,63.5,61.5,56.9,MDR / Unnamed OSM road,7 OSM road entities,7,0,[],False,Current Operational Risk Index 62.4/100 (HIGH). Exact GIS overlay identifies mapped road and/or settlement exposure.,Prioritize monitoring and local verification of the mapped exposed assets.,27.147309,88.377519
P2-271,281,P2,HIGH,SKM_06509,62.3,62.7,61.0,56.7,Unnamed OSM road,2 OSM road entities,2,0,[],False,Current Operational Risk Index 62.3/100 (HIGH). Exact GIS overlay identifies mapped road and/or settlement exposure.,Prioritize monitoring and local verification of the mapped exposed assets.,27.237861,88.348336
P2-272,282,P2,HIGH,SKM_06948,62.3,63.7,61.4,57.3,Singling,8 OSM road entities; 1 mapped settlement,8,1,[],False,Current Operational Risk Index 62.3/100 (HIGH). Exact GIS overlay identifies mapped road and/or settlement exposure.,Prioritize monitoring and local verification of the mapped exposed assets.,27.185079,88.196287
P2-273,283,P2,HIGH,SKM_07033,62.3,63.1,61.2,56.7,Earthern Road / Unnamed OSM road,8 OSM road entities,8,0,[],False,Current Operational Risk Index 62.3/100 (HIGH). Exact GIS overlay identifies mapped road and/or settlement exposure.,Prioritize monitoring and local verification of the mapped exposed assets.,27.174583,88.357668
P2-274,284,P2,HIGH,SKM_07079,62.3,63.6,61.6,57.2,Unnamed OSM road,5 OSM road entities,5,0,[],False,Current Operational Risk Index 62.3/100 (HIGH). Exact GIS overlay identifies mapped road and/or settlement exposure.,Prioritize monitoring and local verification of the mapped exposed assets.,27.166765,88.22637
P2-275,285,P2,HIGH,SKM_02624,62.2,62.9,63.6,58.5,NH310AG · North Sikkim Highway,1 OSM road entity,1,0,[],False,Current Operational Risk Index 62.2/100 (HIGH). Exact GIS overlay identifies mapped road and/or settlement exposure.,Prioritize monitoring and local verification of the mapped exposed assets.,27.695914,88.566871
P2-276,286,P2,HIGH,SKM_06697,62.2,59.9,59.2,54.2,Unnamed OSM road,4 OSM road entities,4,0,[],False,Current Operational Risk Index 62.2/100 (HIGH). Exact GIS overlay identifies mapped road and/or settlement exposure.,Prioritize monitoring and local verification of the mapped exposed assets.,27.216567,88.650974
P2-277,287,P2,HIGH,SKM_07006,62.2,63.8,60.8,56.8,Gorkhey to Bhareng Trek route / Unnamed OSM road,5 OSM road entities,5,0,[],False,Current Operational Risk Index 62.2/100 (HIGH). Exact GIS overlay identifies mapped road and/or settlement exposure.,Prioritize monitoring and local verification of the mapped exposed assets.,27.176956,88.085169
P2-278,288,P2,HIGH,SKM_07065,62.2,64.0,60.9,56.7,Gorkhey to Bhareng Trek route / Unnamed OSM road,5 OSM road entities,5,0,[],False,Current Operational Risk Index 62.2/100 (HIGH). Exact GIS overlay identifies mapped road and/or settlement exposure.,Prioritize monitoring and local verification of the mapped exposed assets.,27.167929,88.085082
P2-279,289,P2,HIGH,SKM_07324,62.2,63.3,61.5,56.8,NH710 / Unnamed OSM road,19 OSM road entities,19,0,[],False,Current Operational Risk Index 62.2/100 (HIGH). Exact GIS overlay identifies mapped road and/or settlement exposure.,Prioritize monitoring and local verification of the mapped exposed assets.,27.120525,88.346926
P2-280,290,P2,HIGH,SKM_05942,62.1,59.0,58.8,53.6,SH2 · Gangtok - Assam - Pakyong Road / Unnamed OSM road,5 OSM road entities,5,0,[],False,Current Operational Risk Index 62.1/100 (HIGH). Exact GIS overlay identifies mapped road and/or settlement exposure.,Prioritize monitoring and local verification of the mapped exposed assets.,27.297907,88.642073
P2-281,291,P2,HIGH,SKM_05975,62.1,62.4,60.1,56.8,Unnamed OSM road,3 OSM road entities,3,0,[],False,Current Operational Risk Index 62.1/100 (HIGH). Exact GIS overlay identifies mapped road and/or settlement exposure.,Prioritize monitoring and local verification of the mapped exposed assets.,27.294303,88.086308
P2-282,292,P2,HIGH,SKM_06742,62.1,63.0,61.1,56.8,SH / Unnamed OSM road,11 OSM road entities,11,0,[],False,Current Operational Risk Index 62.1/100 (HIGH). Exact GIS overlay identifies mapped road and/or settlement exposure.,Prioritize monitoring and local verification of the mapped exposed assets.,27.211072,88.317724
P2-283,293,P2,HIGH,SKM_03131,62.0,62.2,61.8,58.2,NH310A / Unnamed OSM road,6 OSM road entities,6,0,[],False,Current Operational Risk Index 62.0/100 (HIGH). Exact GIS overlay identifies mapped road and/or settlement exposure.,Prioritize monitoring and local verification of the mapped exposed assets.,27.631194,88.697689
P2-284,294,P2,HIGH,SKM_05144,62.0,61.5,61.2,56.2,Unnamed OSM road,6 OSM road entities,6,0,[],False,Current Operational Risk Index 62.0/100 (HIGH). Exact GIS overlay identifies mapped road and/or settlement exposure.,Prioritize monitoring and local verification of the mapped exposed assets.,27.382657,88.30964
P2-285,295,P2,HIGH,SKM_05268,62.0,59.6,59.6,54.5,NH310,1 OSM road entity,1,0,[],False,Current Operational Risk Index 62.0/100 (HIGH). Exact GIS overlay identifies mapped road and/or settlement exposure.,Prioritize monitoring and local verification of the mapped exposed assets.,27.369127,88.724001
P2-286,296,P2,HIGH,SKM_06844,62.0,60.4,59.3,54.5,NH 717A / Unnamed OSM road,3 OSM road entities,3,0,[],False,Current Operational Risk Index 62.0/100 (HIGH). Exact GIS overlay identifies mapped road and/or settlement exposure.,Prioritize monitoring and local verification of the mapped exposed assets.,27.199104,88.600244
P2-287,297,P2,HIGH,SKM_05552,61.9,63.5,61.4,57.6,MDR / Unnamed OSM road,2 OSM road entities,2,0,[],False,Current Operational Risk Index 61.9/100 (HIGH). Exact GIS overlay identifies mapped road and/or settlement exposure.,Prioritize monitoring and local verification of the mapped exposed assets.,27.338263,88.228253
P2-288,298,P2,HIGH,SKM_06182,61.9,60.2,59.3,54.6,Unnamed OSM road,5 OSM road entities,5,0,[],False,Current Operational Risk Index 61.9/100 (HIGH). Exact GIS overlay identifies mapped road and/or settlement exposure.,Prioritize monitoring and local verification of the mapped exposed assets.,27.273468,88.399275
P2-289,299,P2,HIGH,SKM_07223,61.9,63.7,60.9,56.6,Unnamed OSM road,7 OSM road entities,7,0,[],False,Current Operational Risk Index 61.9/100 (HIGH). Exact GIS overlay identifies mapped road and/or settlement exposure.,Prioritize monitoring and local verification of the mapped exposed assets.,27.140531,88.125179
P2-290,300,P2,HIGH,SKM_06430,61.8,62.2,60.5,56.2,Unnamed OSM road,7 OSM road entities,7,0,[],False,Current Operational Risk Index 61.8/100 (HIGH). Exact GIS overlay identifies mapped road and/or settlement exposure.,Prioritize monitoring and local verification of the mapped exposed assets.,27.246887,88.348445
P2-291,301,P2,HIGH,SKM_07108,61.8,61.8,60.0,55.3,Unnamed OSM road,2 OSM road entities,2,0,[],False,Current Operational Risk Index 61.8/100 (HIGH). Exact GIS overlay identifies mapped road and/or settlement exposure.,Prioritize monitoring and local verification of the mapped exposed assets.,27.163902,88.519009
P2-292,302,P2,HIGH,SKM_05921,61.7,59.4,58.9,54.0,MDR / Unnamed OSM road,17 OSM road entities,17,0,[],False,Current Operational Risk Index 61.7/100 (HIGH). Exact GIS overlay identifies mapped road and/or settlement exposure.,Prioritize monitoring and local verification of the mapped exposed assets.,27.300238,88.429924
P2-293,303,P2,HIGH,SKM_06200,61.7,59.4,58.8,53.8,NH10 / Unnamed OSM road,5 OSM road entities,5,0,[],False,Current Operational Risk Index 61.7/100 (HIGH). Exact GIS overlay identifies mapped road and/or settlement exposure.,Prioritize monitoring and local verification of the mapped exposed assets.,27.271531,88.581078
P2-294,304,P2,HIGH,SKM_06333,61.7,63.4,60.8,57.2,Unnamed OSM road,8 OSM road entities,8,0,[],False,Current Operational Risk Index 61.7/100 (HIGH). Exact GIS overlay identifies mapped road and/or settlement exposure.,Prioritize monitoring and local verification of the mapped exposed assets.,27.257461,88.176859
P2-295,305,P2,HIGH,SKM_06538,61.7,59.1,58.5,53.5,Unnamed OSM road,3 OSM road entities,3,0,[],False,Current Operational Risk Index 61.7/100 (HIGH). Exact GIS overlay identifies mapped road and/or settlement exposure.,Prioritize monitoring and local verification of the mapped exposed assets.,27.234735,88.641144
P2-296,306,P2,HIGH,SKM_05175,61.6,58.2,58.5,53.4,NH310A · North Sikkim Highway / Unnamed OSM road,3 OSM road entities,3,0,[],False,Current Operational Risk Index 61.6/100 (HIGH). Exact GIS overlay identifies mapped road and/or settlement exposure.,Prioritize monitoring and local verification of the mapped exposed assets.,27.379364,88.623052
P2-297,307,P2,HIGH,SKM_06073,61.6,63.3,61.0,57.3,Rani Dhunga / Unnamed OSM road,5 OSM road entities,5,0,[],False,Current Operational Risk Index 61.6/100 (HIGH). Exact GIS overlay identifies mapped road and/or settlement exposure.,Prioritize monitoring and local verification of the mapped exposed assets.,27.284455,88.187247
P2-298,308,P2,HIGH,SKM_06248,61.6,63.2,60.6,57.1,Unnamed OSM settlement,8 OSM road entities; 1 mapped settlement,8,1,[],False,Current Operational Risk Index 61.6/100 (HIGH). Exact GIS overlay identifies mapped road and/or settlement exposure.,Prioritize monitoring and local verification of the mapped exposed assets.,27.266488,88.176954
P2-299,309,P2,HIGH,SKM_06959,61.5,62.4,60.6,56.2,SH / Unnamed OSM road,5 OSM road entities,5,0,[],False,Current Operational Risk Index 61.5/100 (HIGH). Exact GIS overlay identifies mapped road and/or settlement exposure.,Prioritize monitoring and local verification of the mapped exposed assets.,27.184088,88.307313
P2-300,310,P2,HIGH,SKM_06283,61.4,59.2,58.6,53.7,Unnamed OSM road,2 OSM road entities,2,0,[],False,Current Operational Risk Index 61.4/100 (HIGH). Exact GIS overlay identifies mapped road and/or settlement exposure.,Prioritize monitoring and local verification of the mapped exposed assets.,27.263068,88.530455
P2-301,311,P2,HIGH,SKM_07160,61.4,62.1,60.0,55.4,Unnamed OSM road,7 OSM road entities,7,0,[],False,Current Operational Risk Index 61.4/100 (HIGH). Exact GIS overlay identifies mapped road and/or settlement exposure.,Prioritize monitoring and local verification of the mapped exposed assets.,27.155201,88.488618
P2-302,312,P2,HIGH,SKM_07294,61.4,62.7,60.6,56.0,MDR / Unnamed OSM road,4 OSM road entities,4,0,[],False,Current Operational Risk Index 61.4/100 (HIGH). Exact GIS overlay identifies mapped road and/or settlement exposure.,Prioritize monitoring and local verification of the mapped exposed assets.,27.129257,88.377298
P2-303,313,P2,HIGH,SKM_07298,61.4,63.0,60.6,56.1,Unnamed OSM road,9 OSM road entities,9,0,[],False,Current Operational Risk Index 61.4/100 (HIGH). Exact GIS overlay identifies mapped road and/or settlement exposure.,Prioritize monitoring and local verification of the mapped exposed assets.,27.128855,88.417648
P2-304,314,P2,HIGH,SKM_07300,61.4,63.0,60.6,56.0,MDR / Unnamed OSM road,7 OSM road entities,7,0,[],False,Current Operational Risk Index 61.4/100 (HIGH). Exact GIS overlay identifies mapped road and/or settlement exposure.,Prioritize monitoring and local verification of the mapped exposed assets.,27.12865,88.437823
P2-305,315,P2,HIGH,SKM_07049,61.3,61.0,59.4,54.7,NH10 / Unnamed OSM road,18 OSM road entities,18,0,[],False,Current Operational Risk Index 61.3/100 (HIGH). Exact GIS overlay identifies mapped road and/or settlement exposure.,Prioritize monitoring and local verification of the mapped exposed assets.,27.172927,88.519131
P2-306,316,P2,HIGH,SKM_06273,61.2,59.3,58.6,53.7,Unnamed OSM road,9 OSM road entities,9,0,[],False,Current Operational Risk Index 61.2/100 (HIGH). Exact GIS overlay identifies mapped road and/or settlement exposure.,Prioritize monitoring and local verification of the mapped exposed assets.,27.264136,88.429461
P2-307,317,P2,HIGH,SKM_06336,61.2,62.9,60.4,56.8,Unnamed OSM road,5 OSM road entities,5,0,[],False,Current Operational Risk Index 61.2/100 (HIGH). Exact GIS overlay identifies mapped road and/or settlement exposure.,Prioritize monitoring and local verification of the mapped exposed assets.,27.257203,88.207159
P2-308,318,P2,HIGH,SKM_06431,61.1,61.3,59.7,55.3,Unnamed OSM road,3 OSM road entities,3,0,[],False,Current Operational Risk Index 61.1/100 (HIGH). Exact GIS overlay identifies mapped road and/or settlement exposure.,Prioritize monitoring and local verification of the mapped exposed assets.,27.246789,88.358543
P2-309,319,P2,HIGH,SKM_06775,61.1,58.9,58.1,53.2,SH / Unnamed OSM road,5 OSM road entities,5,0,[],False,Current Operational Risk Index 61.1/100 (HIGH). Exact GIS overlay identifies mapped road and/or settlement exposure.,Prioritize monitoring and local verification of the mapped exposed assets.,27.207543,88.650841
P2-310,320,P2,HIGH,SKM_06877,61.1,62.6,60.2,56.2,Unnamed OSM road,2 OSM road entities,2,0,[],False,Current Operational Risk Index 61.1/100 (HIGH). Exact GIS overlay identifies mapped road and/or settlement exposure.,Prioritize monitoring and local verification of the mapped exposed assets.,27.194019,88.206478
P2-311,321,P2,HIGH,SKM_07091,61.1,62.0,60.2,55.6,Earthern Road / Unnamed OSM road,9 OSM road entities,9,0,[],False,Current Operational Risk Index 61.1/100 (HIGH). Exact GIS overlay identifies mapped road and/or settlement exposure.,Prioritize monitoring and local verification of the mapped exposed assets.,27.165654,88.347467
P2-312,322,P2,HIGH,SKM_05580,61.0,58.1,57.8,52.8,Unnamed OSM road,6 OSM road entities,6,0,[],False,Current Operational Risk Index 61.0/100 (HIGH). Exact GIS overlay identifies mapped road and/or settlement exposure.,Prioritize monitoring and local verification of the mapped exposed assets.,27.335488,88.511235
P2-313,323,P2,HIGH,SKM_06247,61.0,62.6,60.1,56.5,Unnamed OSM road,3 OSM road entities,3,0,[],False,Current Operational Risk Index 61.0/100 (HIGH). Exact GIS overlay identifies mapped road and/or settlement exposure.,Prioritize monitoring and local verification of the mapped exposed assets.,27.266572,88.166853
P2-314,324,P2,HIGH,SKM_06818,61.0,61.7,59.9,55.5,Unnamed OSM road,5 OSM road entities,5,0,[],False,Current Operational Risk Index 61.0/100 (HIGH). Exact GIS overlay identifies mapped road and/or settlement exposure.,Prioritize monitoring and local verification of the mapped exposed assets.,27.201854,88.337807
P2-315,325,P2,HIGH,SKM_05828,60.9,59.4,58.7,54.0,MDR,1 OSM road entity,1,0,[],False,Current Operational Risk Index 60.9/100 (HIGH). Exact GIS overlay identifies mapped road and/or settlement exposure.,Prioritize monitoring and local verification of the mapped exposed assets.,27.309771,88.37952
P2-316,326,P2,HIGH,SKM_04189,60.8,54.3,54.3,50.0,MDR / Unnamed OSM road,6 OSM road entities,6,0,[],False,Current Operational Risk Index 60.8/100 (HIGH). Exact GIS overlay identifies mapped road and/or settlement exposure.,Prioritize monitoring and local verification of the mapped exposed assets.,27.497826,88.523568
P2-317,327,P2,HIGH,SKM_04986,60.8,59.6,59.7,54.5,Unnamed OSM road,5 OSM road entities,5,0,[],False,Current Operational Risk Index 60.8/100 (HIGH). Exact GIS overlay identifies mapped road and/or settlement exposure.,Prioritize monitoring and local verification of the mapped exposed assets.,27.400517,88.330077
P2-318,328,P2,HIGH,SKM_06414,60.8,62.5,59.9,56.3,Unnamed OSM road,5 OSM road entities,5,0,[],False,Current Operational Risk Index 60.8/100 (HIGH). Exact GIS overlay identifies mapped road and/or settlement exposure.,Prioritize monitoring and local verification of the mapped exposed assets.,27.24835,88.186863
P2-319,329,P2,HIGH,SKM_05111,60.7,59.4,59.1,54.4,NH310 / Unnamed OSM road,4 OSM road entities,4,0,[],False,Current Operational Risk Index 60.7/100 (HIGH). Exact GIS overlay identifies mapped road and/or settlement exposure.,Prioritize monitoring and local verification of the mapped exposed assets.,27.386152,88.805154
P2-320,330,P2,HIGH,SKM_06238,60.6,60.9,58.6,55.2,Unnamed OSM settlement,4 OSM road entities; 1 mapped settlement,4,1,[],False,Current Operational Risk Index 60.6/100 (HIGH). Exact GIS overlay identifies mapped road and/or settlement exposure.,Prioritize monitoring and local verification of the mapped exposed assets.,27.267301,88.075943
P2-321,331,P2,HIGH,SKM_06335,60.6,62.4,59.8,56.2,Unnamed OSM road,9 OSM road entities,9,0,[],False,Current Operational Risk Index 60.6/100 (HIGH). Exact GIS overlay identifies mapped road and/or settlement exposure.,Prioritize monitoring and local verification of the mapped exposed assets.,27.25729,88.197059
P2-322,332,P2,HIGH,SKM_06353,60.5,60.1,58.7,54.2,NH510 / SH,2 OSM road entities,2,0,[],False,Current Operational Risk Index 60.5/100 (HIGH). Exact GIS overlay identifies mapped road and/or settlement exposure.,Prioritize monitoring and local verification of the mapped exposed assets.,27.255617,88.378851
P2-323,333,P2,HIGH,SKM_06849,60.4,58.5,57.5,52.7,SH / Unnamed OSM road,2 OSM road entities,2,0,[],False,Current Operational Risk Index 60.4/100 (HIGH). Exact GIS overlay identifies mapped road and/or settlement exposure.,Prioritize monitoring and local verification of the mapped exposed assets.,27.198518,88.650708
P2-324,334,P2,HIGH,SKM_07161,60.4,61.0,58.9,54.3,Unnamed OSM road,17 OSM road entities,17,0,[],False,Current Operational Risk Index 60.4/100 (HIGH). Exact GIS overlay identifies mapped road and/or settlement exposure.,Prioritize monitoring and local verification of the mapped exposed assets.,27.155093,88.498708
P2-325,335,P2,HIGH,SKM_06534,60.3,58.1,57.4,52.4,NH 717A / Unnamed OSM road,11 OSM road entities,11,0,[],False,Current Operational Risk Index 60.3/100 (HIGH). Exact GIS overlay identifies mapped road and/or settlement exposure.,Prioritize monitoring and local verification of the mapped exposed assets.,27.235203,88.60076
P2-326,336,P2,HIGH,SKM_07043,60.3,61.0,59.1,54.5,Unnamed OSM road,6 OSM road entities,6,0,[],False,Current Operational Risk Index 60.3/100 (HIGH). Exact GIS overlay identifies mapped road and/or settlement exposure.,Prioritize monitoring and local verification of the mapped exposed assets.,27.17357,88.458584
P2-327,337,P2,HIGH,SKM_07155,60.3,61.5,59.3,54.8,Phong,10 OSM road entities; 1 mapped settlement,10,1,[],False,Current Operational Risk Index 60.3/100 (HIGH). Exact GIS overlay identifies mapped road and/or settlement exposure.,Prioritize monitoring and local verification of the mapped exposed assets.,27.155727,88.43817
P2-328,338,P2,HIGH,SKM_06820,60.1,60.6,58.9,54.4,Unnamed OSM road,9 OSM road entities,9,0,[],False,Current Operational Risk Index 60.1/100 (HIGH). Exact GIS overlay identifies mapped road and/or settlement exposure.,Prioritize monitoring and local verification of the mapped exposed assets.,27.20166,88.357996
P2-329,339,P2,HIGH,SKM_07309,60.1,61.8,59.2,54.7,Unnamed OSM road,4 OSM road entities,4,0,[],False,Current Operational Risk Index 60.1/100 (HIGH). Exact GIS overlay identifies mapped road and/or settlement exposure.,Prioritize monitoring and local verification of the mapped exposed assets.,27.122397,88.135087
P2-330,340,P2,HIGH,SKM_02554,59.9,61.1,61.7,56.7,NH310AG · North Sikkim Highway / Unnamed OSM road,3 OSM road entities,3,0,[],False,Current Operational Risk Index 59.9/100 (HIGH). Exact GIS overlay identifies mapped road and/or settlement exposure.,Prioritize monitoring and local verification of the mapped exposed assets.,27.704938,88.567
P2-331,341,P2,HIGH,SKM_05145,59.8,59.1,58.8,53.8,Unnamed OSM road,3 OSM road entities,3,0,[],False,Current Operational Risk Index 59.8/100 (HIGH). Exact GIS overlay identifies mapped road and/or settlement exposure.,Prioritize monitoring and local verification of the mapped exposed assets.,27.382562,88.319751
P2-332,342,P2,HIGH,SKM_06268,59.8,59.3,58.0,53.4,SH,1 OSM road entity,1,0,[],False,Current Operational Risk Index 59.8/100 (HIGH). Exact GIS overlay identifies mapped road and/or settlement exposure.,Prioritize monitoring and local verification of the mapped exposed assets.,27.264643,88.378963
P2-333,343,P2,HIGH,SKM_07016,59.8,61.2,58.9,54.7,Unnamed OSM road,9 OSM road entities,9,0,[],False,Current Operational Risk Index 59.8/100 (HIGH). Exact GIS overlay identifies mapped road and/or settlement exposure.,Prioritize monitoring and local verification of the mapped exposed assets.,27.176139,88.186098
P2-334,344,P2,HIGH,SKM_06249,59.5,61.3,58.6,55.1,Unnamed OSM road,6 OSM road entities,6,0,[],False,Current Operational Risk Index 59.5/100 (HIGH). Exact GIS overlay identifies mapped road and/or settlement exposure.,Prioritize monitoring and local verification of the mapped exposed assets.,27.266402,88.187055
P2-335,345,P2,HIGH,SKM_03054,59.3,58.9,58.9,54.7,NH310AG · North Sikkim Highway / Unnamed OSM road,7 OSM road entities,7,0,[],False,Current Operational Risk Index 59.3/100 (HIGH). Exact GIS overlay identifies mapped road and/or settlement exposure.,Prioritize monitoring and local verification of the mapped exposed assets.,27.641187,88.616765
P2-336,346,P2,HIGH,SKM_05192,59.3,57.8,57.5,52.7,NH310,1 OSM road entity,1,0,[],False,Current Operational Risk Index 59.3/100 (HIGH). Exact GIS overlay identifies mapped road and/or settlement exposure.,Prioritize monitoring and local verification of the mapped exposed assets.,27.377259,88.794899
P2-337,347,P2,HIGH,SKM_06170,59.3,61.0,58.6,55.0,NH510 / SH / Unnamed OSM road,12 OSM road entities,12,0,[],False,Current Operational Risk Index 59.3/100 (HIGH). Exact GIS overlay identifies mapped road and/or settlement exposure.,Prioritize monitoring and local verification of the mapped exposed assets.,27.274628,88.278064
P2-338,348,P2,HIGH,SKM_06811,59.2,60.4,58.4,54.2,Unnamed OSM road,3 OSM road entities,3,0,[],False,Current Operational Risk Index 59.2/100 (HIGH). Exact GIS overlay identifies mapped road and/or settlement exposure.,Prioritize monitoring and local verification of the mapped exposed assets.,27.202511,88.267145
P2-339,349,P2,HIGH,SKM_07367,59.2,60.8,58.5,53.9,Unnamed OSM road,2 OSM road entities,2,0,[],False,Current Operational Risk Index 59.2/100 (HIGH). Exact GIS overlay identifies mapped road and/or settlement exposure.,Prioritize monitoring and local verification of the mapped exposed assets.,27.10198,88.397137
P2-340,350,P2,HIGH,SKM_04263,59.0,52.5,52.5,48.2,MDR / NH310A · North Sikkim Highway / Unnamed OSM road,6 OSM road entities,6,0,[],False,Current Operational Risk Index 59.0/100 (HIGH). Exact GIS overlay identifies mapped road and/or settlement exposure.,Prioritize monitoring and local verification of the mapped exposed assets.,27.488801,88.523444
P2-341,351,P2,HIGH,SKM_05754,58.9,56.2,55.8,50.8,Unnamed OSM road,4 OSM road entities,4,0,[],False,Current Operational Risk Index 58.9/100 (HIGH). Exact GIS overlay identifies mapped road and/or settlement exposure.,Prioritize monitoring and local verification of the mapped exposed assets.,27.317438,88.51099
P2-342,352,P2,HIGH,SKM_07348,58.7,60.0,58.0,53.3,MDR / Unnamed OSM road,2 OSM road entities,2,0,[],False,Current Operational Risk Index 58.7/100 (HIGH). Exact GIS overlay identifies mapped road and/or settlement exposure.,Prioritize monitoring and local verification of the mapped exposed assets.,27.111304,88.36699
P2-343,353,P2,HIGH,SKM_02766,58.6,58.8,58.9,54.5,NH310AG · North Sikkim Highway,1 OSM road entity,1,0,[],False,Current Operational Risk Index 58.6/100 (HIGH). Exact GIS overlay identifies mapped road and/or settlement exposure.,Prioritize monitoring and local verification of the mapped exposed assets.,27.677518,88.597023
P2-344,354,P2,HIGH,SKM_07122,58.6,60.4,57.4,53.2,Unnamed OSM road,2 OSM road entities,2,0,[],False,Current Operational Risk Index 58.6/100 (HIGH). Exact GIS overlay identifies mapped road and/or settlement exposure.,Prioritize monitoring and local verification of the mapped exposed assets.,27.158745,88.105178
P2-345,355,P2,HIGH,SKM_07251,58.6,59.9,57.7,53.1,Unnamed OSM road,2 OSM road entities,2,0,[],False,Current Operational Risk Index 58.6/100 (HIGH). Exact GIS overlay identifies mapped road and/or settlement exposure.,Prioritize monitoring and local verification of the mapped exposed assets.,27.137983,88.407674
P2-346,356,P2,HIGH,SKM_05920,58.1,55.9,55.3,50.5,MDR / Unnamed OSM road,41 OSM road entities,41,0,[],False,Current Operational Risk Index 58.1/100 (HIGH). Exact GIS overlay identifies mapped road and/or settlement exposure.,Prioritize monitoring and local verification of the mapped exposed assets.,27.300341,88.419821
P2-347,357,P2,HIGH,SKM_03130,57.9,58.1,57.7,54.1,NH310A / Unnamed OSM road,2 OSM road entities,2,0,[],False,Current Operational Risk Index 57.9/100 (HIGH). Exact GIS overlay identifies mapped road and/or settlement exposure.,Prioritize monitoring and local verification of the mapped exposed assets.,27.631317,88.687557
P2-348,358,P2,HIGH,SKM_06296,57.9,54.7,54.4,49.2,Unnamed OSM road,1 OSM road entity,1,0,[],False,Current Operational Risk Index 57.9/100 (HIGH). Exact GIS overlay identifies mapped road and/or settlement exposure.,Prioritize monitoring and local verification of the mapped exposed assets.,27.261571,88.661739
P2-349,359,P2,HIGH,SKM_06670,57.6,57.6,56.0,51.5,Unnamed OSM road,2 OSM road entities,2,0,[],False,Current Operational Risk Index 57.6/100 (HIGH). Exact GIS overlay identifies mapped road and/or settlement exposure.,Prioritize monitoring and local verification of the mapped exposed assets.,27.219515,88.378406
P2-350,360,P2,HIGH,SKM_06407,57.4,58.4,55.9,52.3,Unnamed OSM road,4 OSM road entities,4,0,[],False,Current Operational Risk Index 57.4/100 (HIGH). Exact GIS overlay identifies mapped road and/or settlement exposure.,Prioritize monitoring and local verification of the mapped exposed assets.,27.248931,88.116168
P2-351,361,P2,HIGH,SKM_06507,57.4,58.2,56.2,52.1,Unnamed OSM road,9 OSM road entities,9,0,[],False,Current Operational Risk Index 57.4/100 (HIGH). Exact GIS overlay identifies mapped road and/or settlement exposure.,Prioritize monitoring and local verification of the mapped exposed assets.,27.238054,88.328141
P2-352,362,P2,HIGH,SKM_03196,57.0,56.5,56.4,52.3,NH310A,1 OSM road entity,1,0,[],False,Current Operational Risk Index 57.0/100 (HIGH). Exact GIS overlay identifies mapped road and/or settlement exposure.,Prioritize monitoring and local verification of the mapped exposed assets.,27.62266,88.657025
P2-353,363,P2,HIGH,SKM_06080,57.0,58.9,56.3,52.8,NH510 / Unnamed OSM road,17 OSM road entities,17,0,[],False,Current Operational Risk Index 57.0/100 (HIGH). Exact GIS overlay identifies mapped road and/or settlement exposure.,Prioritize monitoring and local verification of the mapped exposed assets.,27.283837,88.257963
P2-354,364,P2,HIGH,SKM_03336,56.9,56.0,56.3,51.9,NH310A / Unnamed OSM road,2 OSM road entities,2,0,[],False,Current Operational Risk Index 56.9/100 (HIGH). Exact GIS overlay identifies mapped road and/or settlement exposure.,Prioritize monitoring and local verification of the mapped exposed assets.,27.604612,88.656754
P2-355,365,P2,HIGH,SKM_05101,56.7,54.6,54.8,49.7,NH310,1 OSM road entity,1,0,[],False,Current Operational Risk Index 56.7/100 (HIGH). Exact GIS overlay identifies mapped road and/or settlement exposure.,Prioritize monitoring and local verification of the mapped exposed assets.,27.387423,88.704062
P2-356,366,P2,HIGH,SKM_05681,56.6,53.3,53.2,47.9,SH2 · Gangtok - Assam - Pakyong Road / Unnamed OSM road,2 OSM road entities,2,0,[],False,Current Operational Risk Index 56.6/100 (HIGH). Exact GIS overlay identifies mapped road and/or settlement exposure.,Prioritize monitoring and local verification of the mapped exposed assets.,27.324861,88.652575
P2-357,367,P2,HIGH,SKM_05974,56.5,56.7,54.5,51.2,Unnamed OSM road,1 OSM road entity,1,0,[],False,Current Operational Risk Index 56.5/100 (HIGH). Exact GIS overlay identifies mapped road and/or settlement exposure.,Prioritize monitoring and local verification of the mapped exposed assets.,27.294381,88.076204
P2-358,368,P2,HIGH,SKM_03063,56.2,56.4,55.8,52.4,NH310A,1 OSM road entity,1,0,[],False,Current Operational Risk Index 56.2/100 (HIGH). Exact GIS overlay identifies mapped road and/or settlement exposure.,Prioritize monitoring and local verification of the mapped exposed assets.,27.640093,88.707961
P2-359,369,P2,HIGH,SKM_07106,56.2,56.4,54.5,49.9,Unnamed OSM road,1 OSM road entity,1,0,[],False,Current Operational Risk Index 56.2/100 (HIGH). Exact GIS overlay identifies mapped road and/or settlement exposure.,Prioritize monitoring and local verification of the mapped exposed assets.,27.164119,88.498828
P2-360,370,P2,HIGH,SKM_06354,55.7,54.9,53.7,49.1,Unnamed OSM road,5 OSM road entities,5,0,[],False,Current Operational Risk Index 55.7/100 (HIGH). Exact GIS overlay identifies mapped road and/or settlement exposure.,Prioritize monitoring and local verification of the mapped exposed assets.,27.255517,88.38895
P2-361,371,P2,HIGH,SKM_04115,55.4,48.9,49.0,44.7,MDR / Unnamed OSM road,5 OSM road entities,5,0,[],False,Current Operational Risk Index 55.4/100 (HIGH). Exact GIS overlay identifies mapped road and/or settlement exposure.,Prioritize monitoring and local verification of the mapped exposed assets.,27.50685,88.523692
P2-362,372,P2,HIGH,SKM_07387,55.4,57.3,54.7,50.2,NH710 / Unnamed OSM road,4 OSM road entities,4,0,[],False,Current Operational Risk Index 55.4/100 (HIGH). Exact GIS overlay identifies mapped road and/or settlement exposure.,Prioritize monitoring and local verification of the mapped exposed assets.,27.083625,88.427163
P2-363,373,P2,HIGH,SKM_02198,54.5,56.8,57.6,52.4,NH310AG · North Sikkim Highway,1 OSM road entity,1,0,[],False,Current Operational Risk Index 54.5/100 (HIGH). Exact GIS overlay identifies mapped road and/or settlement exposure.,Prioritize monitoring and local verification of the mapped exposed assets.,27.750288,88.547358
P2-364,374,P2,HIGH,SKM_06730,54.2,55.7,53.3,49.4,Unnamed OSM road,1 OSM road entity,1,0,[],False,Current Operational Risk Index 54.2/100 (HIGH). Exact GIS overlay identifies mapped road and/or settlement exposure.,Prioritize monitoring and local verification of the mapped exposed assets.,27.212159,88.196576
P2-365,375,P2,HIGH,SKM_06419,54.1,55.7,53.3,49.7,Unnamed OSM road,12 OSM road entities,12,0,[],False,Current Operational Risk Index 54.1/100 (HIGH). Exact GIS overlay identifies mapped road and/or settlement exposure.,Prioritize monitoring and local verification of the mapped exposed assets.,27.247913,88.237359
P2-366,376,P2,HIGH,SKM_04338,53.9,47.8,48.0,43.6,NH310A · North Sikkim Highway,1 OSM road entity,1,0,[],False,Current Operational Risk Index 53.9/100 (HIGH). Exact GIS overlay identifies mapped road and/or settlement exposure.,Prioritize monitoring and local verification of the mapped exposed assets.,27.479665,88.533438
P2-367,377,P2,HIGH,SKM_05808,53.4,55.0,52.9,49.1,Unnamed OSM road,15 OSM road entities,15,0,[],False,Current Operational Risk Index 53.4/100 (HIGH). Exact GIS overlay identifies mapped road and/or settlement exposure.,Prioritize monitoring and local verification of the mapped exposed assets.,27.311619,88.17743
P2-368,378,P2,HIGH,SKM_05992,53.4,55.4,52.8,49.3,Gyalshing,26 OSM road entities; 1 mapped settlement,26,1,[],False,Current Operational Risk Index 53.4/100 (HIGH). Exact GIS overlay identifies mapped road and/or settlement exposure.,Prioritize monitoring and local verification of the mapped exposed assets.,27.292863,88.258065
P2-369,379,P2,HIGH,SKM_06345,53.1,54.5,52.3,48.4,SH / Unnamed OSM road,9 OSM road entities,9,0,[],False,Current Operational Risk Index 53.1/100 (HIGH). Exact GIS overlay identifies mapped road and/or settlement exposure.,Prioritize monitoring and local verification of the mapped exposed assets.,27.25639,88.298057
P2-370,380,P2,HIGH,SKM_07389,52.9,55.0,52.2,47.7,MDR / NH710 / NH710 · Melli Bridge,5 OSM road entities,5,0,[],False,Current Operational Risk Index 52.9/100 (HIGH). Exact GIS overlay identifies mapped road and/or settlement exposure.,Prioritize monitoring and local verification of the mapped exposed assets.,27.083419,88.44733
P2-371,381,P2,HIGH,SKM_07388,52.4,54.4,51.7,47.2,NH710 / Unnamed OSM road,3 OSM road entities,3,0,[],False,Current Operational Risk Index 52.4/100 (HIGH). Exact GIS overlay identifies mapped road and/or settlement exposure.,Prioritize monitoring and local verification of the mapped exposed assets.,27.083522,88.437247
P2-372,382,P2,HIGH,SKM_04265,51.6,46.0,46.3,41.7,Unnamed OSM road,9 OSM road entities,9,0,[],False,Current Operational Risk Index 51.6/100 (HIGH). Exact GIS overlay identifies mapped road and/or settlement exposure.,Prioritize monitoring and local verification of the mapped exposed assets.,27.488578,88.543683
P2-373,383,P2,HIGH,SKM_06583,51.4,52.6,50.5,46.5,SH / Unnamed OSM road,6 OSM road entities,6,0,[],False,Current Operational Risk Index 51.4/100 (HIGH). Exact GIS overlay identifies mapped road and/or settlement exposure.,Prioritize monitoring and local verification of the mapped exposed assets.,27.229312,88.297742
P2-374,384,P2,HIGH,SKM_03763,50.8,49.1,50.1,45.0,NH310A · North Sikkim Highway / Unnamed OSM road / old North Sikkim Highway,4 OSM road entities,4,0,[],False,Current Operational Risk Index 50.8/100 (HIGH). Exact GIS overlay identifies mapped road and/or settlement exposure.,Prioritize monitoring and local verification of the mapped exposed assets.,27.550707,88.635691
P2-375,385,P2,HIGH,SKM_06578,50.7,52.1,49.8,46.1,Unnamed OSM road,8 OSM road entities,8,0,[],False,Current Operational Risk Index 50.7/100 (HIGH). Exact GIS overlay identifies mapped road and/or settlement exposure.,Prioritize monitoring and local verification of the mapped exposed assets.,27.229771,88.247257
P2-376,386,P2,HIGH,SKM_06077,50.6,52.5,49.9,46.4,Unnamed OSM road,22 OSM road entities,22,0,[],False,Current Operational Risk Index 50.6/100 (HIGH). Exact GIS overlay identifies mapped road and/or settlement exposure.,Prioritize monitoring and local verification of the mapped exposed assets.,27.284106,88.227656
P2-377,387,P2,HIGH,SKM_06260,50.4,51.9,49.5,45.8,SH / Unnamed OSM road,24 OSM road entities,24,0,[],False,Current Operational Risk Index 50.4/100 (HIGH). Exact GIS overlay identifies mapped road and/or settlement exposure.,Prioritize monitoring and local verification of the mapped exposed assets.,27.265416,88.298162
P2-378,388,P2,HIGH,SKM_03834,50.3,48.6,49.8,44.6,NH310A · North Sikkim Highway / Unnamed OSM road / old North Sikkim Highway,7 OSM road entities,7,0,[],False,Current Operational Risk Index 50.3/100 (HIGH). Exact GIS overlay identifies mapped road and/or settlement exposure.,Prioritize monitoring and local verification of the mapped exposed assets.,27.541683,88.635557
P2-379,389,P2,HIGH,SKM_04785,50.2,46.9,47.5,42.4,Phensang,5 OSM road entities; 1 mapped settlement,5,1,[],False,Current Operational Risk Index 50.2/100 (HIGH). Exact GIS overlay identifies mapped road and/or settlement exposure.,Prioritize monitoring and local verification of the mapped exposed assets.,27.424603,88.613598
P2-380,390,P2,HIGH,SKM_06982,50.0,49.3,47.8,43.1,Unnamed OSM road,3 OSM road entities,3,0,[],False,Current Operational Risk Index 50.0/100 (HIGH). Exact GIS overlay identifies mapped road and/or settlement exposure.,Prioritize monitoring and local verification of the mapped exposed assets.,27.181732,88.539437
