cell_id,distance_to_drainage_km,distance_to_fault_km
SKM_00001,1.602707,1.506432
SKM_00002,0.214138,2.190121
SKM_00003,1.048339,2.467261
SKM_00004,2.032928,2.744402
SKM_00005,1.518995,2.596669
SKM_00006,0.99299,2.87381
SKM_00007,0.124525,3.15095
SKM_00008,0.991857,3.428091
SKM_00009,1.913677,3.705231
SKM_00010,2.167368,3.557499
SKM_00011,1.235142,3.834639
SKM_00012,0.247839,4.11178
SKM_00013,0.694032,4.38892
SKM_00014,1.015827,4.666061
SKM_00015,1.484675,4.943201
SKM_00016,5.116958,3.988244
SKM_00017,4.711443,4.112919
SKM_00018,3.102631,4.36227
SKM_00019,2.105097,4.520834
SKM_00020,1.105114,4.795469
SKM_00021,0.105434,5.072609
SKM_00022,0.185177,5.349749
SKM_00023,0.13875,5.62689
SKM_00024,0.691462,5.90403
SKM_00025,1.615094,6.181171
SKM_00026,6.474436,4.855766
SKM_00027,6.015574,4.980441
SKM_00028,5.200111,5.105117
SKM_00029,4.221058,5.229792
SKM_00030,3.254767,5.354468
SKM_00031,2.317258,5.495821
SKM_00032,1.347972,5.756298
SKM_00033,0.352432,6.033438
SKM_00034,0.643108,6.310579
SKM_00035,0.741714,6.587719
SKM_00036,0.82551,6.86486
SKM_00037,1.676865,7.142
SKM_00038,3.615618,7.696281
SKM_00039,3.478579,7.973422
SKM_00040,3.365529,8.250562
SKM_00041,3.080371,8.527702
SKM_00042,3.20999,9.359124
SKM_00043,3.561097,9.636264
SKM_00044,6.868158,5.847963
SKM_00045,6.053201,5.972639
SKM_00046,5.232791,6.097314
SKM_00047,4.256652,6.22199
SKM_00048,3.264768,6.346665
SKM_00049,2.275447,6.478438
SKM_00050,1.283802,6.717127
SKM_00051,0.326188,6.994268
SKM_00052,0.578037,7.271408
SKM_00053,1.578001,7.548549
SKM_00054,1.698474,7.825689
SKM_00055,2.23947,8.10283
SKM_00056,3.024175,8.37997
SKM_00057,2.753232,8.657111
SKM_00058,2.486291,8.934251
SKM_00059,2.401911,9.211391
SKM_00060,2.180538,9.488532
SKM_00061,1.838994,9.765672
SKM_00062,1.953418,10.042813
SKM_00063,2.24865,10.319953
SKM_00064,2.710938,10.597094
SKM_00065,3.345498,10.874234
SKM_00066,6.274237,6.840161
SKM_00067,5.493198,6.964836
SKM_00068,4.652434,7.089512
SKM_00069,3.887776,7.214187
SKM_00070,2.998645,7.338863
SKM_00071,2.158794,7.465672
SKM_00072,1.160823,7.677986
SKM_00073,0.163067,7.955097
SKM_00074,0.434747,8.232238
SKM_00075,1.426732,8.509378
SKM_00076,2.42531,8.786519
SKM_00077,2.289701,9.063659
SKM_00078,2.266574,9.3408
SKM_00079,1.868348,9.61794
SKM_00080,1.504253,9.89508
SKM_00081,1.485138,10.172221
SKM_00082,1.236784,10.449361
SKM_00083,0.856646,10.726502
SKM_00084,1.07002,11.003642
SKM_00085,1.32565,11.280783
SKM_00086,1.952103,11.557923
SKM_00087,2.555305,11.835063
SKM_00088,3.315061,12.112204
SKM_00089,3.80521,7.075522
SKM_00090,4.625798,7.208981
SKM_00091,5.612942,7.832359
SKM_00092,4.860025,7.957034
SKM_00093,4.130917,8.08171
SKM_00094,3.263287,8.206385
SKM_00095,2.473601,8.33106
SKM_00096,1.676345,8.455907
SKM_00097,0.769231,8.643933
SKM_00098,0.123949,8.915927
SKM_00099,0.772078,9.193067
SKM_00100,1.768281,9.470208
SKM_00101,1.710065,9.747348
SKM_00102,1.29243,10.024489
SKM_00103,1.281357,10.301629
SKM_00104,0.97569,10.578769
SKM_00105,0.539023,10.85591
SKM_00106,0.568755,11.13305
SKM_00107,0.311891,11.410191
SKM_00108,0.004265,11.687331
SKM_00109,0.134353,11.964472
SKM_00110,0.591774,12.241612
SKM_00111,1.141433,12.518752
SKM_00112,1.901387,12.795893
SKM_00113,2.635503,13.073033
SKM_00114,3.489402,13.350174
SKM_00115,2.404481,7.926559
SKM_00116,3.268992,8.065783
SKM_00117,4.194173,8.201179
SKM_00118,5.147413,8.325854
SKM_00119,5.06401,8.824556
SKM_00120,4.214133,8.949232
SKM_00121,3.445814,9.073907
SKM_00122,2.813874,9.198583
SKM_00123,1.895577,9.323258
SKM_00124,1.059528,9.447934
SKM_00125,0.438168,9.616844
SKM_00126,0.380916,9.876756
SKM_00127,1.065832,10.153897
SKM_00128,0.853446,10.431037
SKM_00129,0.973495,10.708177
SKM_00130,0.313081,10.985318
SKM_00131,0.287502,11.262458
SKM_00132,0.205956,11.539599
SKM_00133,0.269045,11.816739
SKM_00134,0.013761,12.09388
SKM_00135,0.620353,12.37102
SKM_00136,0.879607,12.648161
SKM_00137,0.727758,12.925301
SKM_00138,0.252752,13.202441
SKM_00139,0.48999,13.479582
SKM_00140,1.253379,13.756722
SKM_00141,2.169035,14.033863
SKM_00142,3.094295,14.311003
SKM_00143,3.936082,14.588144
SKM_00144,1.993641,8.91682
SKM_00145,2.979829,9.056044
SKM_00146,3.972928,9.193376
SKM_00147,4.685029,9.318052
SKM_00148,5.239498,9.442727
SKM_00149,5.802694,9.567403
SKM_00150,4.509079,9.816754
SKM_00151,3.718299,9.941429
SKM_00152,2.830674,10.066105
SKM_00153,2.031608,10.19078
SKM_00154,1.497382,10.315456
SKM_00155,0.652778,10.440131
SKM_00156,0.045055,10.5948
SKM_00157,0.115605,10.837586
SKM_00158,0.100063,11.114726
SKM_00159,0.078962,11.391866
SKM_00160,0.066029,11.669007
SKM_00161,0.332737,11.946147
SKM_00162,0.636441,12.223288
SKM_00163,0.736049,12.500428
SKM_00164,0.689212,12.777569
SKM_00165,0.331282,13.054709
SKM_00166,0.51207,13.33185
SKM_00167,1.480759,13.60899
SKM_00168,1.556048,13.88613
SKM_00169,0.674292,14.163271
SKM_00170,0.03844,14.440411
SKM_00171,0.900126,14.717552
SKM_00172,1.713734,14.994692
SKM_00173,2.579115,15.271833
SKM_00174,3.453696,15.548973
SKM_00175,4.112192,15.826114
SKM_00176,1.12379,9.767858
SKM_00177,2.04149,9.907081
SKM_00178,3.012052,10.046305
SKM_00179,3.351038,10.185528
SKM_00180,3.838268,10.310249
SKM_00181,4.498349,10.434925
SKM_00182,5.191944,10.5596
SKM_00183,4.391646,10.684276
SKM_00184,3.690098,10.808951
SKM_00185,3.153901,10.933627
SKM_00186,2.386321,11.058302
SKM_00187,1.48578,11.182978
SKM_00188,0.617437,11.307653
SKM_00189,0.22472,11.432329
SKM_00190,0.583056,11.576523
SKM_00191,1.109513,11.799623
SKM_00192,0.857396,12.075555
SKM_00193,0.903889,12.352696
SKM_00194,0.875597,12.629836
SKM_00195,1.050908,12.906977
SKM_00196,1.579716,13.184117
SKM_00197,1.653437,13.461258
SKM_00198,1.681831,13.738398
SKM_00199,0.95069,14.015539
SKM_00200,0.913369,14.292679
SKM_00201,1.662731,14.569819
SKM_00202,1.709696,14.84696
SKM_00203,0.737768,15.1241
SKM_00204,0.143294,15.401241
SKM_00205,0.343323,15.678381
SKM_00206,1.26125,15.955522
SKM_00207,2.059041,16.232662
SKM_00208,2.837744,16.509803
SKM_00209,3.183085,16.786943
SKM_00210,3.612661,17.073221
SKM_00211,1.859027,10.758119
SKM_00212,2.229,10.897342
SKM_00213,2.123537,11.036566
SKM_00214,2.45199,11.175789
SKM_00215,3.084655,11.302447
SKM_00216,3.875299,11.427122
SKM_00217,4.71607,11.551798
SKM_00218,3.817274,11.676473
SKM_00219,2.983597,11.801149
SKM_00220,2.287383,11.925824
SKM_00221,1.887429,12.0505
SKM_00222,1.129009,12.175175
SKM_00223,0.172694,12.299851
SKM_00224,0.61494,12.424526
SKM_00225,1.189215,12.56113
SKM_00226,1.949617,12.767036
SKM_00227,1.830221,13.036385
SKM_00228,1.84483,13.313525
SKM_00229,1.860371,13.590666
SKM_00230,1.996591,13.867806
SKM_00231,2.422248,14.144947
SKM_00232,2.610917,14.422087
SKM_00233,2.354869,14.699228
SKM_00234,1.86436,14.976368
SKM_00235,1.845609,15.253508
SKM_00236,2.31013,15.530649
SKM_00237,2.029217,15.807789
SKM_00238,1.166598,16.08493
SKM_00239,0.693904,16.36207
SKM_00240,0.105618,16.639211
SKM_00241,0.740947,16.916351
SKM_00242,1.708096,17.193491
SKM_00243,1.891644,17.470632
SKM_00244,2.290849,17.747772
SKM_00245,2.774062,18.027109
SKM_00246,3.355394,18.344159
SKM_00247,4.068495,18.709348
SKM_00248,1.166575,11.330709
SKM_00249,1.77904,11.469933
SKM_00250,2.186342,11.609156
SKM_00251,1.793086,11.74838
SKM_00252,1.308451,11.887603
SKM_00253,1.136753,12.026827
SKM_00254,1.671841,12.16605
SKM_00255,2.509561,12.294644
SKM_00256,3.435221,12.41932
SKM_00257,4.393584,12.543995
SKM_00258,3.443343,12.668671
SKM_00259,2.487344,12.793346
SKM_00260,1.586552,12.918022
SKM_00261,0.920552,13.042697
SKM_00262,1.085212,13.167373
SKM_00263,0.196948,13.292048
SKM_00264,0.561094,13.416724
SKM_00265,1.525324,13.547993
SKM_00266,2.517612,13.739116
SKM_00267,2.811673,13.997214
SKM_00268,2.81879,14.274355
SKM_00269,2.85561,14.551495
SKM_00270,2.950483,14.828636
SKM_00271,3.285856,15.105776
SKM_00272,3.591646,15.382916
SKM_00273,3.180792,15.660057
SKM_00274,2.836876,15.937197
SKM_00275,2.824588,16.214338
SKM_00276,3.147814,16.491478
SKM_00277,2.578634,16.768619
SKM_00278,1.951918,17.045759
SKM_00279,1.357075,17.3229
SKM_00280,0.376385,17.60004
SKM_00281,0.438142,17.87718
SKM_00282,0.778939,18.154321
SKM_00283,0.954676,18.431461
SKM_00284,1.37959,18.708602
SKM_00285,1.951286,18.985743
SKM_00286,2.664864,19.287041
SKM_00287,3.520722,19.634701
SKM_00288,1.177988,12.042523
SKM_00289,2.158481,12.181747
SKM_00290,2.133333,12.32097
SKM_00291,1.952186,12.460194
SKM_00292,1.30564,12.599417
SKM_00293,0.949974,12.738641
SKM_00294,0.391747,12.877864
SKM_00295,0.273874,13.017088
SKM_00296,1.256125,13.156311
SKM_00297,2.25404,13.286842
SKM_00298,3.253235,13.411518
SKM_00299,4.252809,13.536193
SKM_00300,3.33791,13.660868
SKM_00301,2.339211,13.785544
SKM_00302,1.342452,13.910219
SKM_00303,0.363931,14.034895
SKM_00304,0.231275,14.15957
SKM_00305,0.303628,14.284246
SKM_00306,0.64526,14.408921
SKM_00307,1.608652,14.536651
SKM_00308,2.572582,14.714939
SKM_00309,3.552336,14.958096
SKM_00310,3.806279,15.235184
SKM_00311,3.853316,15.512325
SKM_00312,3.924141,15.789465
SKM_00313,4.210275,16.066605
SKM_00314,4.556208,16.343746
SKM_00315,4.085274,16.620886
SKM_00316,3.823597,16.898027
SKM_00317,3.814489,17.175167
SKM_00318,3.992212,17.452308
SKM_00319,3.336705,17.729448
SKM_00320,2.605043,18.006589
SKM_00321,1.741541,18.283729
SKM_00322,0.894689,18.560869
SKM_00323,0.363688,18.83801
SKM_00324,0.118842,19.11515
SKM_00325,0.058773,19.392291
SKM_00326,0.596964,19.669431
SKM_00327,1.284659,19.946572
SKM_00328,2.223586,20.235408
SKM_00329,3.199737,20.567044
SKM_00330,1.161745,13.032784
SKM_00331,2.13318,13.172008
SKM_00332,2.084877,13.311231
SKM_00333,1.331593,13.450455
SKM_00334,0.539196,13.589678
SKM_00335,0.011525,13.728902
SKM_00336,0.187858,13.868125
SKM_00337,0.861393,14.007349
SKM_00338,1.536441,14.146572
SKM_00339,2.421465,14.27904
SKM_00340,3.115087,14.403715
SKM_00341,3.738681,14.528391
SKM_00342,3.480894,14.653066
SKM_00343,2.52845,14.777742
SKM_00344,1.633859,14.902417
SKM_00345,0.961271,15.027093
SKM_00346,0.547457,15.151768
SKM_00347,0.359047,15.276443
SKM_00348,0.602151,15.401119
SKM_00349,1.594173,15.526761
SKM_00350,2.592332,15.693805
SKM_00351,3.039646,15.92202
SKM_00352,3.121546,16.196014
SKM_00353,3.499807,16.473154
SKM_00354,4.093073,16.750294
SKM_00355,4.817115,17.027435
SKM_00356,5.415816,17.304575
SKM_00357,5.026081,17.581716
SKM_00358,4.815799,17.858856
SKM_00359,4.808571,18.135997
SKM_00360,4.735791,18.413137
SKM_00361,3.958902,18.690278
SKM_00362,3.123143,18.967418
SKM_00363,2.301237,19.244558
SKM_00364,1.663044,19.521699
SKM_00365,1.261193,19.798839
SKM_00366,1.095321,20.07598
SKM_00367,0.630122,20.35312
SKM_00368,0.425898,20.630261
SKM_00369,1.221958,20.907401
SKM_00370,2.187959,21.188523
SKM_00371,3.175083,21.505466
SKM_00372,3.114529,21.863591
SKM_00373,3.126078,12.909257
SKM_00374,3.656608,13.048481
SKM_00375,2.722605,13.187704
SKM_00376,1.858594,13.326928
SKM_00377,1.209256,13.466151
SKM_00378,0.830417,13.605375
SKM_00379,1.022475,13.883822
SKM_00380,1.731621,14.023045
SKM_00381,2.504538,14.162269
SKM_00382,1.723912,14.301492
SKM_00383,0.744429,14.440716
SKM_00384,0.02506,14.579939
SKM_00385,0.738552,14.719163
SKM_00386,1.153109,14.858386
SKM_00387,1.580181,14.99761
SKM_00388,1.689746,15.136833
SKM_00389,1.768958,15.271237
SKM_00390,2.324475,15.395913
SKM_00391,3.110813,15.520588
SKM_00392,3.862929,15.645264
SKM_00393,3.032786,15.769939
SKM_00394,2.33357,15.894615
SKM_00395,1.585562,16.01929
SKM_00396,0.681362,16.143966
SKM_00397,0.086621,16.268641
SKM_00398,0.946297,16.393317
SKM_00399,1.873049,16.518064
SKM_00400,2.382388,16.67518
SKM_00401,2.044596,16.89014
SKM_00402,2.16448,17.156843
SKM_00403,2.681338,17.433983
SKM_00404,3.408072,17.711124
SKM_00405,4.227727,17.988264
SKM_00406,4.672289,18.265405
SKM_00407,4.96198,18.542545
SKM_00408,5.365854,18.819686
SKM_00409,5.577099,19.096826
SKM_00410,4.952742,19.373967
SKM_00411,4.46196,19.651107
SKM_00412,3.713612,19.928247
SKM_00413,3.048162,20.205388
SKM_00414,2.58259,20.482528
SKM_00415,2.204156,20.759669
SKM_00416,2.044122,21.036809
SKM_00417,1.513842,21.31395
SKM_00418,1.392342,21.59109
SKM_00419,1.817149,21.86823
SKM_00420,2.574878,22.145774
SKM_00421,3.453112,22.449206
SKM_00422,2.819737,22.792507
SKM_00423,3.760902,13.635728
SKM_00424,3.766803,13.760295
SKM_00425,3.367762,13.899518
SKM_00426,3.170285,14.038742
SKM_00427,3.265496,14.177965
SKM_00428,2.589452,14.317189
SKM_00429,2.072209,14.456412
SKM_00430,1.736314,14.595636
SKM_00431,1.564366,14.734859
SKM_00432,1.777941,14.874083
SKM_00433,2.42382,15.013306
SKM_00434,2.700448,15.15253
SKM_00435,1.724119,15.291753
SKM_00436,0.736201,15.430977
SKM_00437,0.253848,15.5702
SKM_00438,1.233112,15.709424
SKM_00439,2.082485,15.848647
SKM_00440,1.510194,15.987871
SKM_00441,0.744754,16.127094
SKM_00442,0.910291,16.263435
SKM_00443,1.76142,16.38811
SKM_00444,2.715985,16.512786
SKM_00445,3.693282,16.637461
SKM_00446,2.989313,16.762137
SKM_00447,2.01903,16.886812
SKM_00448,1.079574,17.011488
SKM_00449,0.212501,17.136163
SKM_00450,0.615699,17.260839
SKM_00451,1.463215,17.385514
SKM_00452,2.282698,17.51019
SKM_00453,1.617622,17.658645
SKM_00454,1.058915,17.861773
SKM_00455,1.275108,18.117672
SKM_00456,2.005122,18.394813
SKM_00457,2.876925,18.671953
SKM_00458,3.586223,18.949094
SKM_00459,3.6958,19.226234
SKM_00460,4.040155,19.503375
SKM_00461,4.496444,19.780515
SKM_00462,4.834661,20.057655
SKM_00463,4.164482,20.334796
SKM_00464,3.571127,20.611936
SKM_00465,3.124377,20.889077
SKM_00466,2.690732,21.166217
SKM_00467,2.303858,21.443358
SKM_00468,1.763184,21.720498
SKM_00469,1.217903,21.997639
SKM_00470,0.746107,22.274779
SKM_00471,1.180137,22.551919
SKM_00472,2.031876,22.82906
SKM_00473,2.95715,23.1062
SKM_00474,3.845908,23.39762
SKM_00475,2.863834,23.727203
SKM_00476,3.057195,13.699143
SKM_00477,3.586503,13.802612
SKM_00478,5.871285,14.319955
SKM_00479,5.340075,14.423423
SKM_00480,4.677743,14.526892
SKM_00481,3.819707,14.630361
SKM_00482,3.049434,14.750556
SKM_00483,2.451109,14.889779
SKM_00484,2.171825,15.029003
SKM_00485,2.329315,15.168226
SKM_00486,2.852121,15.30745
SKM_00487,3.009733,15.446673
SKM_00488,2.698353,15.585897
SKM_00489,2.561808,15.72512
SKM_00490,2.697534,15.864344
SKM_00491,3.160779,16.003567
SKM_00492,2.389849,16.142791
SKM_00493,1.487589,16.282014
SKM_00494,0.616208,16.421238
SKM_00495,0.313398,16.560461
SKM_00496,0.915047,16.699685
SKM_00497,1.713409,16.838908
SKM_00498,1.377948,16.978132
SKM_00499,0.4087,17.117355
SKM_00500,0.586869,17.255632
SKM_00501,1.499738,17.380308
SKM_00502,2.462988,17.504983
SKM_00503,3.431772,17.629659
SKM_00504,2.7911,17.754334
SKM_00505,1.879506,17.87901
SKM_00506,0.883255,18.003685
SKM_00507,0.098428,18.128361
SKM_00508,1.033093,18.253036
SKM_00509,1.979042,18.377712
SKM_00510,2.247894,18.502387
SKM_00511,1.248049,18.643869
SKM_00512,0.249454,18.836376
SKM_00513,0.647974,19.07942
SKM_00514,1.597295,19.355642
SKM_00515,2.540773,19.632783
SKM_00516,2.587785,19.909923
SKM_00517,2.736346,20.187064
SKM_00518,3.129835,20.464204
SKM_00519,3.693729,20.741344
SKM_00520,4.098635,21.018485
SKM_00521,3.433569,21.295625
SKM_00522,2.753504,21.572766
SKM_00523,2.229088,21.849906
SKM_00524,1.824286,22.127047
SKM_00525,1.385577,22.404187
SKM_00526,1.056949,22.681328
SKM_00527,0.361682,22.958468
SKM_00528,0.05876,23.235608
SKM_00529,0.811402,23.512749
SKM_00530,1.809583,23.789889
SKM_00531,2.809058,24.06703
SKM_00532,3.808809,24.350162
SKM_00533,3.232982,24.667021
SKM_00534,4.320211,13.762558
SKM_00535,4.103422,13.866026
SKM_00536,3.480864,13.969495
SKM_00537,3.065088,14.072964
SKM_00538,3.132954,14.486838
SKM_00539,3.626132,14.590307
SKM_00540,3.989855,14.693776
SKM_00541,4.408571,14.797244
SKM_00542,4.995203,14.900713
SKM_00543,5.665132,15.10765
SKM_00544,6.049931,15.211119
SKM_00545,6.255368,15.314587
SKM_00546,5.276221,15.418056
SKM_00547,4.306669,15.521525
SKM_00548,3.355038,15.624993
SKM_00549,2.442369,15.740817
SKM_00550,1.635253,15.88004
SKM_00551,1.175984,16.019264
SKM_00552,1.446314,16.158487
SKM_00553,2.191052,16.297711
SKM_00554,3.083763,16.436934
SKM_00555,3.680683,16.576158
SKM_00556,3.560685,16.715381
SKM_00557,3.643551,16.854605
SKM_00558,2.721569,16.993828
SKM_00559,1.85424,17.133052
SKM_00560,1.09488,17.272275
SKM_00561,0.218763,17.411499
SKM_00562,0.032754,17.550722
SKM_00563,0.595463,17.689946
SKM_00564,1.572214,17.829169
SKM_00565,1.292618,17.968393
SKM_00566,0.358855,18.107616
SKM_00567,0.500477,18.24684
SKM_00568,1.467088,18.372505
SKM_00569,2.447807,18.497181
SKM_00570,2.467139,18.621856
SKM_00571,2.195187,18.746532
SKM_00572,1.49288,18.871207
SKM_00573,0.555597,18.995883
SKM_00574,0.262344,19.120558
SKM_00575,1.239928,19.245234
SKM_00576,1.808309,19.369909
SKM_00577,2.179387,19.494585
SKM_00578,1.210573,19.630587
SKM_00579,0.280428,19.813509
SKM_00580,0.694882,20.044709
SKM_00581,1.428349,20.316472
SKM_00582,1.55369,20.593612
SKM_00583,1.589087,20.870753
SKM_00584,1.808843,21.147893
SKM_00585,2.285057,21.425033
SKM_00586,3.01152,21.702174
SKM_00587,3.432405,21.979314
SKM_00588,2.685936,22.256455
SKM_00589,2.049578,22.533595
SKM_00590,1.348728,22.810736
SKM_00591,0.895365,23.087876
SKM_00592,0.459296,23.365017
SKM_00593,0.078859,23.642157
SKM_00594,0.306062,23.919297
SKM_00595,0.910217,24.196438
SKM_00596,1.297756,24.473578
SKM_00597,2.087724,24.750719
SKM_00598,2.997032,25.027859
SKM_00599,3.950418,25.306367
SKM_00600,3.834424,25.611398
SKM_00601,4.448887,14.757191
SKM_00602,3.862843,14.860659
SKM_00603,3.275552,14.964128
SKM_00604,2.9218,15.067596
SKM_00605,2.645732,15.171065
SKM_00606,2.081665,15.274534
SKM_00607,2.23611,15.481471
SKM_00608,2.886801,15.58494
SKM_00609,3.696897,15.688408
SKM_00610,4.107428,15.791877
SKM_00611,4.231807,15.895346
SKM_00612,4.724424,16.102283
SKM_00613,5.179586,16.205751
SKM_00614,5.504138,16.30922
SKM_00615,5.148265,16.412689
SKM_00616,4.148917,16.516157
SKM_00617,3.149984,16.619626
SKM_00618,2.152042,16.731268
SKM_00619,1.157657,16.870301
SKM_00620,0.221487,17.009525
SKM_00621,0.870599,17.148748
SKM_00622,1.861942,17.287972
SKM_00623,2.85932,17.427195
SKM_00624,3.85805,17.566419
SKM_00625,3.919889,17.705642
SKM_00626,3.202014,17.844866
SKM_00627,2.307346,17.984089
SKM_00628,1.450599,18.123313
SKM_00629,0.485501,18.262536
SKM_00630,0.277789,18.40176
SKM_00631,0.914305,18.540983
SKM_00632,1.31665,18.680207
SKM_00633,1.967704,18.81943
SKM_00634,1.047049,18.958654
SKM_00635,0.064803,19.097877
SKM_00636,0.846637,19.237101
SKM_00637,1.613317,19.364703
SKM_00638,2.089579,19.489378
SKM_00639,1.540983,19.614054
SKM_00640,1.226705,19.738729
SKM_00641,0.785652,19.863405
SKM_00642,0.090249,19.98808
SKM_00643,0.638154,20.112756
SKM_00644,0.554821,20.237431
SKM_00645,1.081227,20.362107
SKM_00646,1.488343,20.486782
SKM_00647,1.196988,20.618585
SKM_00648,0.415727,20.792818
SKM_00649,0.12947,21.013245
SKM_00650,0.83123,21.277301
SKM_00651,0.610227,21.554442
SKM_00652,0.59088,21.831582
SKM_00653,0.89406,22.108722
SKM_00654,1.626967,22.385863
SKM_00655,2.488728,22.663003
SKM_00656,2.749736,22.940144
SKM_00657,2.0205,23.217284
SKM_00658,1.276598,23.494425
SKM_00659,0.639109,23.771565
SKM_00660,0.027051,24.048706
SKM_00661,0.395681,24.325846
SKM_00662,0.814035,24.602986
SKM_00663,1.131596,24.880127
SKM_00664,1.719424,25.157267
SKM_00665,2.130907,25.434408
SKM_00666,2.71164,25.711548
SKM_00667,3.471958,25.988689
SKM_00668,4.32208,26.265829
SKM_00669,4.47655,26.559848
SKM_00670,4.048853,15.751823
SKM_00671,3.193883,15.855292
SKM_00672,2.451238,15.958761
SKM_00673,1.953522,16.062229
SKM_00674,1.903662,16.165698
SKM_00675,1.232118,16.269166
SKM_00676,0.922792,16.372635
SKM_00677,1.478166,16.476104
SKM_00678,2.349128,16.579572
SKM_00679,3.009146,16.683041
SKM_00680,3.11517,16.78651
SKM_00681,3.239575,16.889978
SKM_00682,3.456983,16.993447
SKM_00683,3.814005,17.096916
SKM_00684,4.249617,17.200384
SKM_00685,4.576561,17.303853
SKM_00686,5.068807,17.407321
SKM_00687,4.178895,17.51079
SKM_00688,3.179912,17.614259
SKM_00689,2.180928,17.722691
SKM_00690,1.181945,17.860562
SKM_00691,0.182961,17.999786
SKM_00692,0.816022,18.139009
SKM_00693,1.815006,18.278233
SKM_00694,2.81399,18.417456
SKM_00695,3.767194,18.55668
SKM_00696,3.3815,18.695903
SKM_00697,2.518718,18.835127
SKM_00698,1.797584,18.97435
SKM_00699,0.978076,19.113574
SKM_00700,0.081358,19.252797
SKM_00701,0.638743,19.392021
SKM_00702,1.630922,19.531244
SKM_00703,2.141477,19.670468
SKM_00704,2.227418,19.809691
SKM_00705,1.306693,19.948915
SKM_00706,0.449041,20.088138
SKM_00707,0.234218,20.227362
SKM_00708,0.842272,20.356901
SKM_00709,1.184346,20.481576
SKM_00710,0.764858,20.606252
SKM_00711,0.305042,20.730927
SKM_00712,0.029298,20.855602
SKM_00713,0.579837,20.980278
SKM_00714,0.722971,21.104953
SKM_00715,0.069438,21.229629
SKM_00716,0.832985,21.354304
SKM_00717,0.492312,21.47898
SKM_00718,0.253284,21.607688
SKM_00719,0.145219,21.774007
SKM_00720,0.843137,21.984599
SKM_00721,1.158319,22.238205
SKM_00722,0.523528,22.515271
SKM_00723,0.39157,22.792411
SKM_00724,0.268056,23.069552
SKM_00725,1.181138,23.346692
SKM_00726,2.169465,23.623833
SKM_00727,1.992215,23.900973
SKM_00728,1.350414,24.178114
SKM_00729,0.611298,24.455254
SKM_00730,0.104553,24.732395
SKM_00731,0.770586,25.009535
SKM_00732,1.282402,25.286675
SKM_00733,1.754416,25.563816
SKM_00734,2.060295,25.840956
SKM_00735,2.51627,26.118097
SKM_00736,3.062069,26.395237
SKM_00737,3.497024,26.672378
SKM_00738,4.12575,26.949518
SKM_00739,4.871348,27.226658
SKM_00740,3.69764,16.746528
SKM_00741,2.735,16.849925
SKM_00742,1.813257,16.953393
SKM_00743,1.0467,17.056862
SKM_00744,0.950401,17.160331
SKM_00745,0.792619,17.263799
SKM_00746,0.183544,17.367268
SKM_00747,1.170368,17.470736
SKM_00748,1.747177,17.574205
SKM_00749,2.091674,17.677674
SKM_00750,2.122939,17.781142
SKM_00751,2.247343,17.884611
SKM_00752,2.503028,17.98808
SKM_00753,2.96194,18.091548
SKM_00754,3.291516,18.195017
SKM_00755,3.687043,18.298486
SKM_00756,4.282317,18.401954
SKM_00757,4.224395,18.505423
SKM_00758,3.226693,18.608891
SKM_00759,2.231049,18.715027
SKM_00760,1.242423,18.850823
SKM_00761,0.298912,18.990046
SKM_00762,0.61763,19.12927
SKM_00763,1.534171,19.268493
SKM_00764,2.461104,19.407717
SKM_00765,3.40328,19.54694
SKM_00766,2.782263,19.686164
SKM_00767,1.969294,19.825388
SKM_00768,1.146053,19.964611
SKM_00769,0.443736,20.103835
SKM_00770,0.279663,20.243058
SKM_00771,1.101089,20.382282
SKM_00772,1.942724,20.521505
SKM_00773,2.83696,20.660729
SKM_00774,2.638524,20.799952
SKM_00775,1.857078,20.939176
SKM_00776,1.093605,21.078399
SKM_00777,0.540411,21.217623
SKM_00778,0.084367,21.349098
SKM_00779,0.486212,21.473774
SKM_00780,0.104724,21.598449
SKM_00781,0.626437,21.723125
SKM_00782,0.863906,21.8478
SKM_00783,0.945397,21.972476
SKM_00784,0.326637,22.097151
SKM_00785,0.065417,22.221827
SKM_00786,0.034768,22.346502
SKM_00787,0.372745,22.471177
SKM_00788,0.399311,22.597749
SKM_00789,0.264654,22.756834
SKM_00790,1.236556,22.958412
SKM_00791,1.936366,23.201377
SKM_00792,1.396083,23.4761
SKM_00793,0.926486,23.753241
SKM_00794,0.053762,24.030381
SKM_00795,0.946695,24.307522
SKM_00796,1.500639,24.584662
SKM_00797,1.259455,24.861803
SKM_00798,0.642705,25.138943
SKM_00799,0.027425,25.416083
SKM_00800,0.760253,25.693224
SKM_00801,1.503484,25.970364
SKM_00802,2.181761,26.247505
SKM_00803,2.375276,26.524645
SKM_00804,2.710488,26.801786
SKM_00805,3.324387,27.078926
SKM_00806,3.90953,27.356067
SKM_00807,4.36685,27.633207
SKM_00808,4.880732,27.910347
SKM_00809,4.971934,28.187488
SKM_00810,5.25535,28.467333
SKM_00811,4.993755,28.77361
SKM_00812,4.461997,29.111031
SKM_00813,4.598282,17.674886
SKM_00814,3.598871,17.741744
SKM_00815,2.599914,17.844557
SKM_00816,1.602259,17.948026
SKM_00817,0.612302,18.051495
SKM_00818,0.051291,18.154963
SKM_00819,0.534888,18.258432
SKM_00820,0.153122,18.361901
SKM_00821,0.780452,18.465369
SKM_00822,0.775964,18.568838
SKM_00823,1.093555,18.672306
SKM_00824,1.130707,18.775775
SKM_00825,1.257643,18.879244
SKM_00826,1.578482,18.982712
SKM_00827,2.106967,19.086181
SKM_00828,2.344305,19.18965
SKM_00829,2.871177,19.293118
SKM_00830,3.512559,19.396587
SKM_00831,4.02293,19.500056
SKM_00832,3.45135,19.603524
SKM_00833,2.531935,19.708138
SKM_00834,1.615393,19.841084
SKM_00835,0.698851,19.980307
SKM_00836,0.241633,20.119531
SKM_00837,1.183809,20.258754
SKM_00838,2.125981,20.397978
SKM_00839,3.070648,20.537201
SKM_00840,2.338589,20.676425
SKM_00841,1.417735,20.815648
SKM_00842,0.557095,20.954872
SKM_00843,0.051842,21.094095
SKM_00844,0.465858,21.233319
SKM_00845,1.450108,21.372542
SKM_00846,2.447162,21.511766
SKM_00847,2.816395,21.650989
SKM_00848,2.27217,21.790213
SKM_00849,1.927895,21.929437
SKM_00850,1.929393,22.06866
SKM_00851,1.258309,22.207884
SKM_00852,0.734822,22.341296
SKM_00853,0.07736,22.465971
SKM_00854,0.807672,22.590647
SKM_00855,0.9202,22.715322
SKM_00856,1.061171,22.839998
SKM_00857,0.248961,22.964673
SKM_00858,0.300378,23.089349
SKM_00859,0.835907,23.214024
SKM_00860,0.958026,23.3387
SKM_00861,1.264726,23.463375
SKM_00862,1.102351,23.588649
SKM_00863,0.871969,23.741095
SKM_00864,1.489341,23.934385
SKM_00865,2.382424,24.16754
SKM_00866,1.933773,24.43693
SKM_00867,0.947266,24.71407
SKM_00868,0.199754,24.991211
SKM_00869,0.161712,25.268351
SKM_00870,0.751297,25.545492
SKM_00871,0.66541,25.822632
SKM_00872,0.149253,26.099772
SKM_00873,0.747189,26.376913
SKM_00874,0.945267,26.654053
SKM_00875,1.048112,26.931194
SKM_00876,1.273891,27.208334
SKM_00877,1.394259,27.485475
SKM_00878,1.910174,27.762615
SKM_00879,2.711747,28.039756
SKM_00880,3.613638,28.316896
SKM_00881,4.020203,28.594036
SKM_00882,3.8808,28.871177
SKM_00883,3.994895,29.148317
SKM_00884,4.342553,29.425684
SKM_00885,4.874048,29.722086
SKM_00886,5.373319,30.048859
SKM_00887,4.569353,30.405024
SKM_00888,4.683363,18.674177
SKM_00889,3.688376,18.73747
SKM_00890,2.696504,18.83919
SKM_00891,1.71387,18.942659
SKM_00892,0.770818,19.046127
SKM_00893,0.487087,19.149596
SKM_00894,0.256594,19.253065
SKM_00895,0.271132,19.356533
SKM_00896,0.48905,19.460002
SKM_00897,0.125218,19.563471
SKM_00898,0.094115,19.666939
SKM_00899,0.138476,19.770408
SKM_00900,0.295168,19.873876
SKM_00901,0.79742,19.977345
SKM_00902,1.109147,20.080814
SKM_00903,1.46463,20.184282
SKM_00904,2.12011,20.287751
SKM_00905,2.629679,20.39122
SKM_00906,3.263116,20.494688
SKM_00907,3.848415,20.598157
SKM_00908,2.920013,20.701913
SKM_00909,1.977837,20.831345
SKM_00910,1.035665,20.970568
SKM_00911,0.09161,21.109792
SKM_00912,0.855948,21.249015
SKM_00913,1.803505,21.388239
SKM_00914,2.751062,21.527462
SKM_00915,2.003141,21.666686
SKM_00916,1.045578,21.805909
SKM_00917,0.11634,21.945133
SKM_00918,0.350527,22.084356
SKM_00919,0.948451,22.22358
SKM_00920,1.83036,22.362803
SKM_00921,2.697688,22.502027
SKM_00922,2.06645,22.64125
SKM_00923,1.412384,22.780474
SKM_00924,0.948789,22.919697
SKM_00925,1.162628,23.058921
SKM_00926,1.501331,23.198144
SKM_00927,0.577502,23.333493
SKM_00928,0.263304,23.458169
SKM_00929,0.916723,23.582844
SKM_00930,0.021672,23.70752
SKM_00931,0.378482,23.832195
SKM_00932,0.256121,23.956871
SKM_00933,1.001275,24.081546
SKM_00934,1.678368,24.206222
SKM_00935,1.957858,24.330897
SKM_00936,2.189983,24.455573
SKM_00937,1.996321,24.580286
SKM_00938,1.85556,24.726619
SKM_00939,2.2138,24.912264
SKM_00940,2.891145,25.13635
SKM_00941,2.274406,25.397759
SKM_00942,1.525776,25.6749
SKM_00943,1.186959,25.95204
SKM_00944,0.651035,26.229181
SKM_00945,0.02005,26.506321
SKM_00946,0.019987,26.783461
SKM_00947,0.103009,27.060602
SKM_00948,0.067879,27.337742
SKM_00949,0.041677,27.614883
SKM_00950,0.150847,27.892023
SKM_00951,0.327719,28.169164
SKM_00952,0.495965,28.446304
SKM_00953,1.396706,28.723445
SKM_00954,2.37815,29.000585
SKM_00955,3.37052,29.277725
SKM_00956,3.06612,29.554866
SKM_00957,2.880915,29.832006
SKM_00958,3.032861,30.109147
SKM_00959,3.478049,30.386287
SKM_00960,4.122548,30.673835
SKM_00961,4.888147,30.990575
SKM_00962,4.935405,31.336038
SKM_00963,4.871935,19.67354
SKM_00964,3.923853,19.733628
SKM_00965,3.006612,19.833823
SKM_00966,2.16398,19.937291
SKM_00967,1.525091,20.04076
SKM_00968,1.403209,20.144229
SKM_00969,0.899191,20.247697
SKM_00970,1.055709,20.351166
SKM_00971,1.116936,20.454635
SKM_00972,0.980532,20.558103
SKM_00973,0.905326,20.661572
SKM_00974,0.853756,20.765041
SKM_00975,0.615991,20.868509
SKM_00976,0.066892,20.971978
SKM_00977,0.129838,21.075446
SKM_00978,0.708731,21.178915
SKM_00979,1.28314,21.282384
SKM_00980,1.862917,21.385852
SKM_00981,2.510003,21.489321
SKM_00982,3.107345,21.59279
SKM_00983,3.253868,21.696259
SKM_00984,2.30631,21.821606
SKM_00985,1.358753,21.960829
SKM_00986,0.411195,22.100053
SKM_00987,0.532288,22.239276
SKM_00988,1.458473,22.3785
SKM_00989,2.384657,22.517723
SKM_00990,1.872667,22.656947
SKM_00991,0.872673,22.79617
SKM_00992,0.12424,22.935394
SKM_00993,0.339766,23.074617
SKM_00994,0.521307,23.213841
SKM_00995,1.521097,23.353064
SKM_00996,2.47271,23.492288
SKM_00997,1.506948,23.631511
SKM_00998,0.653829,23.770735
SKM_00999,0.039257,23.909958
SKM_01000,0.731523,24.049182
SKM_01001,0.97762,24.188405
SKM_01002,0.117555,24.325691
SKM_01003,0.000177,24.450366
SKM_01004,0.728153,24.575042
SKM_01005,0.231169,24.699717
SKM_01006,0.309764,24.824393
SKM_01007,1.007897,24.949068
SKM_01008,1.644708,25.073744
SKM_01009,2.3689,25.198419
SKM_01010,2.845544,25.323095
SKM_01011,3.118902,25.44777
SKM_01012,2.944159,25.572446
SKM_01013,2.850593,25.713261
SKM_01014,3.095753,25.891833
SKM_01015,3.611301,26.107512
SKM_01016,2.933189,26.35939
SKM_01017,2.399723,26.635729
SKM_01018,2.024527,26.91287
SKM_01019,1.380337,27.19001
SKM_01020,0.465698,27.46715
SKM_01021,0.163932,27.744291
SKM_01022,0.90017,28.021431
SKM_01023,1.02177,28.298572
SKM_01024,0.938224,28.575712
SKM_01025,0.840248,28.852853
SKM_01026,0.63702,29.129993
SKM_01027,0.740273,29.407134
SKM_01028,1.500937,29.684274
SKM_01029,2.440823,29.961414
SKM_01030,2.782369,30.238555
SKM_01031,2.154102,30.515695
SKM_01032,1.881152,30.792836
SKM_01033,2.106493,31.069976
SKM_01034,2.708485,31.347117
SKM_01035,3.488485,31.628562
SKM_01036,4.237085,31.935834
SKM_01037,4.43474,32.27118
SKM_01038,5.24264,20.672965
SKM_01039,4.373599,20.730156
SKM_01040,3.573718,20.828456
SKM_01041,2.900785,20.931924
SKM_01042,2.461228,21.035393
SKM_01043,2.271923,21.138861
SKM_01044,1.862153,21.24233
SKM_01045,1.942573,21.345799
SKM_01046,2.062989,21.449267
SKM_01047,1.932417,21.552736
SKM_01048,1.904766,21.656205
SKM_01049,1.845988,21.759673
SKM_01050,1.346519,21.863142
SKM_01051,0.898809,21.966611
SKM_01052,0.702648,22.070079
SKM_01053,0.007899,22.173548
SKM_01054,0.452573,22.277016
SKM_01055,1.096374,22.380485
SKM_01056,1.693889,22.483954
SKM_01057,2.318409,22.587422
SKM_01058,2.695031,22.690891
SKM_01059,2.626183,22.811867
SKM_01060,1.697152,22.95109
SKM_01061,0.770967,23.090314
SKM_01062,0.155218,23.229537
SKM_01063,1.070328,23.368761
SKM_01064,1.841457,23.507984
SKM_01065,1.849214,23.647208
SKM_01066,0.884032,23.786431
SKM_01067,0.087365,23.925655
SKM_01068,1.086567,24.064878
SKM_01069,1.11143,24.204102
SKM_01070,1.57322,24.343325
SKM_01071,1.840316,24.482549
SKM_01072,1.507173,24.621772
SKM_01073,0.654347,24.760996
SKM_01074,0.750965,24.900219
SKM_01075,1.301767,25.039443
SKM_01076,0.571993,25.178666
SKM_01077,0.255867,25.317888
SKM_01078,0.289316,25.442564
SKM_01079,0.205166,25.567239
SKM_01080,0.55113,25.691915
SKM_01081,1.105983,25.81659
SKM_01082,1.715664,25.941266
SKM_01083,2.165065,26.065941
SKM_01084,1.857177,26.190617
SKM_01085,1.871412,26.315292
SKM_01086,2.349007,26.439968
SKM_01087,3.087633,26.564643
SKM_01088,3.848201,26.700897
SKM_01089,4.03317,26.872907
SKM_01090,4.345021,27.080774
SKM_01091,3.746235,27.323681
SKM_01092,3.180399,27.596559
SKM_01093,2.305101,27.873699
SKM_01094,1.434029,28.150839
SKM_01095,0.59283,28.42798
SKM_01096,0.349373,28.70512
SKM_01097,1.34742,28.982261
SKM_01098,2.019561,29.259401
SKM_01099,1.930993,29.536542
SKM_01100,1.805698,29.813682
SKM_01101,1.629965,30.090822
SKM_01102,1.688202,30.367963
SKM_01103,2.134206,30.645103
SKM_01104,2.378227,30.922244
SKM_01105,2.231735,31.199384
SKM_01106,1.370846,31.476525
SKM_01107,0.881928,31.753665
SKM_01108,1.294749,32.030806
SKM_01109,2.075757,32.307946
SKM_01110,2.844209,32.586005
SKM_01111,3.260763,32.884332
SKM_01112,3.488173,33.210101
SKM_01113,3.962591,33.562514
SKM_01114,4.985991,21.727003
SKM_01115,4.301535,21.823088
SKM_01116,3.761156,21.926557
SKM_01117,3.433567,22.030025
SKM_01118,3.1338,22.133494
SKM_01119,2.850734,22.236963
SKM_01120,2.903904,22.340431
SKM_01121,3.043731,22.4439
SKM_01122,2.916681,22.547369
SKM_01123,2.904207,22.650837
SKM_01124,2.047814,22.754306
SKM_01125,1.189424,22.857775
SKM_01126,0.697521,22.961243
SKM_01127,0.313507,23.064712
SKM_01128,0.145425,23.168181
SKM_01129,0.162061,23.271649
SKM_01130,0.287971,23.375118
SKM_01131,1.103683,23.478586
SKM_01132,1.421666,23.582055
SKM_01133,1.812769,23.685524
SKM_01134,2.224956,23.802214
SKM_01135,1.616869,23.941351
SKM_01136,1.164602,24.080575
SKM_01137,0.284898,24.219798
SKM_01138,0.427968,24.359022
SKM_01139,1.046565,24.498245
SKM_01140,0.92669,24.637469
SKM_01141,0.736373,24.776692
SKM_01142,0.23128,24.915916
SKM_01143,1.229191,25.055139
SKM_01144,1.163178,25.194363
SKM_01145,0.573997,25.333586
SKM_01146,1.111426,25.47281
SKM_01147,1.984118,25.612033
SKM_01148,1.558476,25.751257
SKM_01149,1.607932,25.89048
SKM_01150,1.752052,26.029704
SKM_01151,0.987222,26.168927
SKM_01152,0.663154,26.308151
SKM_01153,0.004078,26.434761
SKM_01154,0.256772,26.559437
SKM_01155,1.220237,26.684112
SKM_01156,1.818916,26.808788
SKM_01157,1.448094,26.933463
SKM_01158,1.165566,27.058139
SKM_01159,0.921633,27.182814
SKM_01160,0.948576,27.30749
SKM_01161,1.707467,27.432165
SKM_01162,2.632697,27.556841
SKM_01163,3.598158,27.68942
SKM_01164,4.5622,27.855326
SKM_01165,4.580956,28.055916
SKM_01166,3.644218,28.290451
SKM_01167,2.752361,28.557388
SKM_01168,1.864242,28.834528
SKM_01169,0.946936,29.111669
SKM_01170,0.103551,29.388809
SKM_01171,0.693535,29.66595
SKM_01172,1.578646,29.94309
SKM_01173,2.501072,30.220231
SKM_01174,2.928686,30.497371
SKM_01175,2.791208,30.774511
SKM_01176,2.625847,31.051652
SKM_01177,2.465893,31.328792
SKM_01178,1.828183,31.605933
SKM_01179,1.442842,31.883073
SKM_01180,1.323928,32.160214
SKM_01181,1.057488,32.437354
SKM_01182,0.102122,32.714495
SKM_01183,0.664755,32.991635
SKM_01184,1.490748,33.268775
SKM_01185,2.366059,33.545916
SKM_01186,2.265615,33.835796
SKM_01187,2.582206,33.655819
SKM_01188,3.194146,32.932735
SKM_01189,5.708927,22.724127
SKM_01190,5.122006,22.817721
SKM_01191,4.677396,22.92119
SKM_01192,4.418272,23.024658
SKM_01193,4.059529,23.128127
SKM_01194,3.845225,23.231595
SKM_01195,3.884808,23.335064
SKM_01196,4.033941,23.438533
SKM_01197,3.895086,23.542001
SKM_01198,2.897047,23.64547
SKM_01199,1.90107,23.748939
SKM_01200,0.913922,23.852407
SKM_01201,0.229954,23.955876
SKM_01202,0.224228,24.059345
SKM_01203,0.729677,24.162813
SKM_01204,1.028823,24.266282
SKM_01205,0.242371,24.36975
SKM_01206,0.132306,24.473219
SKM_01207,0.489755,24.576688
SKM_01208,1.021333,24.680156
SKM_01209,1.306473,24.793222
SKM_01210,0.810742,24.931612
SKM_01211,0.319841,25.070836
SKM_01212,0.074782,25.210059
SKM_01213,0.138242,25.349283
SKM_01214,0.066839,25.488506
SKM_01215,0.049395,25.62773
SKM_01216,0.230833,25.766953
SKM_01217,0.407568,25.906177
SKM_01218,0.943592,26.0454
SKM_01219,1.082303,26.184624
SKM_01220,0.409203,26.323847
SKM_01221,1.041044,26.463071
SKM_01222,0.999334,26.602294
SKM_01223,1.577068,26.741518
SKM_01224,2.444508,26.880741
SKM_01225,2.392122,27.019965
SKM_01226,1.482986,27.159188
SKM_01227,0.515325,27.298412
SKM_01228,0.334796,27.426959
SKM_01229,0.026647,27.551635
SKM_01230,0.805799,27.67631
SKM_01231,0.937802,27.800985
SKM_01232,0.52262,27.925661
SKM_01233,0.171994,28.050336
SKM_01234,0.00574,28.175012
SKM_01235,0.545352,28.299687
SKM_01236,1.457783,28.424363
SKM_01237,2.327518,28.549038
SKM_01238,3.267792,28.67874
SKM_01239,4.235515,28.838955
SKM_01240,4.373494,29.032749
SKM_01241,3.379736,29.259455
SKM_01242,2.391188,29.518315
SKM_01243,1.418784,29.795358
SKM_01244,0.547696,30.072498
SKM_01245,0.368767,30.349639
SKM_01246,1.220901,30.626779
SKM_01247,2.103156,30.90392
SKM_01248,2.91575,31.18106
SKM_01249,3.809337,31.4582
SKM_01250,3.538849,31.735341
SKM_01251,2.834538,32.012481
SKM_01252,1.892414,32.289622
SKM_01253,1.055799,32.566762
SKM_01254,0.51946,32.843903
SKM_01255,0.39396,33.121043
SKM_01256,1.291796,33.398184
SKM_01257,0.546713,33.675324
SKM_01258,0.440654,33.952464
SKM_01259,1.406213,34.229605
SKM_01260,1.448679,34.383147
SKM_01261,1.278065,33.688143
SKM_01262,1.779952,32.965059
SKM_01263,2.589016,32.241975
SKM_01264,5.622257,23.915822
SKM_01265,5.369624,24.019291
SKM_01266,5.013865,24.12276
SKM_01267,4.841985,24.226228
SKM_01268,4.873479,24.329697
SKM_01269,4.651784,24.433165
SKM_01270,3.752929,24.536634
SKM_01271,2.920592,24.640103
SKM_01272,2.230525,24.743571
SKM_01273,1.501925,24.84704
SKM_01274,1.215304,24.950509
SKM_01275,1.099927,25.053977
SKM_01276,0.498814,25.157446
SKM_01277,0.315116,25.260915
SKM_01278,0.006347,25.364383
SKM_01279,0.46902,25.467852
SKM_01280,0.340244,25.57132
SKM_01281,0.041116,25.674789
SKM_01282,0.435917,25.784924
SKM_01283,0.524062,25.921873
SKM_01284,0.468467,26.061097
SKM_01285,0.709473,26.20032
SKM_01286,0.200338,26.339544
SKM_01287,0.352741,26.478767
SKM_01288,0.971508,26.617991
SKM_01289,0.660526,26.757214
SKM_01290,0.213865,26.896438
SKM_01291,0.029499,27.035661
SKM_01292,0.477016,27.174885
SKM_01293,0.379056,27.314108
SKM_01294,0.197364,27.453332
SKM_01295,0.246194,27.592555
SKM_01296,1.244624,27.731779
SKM_01297,2.244452,27.871002
SKM_01298,1.972707,28.010226
SKM_01299,1.906744,28.149449
SKM_01300,1.304601,28.288673
SKM_01301,1.291907,28.419157
SKM_01302,0.46822,28.543832
SKM_01303,0.169618,28.668508
SKM_01304,0.03649,28.793183
SKM_01305,0.354972,28.917859
SKM_01306,0.727154,29.042534
SKM_01307,0.639762,29.16721
SKM_01308,0.144948,29.291885
SKM_01309,1.132313,29.41656
SKM_01310,2.131491,29.541236
SKM_01311,3.131194,29.668775
SKM_01312,4.131041,29.823672
SKM_01313,4.343999,30.011108
SKM_01314,3.354515,30.230479
SKM_01315,2.373862,30.481093
SKM_01316,1.388368,30.756187
SKM_01317,0.388965,31.033328
SKM_01318,0.584465,31.310468
SKM_01319,1.570817,31.587609
SKM_01320,2.563427,31.864749
SKM_01321,2.99649,32.141889
SKM_01322,3.387472,32.41903
SKM_01323,2.863318,32.69617
SKM_01324,2.129791,32.973311
SKM_01325,1.655367,33.250451
SKM_01326,0.679038,33.527592
SKM_01327,0.255517,33.804732
SKM_01328,0.746742,34.081873
SKM_01329,1.334947,34.359013
SKM_01330,0.346676,34.636153
SKM_01331,0.613953,34.861758
SKM_01332,1.442583,34.233464
SKM_01333,0.72485,33.605171
SKM_01334,0.365906,32.976877
SKM_01335,1.291768,32.274299
SKM_01336,2.281106,31.551215
SKM_01337,6.284261,25.013924
SKM_01338,5.983136,25.117392
SKM_01339,5.839854,25.220861
SKM_01340,5.34196,25.32433
SKM_01341,4.356824,25.427798
SKM_01342,3.380429,25.531267
SKM_01343,2.423363,25.634735
SKM_01344,1.522521,25.738204
SKM_01345,0.86331,25.841673
SKM_01346,0.700888,25.945141
SKM_01347,0.330465,26.04861
SKM_01348,0.159025,26.152079
SKM_01349,0.196398,26.255547
SKM_01350,0.69167,26.359016
SKM_01351,1.289767,26.462485
SKM_01352,1.103913,26.565953
SKM_01353,0.838452,26.669422
SKM_01354,0.366178,26.777244
SKM_01355,0.184078,26.912134
SKM_01356,0.701878,27.051358
SKM_01357,1.485763,27.190581
SKM_01358,1.197027,27.329805
SKM_01359,1.347042,27.469028
SKM_01360,1.70371,27.608252
SKM_01361,1.369682,27.747475
SKM_01362,1.060141,27.886699
SKM_01363,0.854327,28.025922
SKM_01364,0.379961,28.165146
SKM_01365,0.14298,28.304369
SKM_01366,0.58152,28.443593
SKM_01367,1.032667,28.582816
SKM_01368,1.336153,28.72204
SKM_01369,1.670614,28.861263
SKM_01370,1.02123,29.000487
SKM_01371,0.951657,29.13971
SKM_01372,1.422677,29.278934
SKM_01373,0.768515,29.411354
SKM_01374,0.082323,29.53603
SKM_01375,0.482444,29.660705
SKM_01376,0.937939,29.785381
SKM_01377,1.224731,29.910056
SKM_01378,1.600679,30.034732
SKM_01379,1.373245,30.159407
SKM_01380,1.070946,30.284083
SKM_01381,1.551789,30.408758
SKM_01382,2.381002,30.533434
SKM_01383,3.306099,30.659457
SKM_01384,4.26514,30.809374
SKM_01385,4.294674,30.990849
SKM_01386,3.2992,31.203332
SKM_01387,2.307642,31.446195
SKM_01388,1.328798,31.717017
SKM_01389,0.380873,31.994157
SKM_01390,0.612982,32.271298
SKM_01391,1.610827,32.548438
SKM_01392,1.91825,32.825578
SKM_01393,2.043453,33.102719
SKM_01394,2.582967,33.379859
SKM_01395,2.423578,33.657
SKM_01396,1.486993,33.93414
SKM_01397,0.740653,34.211281
SKM_01398,0.51354,34.488421
SKM_01399,0.431909,34.765561
SKM_01400,0.258963,35.042702
SKM_01401,0.925099,35.319842
SKM_01402,0.131695,34.712076
SKM_01403,0.840822,34.083782
SKM_01404,0.791975,33.455488
SKM_01405,0.037579,32.827194
SKM_01406,0.666723,32.198901
SKM_01407,1.472744,31.570607
SKM_01408,2.38828,30.860455
SKM_01409,6.961105,26.112025
SKM_01410,6.279648,26.215494
SKM_01411,5.280091,26.318962
SKM_01412,4.280741,26.422431
SKM_01413,3.281788,26.5259
SKM_01414,2.28375,26.629368
SKM_01415,1.288758,26.732837
SKM_01416,0.32601,26.836305
SKM_01417,0.279361,26.939774
SKM_01418,0.457092,27.043243
SKM_01419,0.88804,27.146711
SKM_01420,0.01305,27.25018
SKM_01421,0.969343,27.353649
SKM_01422,1.954905,27.457117
SKM_01423,2.031671,27.560586
SKM_01424,1.716179,27.664055
SKM_01425,1.347692,27.770115
SKM_01426,1.167912,27.902395
SKM_01427,1.421173,28.041619
SKM_01428,2.093576,28.180842
SKM_01429,2.196271,28.320066
SKM_01430,2.346192,28.459289
SKM_01431,2.577942,28.598513
SKM_01432,2.272181,28.737736
SKM_01433,1.977399,28.87696
SKM_01434,1.655231,29.016183
SKM_01435,0.771138,29.155407
SKM_01436,0.345631,29.29463
SKM_01437,0.287949,29.433854
SKM_01438,0.771273,29.573077
SKM_01439,0.336921,29.712301
SKM_01440,1.079846,29.851524
SKM_01441,0.370014,29.990748
SKM_01442,0.076347,30.129971
SKM_01443,0.998179,30.269195
SKM_01444,0.635397,30.403552
SKM_01445,0.294327,30.528227
SKM_01446,0.008277,30.652903
SKM_01447,0.903479,30.777578
SKM_01448,1.903478,30.902254
SKM_01449,2.559237,31.026929
SKM_01450,2.238687,31.151605
SKM_01451,2.067085,31.27628
SKM_01452,2.352438,31.400956
SKM_01453,2.965651,31.525631
SKM_01454,3.749161,31.650726
SKM_01455,4.61707,31.795969
SKM_01456,4.280785,31.971845
SKM_01457,3.280828,32.17785
SKM_01458,2.280908,32.413412
SKM_01459,1.281114,32.677846
SKM_01460,0.282779,32.954987
SKM_01461,0.700765,33.232127
SKM_01462,1.224034,33.509267
SKM_01463,0.936178,33.786408
SKM_01464,1.171515,34.063548
SKM_01465,1.966841,34.340689
SKM_01466,2.143362,34.617829
SKM_01467,1.373423,34.89497
SKM_01468,0.471439,35.17211
SKM_01469,0.099657,35.44925
SKM_01470,0.557051,35.726391
SKM_01471,0.149094,35.190688
SKM_01472,0.796968,34.562394
SKM_01473,0.032386,33.9341
SKM_01474,0.625861,33.305806
SKM_01475,0.030033,32.677512
SKM_01476,0.616593,32.049218
SKM_01477,1.370169,31.420924
SKM_01478,2.063652,30.792631
SKM_01479,1.808723,30.164337
SKM_01480,5.405755,27.313595
SKM_01481,4.434814,27.417064
SKM_01482,3.480367,27.520532
SKM_01483,2.560926,27.624001
SKM_01484,1.733126,27.72747
SKM_01485,1.20379,27.830938
SKM_01486,1.229736,27.934407
SKM_01487,1.381222,28.037875
SKM_01488,0.709605,28.141344
SKM_01489,0.229887,28.244813
SKM_01490,1.176531,28.348281
SKM_01491,2.138937,28.45175
SKM_01492,3.006118,28.555219
SKM_01493,2.600933,28.658687
SKM_01494,2.34488,28.763479
SKM_01495,2.166405,28.892656
SKM_01496,2.339851,29.03188
SKM_01497,2.412342,29.171103
SKM_01498,2.67262,29.310327
SKM_01499,3.228248,29.44955
SKM_01500,3.513012,29.588774
SKM_01501,3.232581,29.727997
SKM_01502,2.948952,29.867221
SKM_01503,2.184545,30.006444
SKM_01504,1.371363,30.145668
SKM_01505,0.648922,30.284891
SKM_01506,0.260979,30.424115
SKM_01507,0.071896,30.563338
SKM_01508,0.511435,30.702562
SKM_01509,1.198553,30.841785
SKM_01510,1.10381,30.981009
SKM_01511,1.048663,31.120232
SKM_01512,0.70458,31.259456
SKM_01513,0.186154,31.395749
SKM_01514,0.07458,31.520425
SKM_01515,0.048814,31.6451
SKM_01516,0.973971,31.769776
SKM_01517,1.947933,31.894451
SKM_01518,2.939433,32.019127
SKM_01519,3.183965,32.143802
SKM_01520,3.065739,32.268478
SKM_01521,3.264947,32.393153
SKM_01522,3.731086,32.517829
SKM_01523,4.37974,32.642527
SKM_01524,5.1423,32.783376
SKM_01525,4.357592,32.953982
SKM_01526,3.379771,33.153886
SKM_01527,2.420142,33.382561
SKM_01528,1.441698,33.63942
SKM_01529,0.455094,33.915816
SKM_01530,0.026018,34.192956
SKM_01531,0.776296,34.470097
SKM_01532,0.247005,34.747237
SKM_01533,0.745132,35.024378
SKM_01534,1.744438,35.301518
SKM_01535,1.319641,35.578659
SKM_01536,0.92822,35.855799
SKM_01537,1.231741,36.132939
SKM_01538,0.642058,35.669299
SKM_01539,0.002843,35.041005
SKM_01540,0.685858,34.412712
SKM_01541,0.596956,33.784418
SKM_01542,0.381844,33.156124
SKM_01543,0.044252,32.52783
SKM_01544,0.70101,31.899536
SKM_01545,1.358349,31.271242
SKM_01546,2.029994,30.642948
SKM_01547,2.271212,30.014655
SKM_01548,1.287496,29.386361
SKM_01549,5.706577,28.308228
SKM_01550,4.796916,28.411696
SKM_01551,3.931385,28.515165
SKM_01552,3.146612,28.618634
SKM_01553,2.519237,28.722102
SKM_01554,1.843691,28.825571
SKM_01555,1.283808,28.92904
SKM_01556,0.737731,29.032508
SKM_01557,0.134779,29.135977
SKM_01558,0.695061,29.239445
SKM_01559,1.512105,29.342914
SKM_01560,2.445455,29.446383
SKM_01561,3.3921,29.549851
SKM_01562,3.528036,29.65332
SKM_01563,3.098682,29.757288
SKM_01564,2.254099,29.882917
SKM_01565,1.600031,30.022141
SKM_01566,1.416181,30.161364
SKM_01567,1.820281,30.300588
SKM_01568,2.558465,30.439811
SKM_01569,2.768295,30.579035
SKM_01570,2.930994,30.718258
SKM_01571,3.125056,30.857482
SKM_01572,2.748443,30.996705
SKM_01573,2.023462,31.135929
SKM_01574,1.574009,31.275152
SKM_01575,0.763906,31.414376
SKM_01576,0.000813,31.553599
SKM_01577,0.950995,31.692823
SKM_01578,1.756593,31.832046
SKM_01579,2.073616,31.97127
SKM_01580,2.043054,32.110493
SKM_01581,1.340684,32.249717
SKM_01582,1.161983,32.387947
SKM_01583,1.036317,32.512622
SKM_01584,0.068811,32.637298
SKM_01585,0.907189,32.761973
SKM_01586,1.903735,32.886649
SKM_01587,2.902658,33.011324
SKM_01588,3.902133,33.136
SKM_01589,4.065055,33.260675
SKM_01590,4.217321,33.385351
SKM_01591,4.587692,33.510026
SKM_01592,5.102006,33.634702
SKM_01593,5.292958,33.771524
SKM_01594,4.576008,33.937163
SKM_01595,3.610602,34.131309
SKM_01596,2.631062,34.353478
SKM_01597,1.664992,34.603131
SKM_01598,0.697882,34.876645
SKM_01599,0.178838,35.153786
SKM_01600,0.826292,35.430926
SKM_01601,0.068552,35.708067
SKM_01602,0.745267,35.985207
SKM_01603,1.6538,36.262348
SKM_01604,0.942817,36.539488
SKM_01605,0.02737,36.147911
SKM_01606,0.868662,35.519617
SKM_01607,1.196867,34.891323
SKM_01608,0.588583,34.263029
SKM_01609,0.10271,33.634735
SKM_01610,0.472719,33.006442
SKM_01611,0.347946,32.378148
SKM_01612,0.724417,31.749854
SKM_01613,1.449832,31.12156
SKM_01614,2.057938,30.493266
SKM_01615,2.09557,29.864972
SKM_01616,1.79462,29.236678
SKM_01617,1.429619,28.608385
SKM_01618,7.938329,29.095923
SKM_01619,7.032955,29.199392
SKM_01620,6.156935,29.30286
SKM_01621,5.324775,29.406329
SKM_01622,4.381436,29.509798
SKM_01623,3.383186,29.613266
SKM_01624,2.386402,29.716735
SKM_01625,1.39423,29.820204
SKM_01626,0.439138,29.923672
SKM_01627,0.096895,30.027141
SKM_01628,0.566117,30.13061
SKM_01629,1.272774,30.234078
SKM_01630,2.075519,30.337547
SKM_01631,2.887914,30.441015
SKM_01632,3.748169,30.544484
SKM_01633,3.782478,30.647953
SKM_01634,2.79039,30.751499
SKM_01635,1.807044,30.873216
SKM_01636,0.862868,31.012402
SKM_01637,0.437884,31.151625
SKM_01638,1.194287,31.290849
SKM_01639,1.770356,31.430072
SKM_01640,1.769246,31.569296
SKM_01641,1.955649,31.708519
SKM_01642,2.197967,31.847743
SKM_01643,2.66689,31.986966
SKM_01644,2.882389,32.12619
SKM_01645,2.124245,32.265413
SKM_01646,1.186926,32.404637
SKM_01647,0.334991,32.54386
SKM_01648,0.351946,32.683084
SKM_01649,1.268839,32.822307
SKM_01650,2.135803,32.961531
SKM_01651,2.734057,33.100754
SKM_01652,2.257971,33.239978
SKM_01653,2.022458,33.379201
SKM_01654,1.052176,33.50482
SKM_01655,0.119892,33.629495
SKM_01656,0.803138,33.754171
SKM_01657,1.78904,33.878846
SKM_01658,2.782032,34.003522
SKM_01659,3.738867,34.128197
SKM_01660,4.361456,34.252873
SKM_01661,4.344988,34.377548
SKM_01662,4.109643,34.502224
SKM_01663,4.10781,34.626899
SKM_01664,4.3427,34.76035
SKM_01665,4.779538,34.9213
SKM_01666,3.860049,35.110004
SKM_01667,2.886112,35.326018
SKM_01668,1.887912,35.568846
SKM_01669,0.889827,35.837475
SKM_01670,0.055168,36.114615
SKM_01671,0.792946,36.391756
SKM_01672,0.171185,36.668896
SKM_01673,0.802678,36.946037
SKM_01674,1.680453,36.626523
SKM_01675,1.312544,35.998229
SKM_01676,0.329573,35.369935
SKM_01677,0.546597,34.741641
SKM_01678,1.50757,34.113347
SKM_01679,1.292278,33.485053
SKM_01680,0.55631,32.856759
SKM_01681,0.120572,32.228465
SKM_01682,0.802208,31.600172
SKM_01683,1.580867,30.971878
SKM_01684,2.135337,30.343584
SKM_01685,2.230908,29.71529
SKM_01686,1.343964,29.086996
SKM_01687,8.388081,30.090556
SKM_01688,7.415846,30.194025
SKM_01689,6.422128,30.297493
SKM_01690,5.430718,30.400962
SKM_01691,4.443159,30.50443
SKM_01692,3.462748,30.607899
SKM_01693,2.497917,30.711368
SKM_01694,1.577516,30.814836
SKM_01695,0.858791,30.918305
SKM_01696,0.914727,31.021774
SKM_01697,1.482338,31.125242
SKM_01698,1.967143,31.228711
SKM_01699,2.681172,31.33218
SKM_01700,3.45946,31.435648
SKM_01701,3.757884,31.539117
SKM_01702,3.628055,31.642585
SKM_01703,2.823246,31.746054
SKM_01704,1.857378,31.863991
SKM_01705,0.963839,32.002663
SKM_01706,0.043175,32.141886
SKM_01707,0.511219,32.28111
SKM_01708,0.777878,32.420333
SKM_01709,0.772662,32.559557
SKM_01710,0.95571,32.69878
SKM_01711,1.351411,32.838004
SKM_01712,1.697541,32.977227
SKM_01713,2.030177,33.116451
SKM_01714,2.45762,33.255674
SKM_01715,1.745452,33.394898
SKM_01716,0.917507,33.534121
SKM_01717,0.065607,33.673345
SKM_01718,0.774551,33.812568
SKM_01719,1.614246,33.951792
SKM_01720,2.51204,34.091015
SKM_01721,3.135481,34.230239
SKM_01722,2.147943,34.369462
SKM_01723,1.181556,34.497018
SKM_01724,0.274268,34.621693
SKM_01725,0.579614,34.746368
SKM_01726,1.511718,34.871044
SKM_01727,2.453357,34.995719
SKM_01728,3.134334,35.120395
SKM_01729,3.440323,35.24507
SKM_01730,3.415479,35.369746
SKM_01731,3.119743,35.494421
SKM_01732,3.117328,35.619097
SKM_01733,3.420917,35.749798
SKM_01734,3.960759,35.906312
SKM_01735,4.031193,36.089867
SKM_01736,3.078312,36.300051
SKM_01737,2.153682,36.536405
SKM_01738,1.170341,36.798425
SKM_01739,0.270847,37.075445
SKM_01740,0.144765,37.352585
SKM_01741,0.480992,37.15477
SKM_01742,1.35658,36.494709
SKM_01743,1.855705,35.850394
SKM_01744,0.969626,35.220253
SKM_01745,0.285026,34.591959
SKM_01746,0.582941,33.963665
SKM_01747,1.503068,33.335371
SKM_01748,1.93688,32.707077
SKM_01749,1.201506,32.078783
SKM_01750,0.291581,31.450489
SKM_01751,0.601543,30.822195
SKM_01752,1.592873,30.193902
SKM_01753,2.580325,29.565608
SKM_01754,1.872965,28.937314
SKM_01755,0.939222,28.30902
SKM_01756,7.585476,31.188657
SKM_01757,6.617281,31.292126
SKM_01758,5.660157,31.395594
SKM_01759,4.720841,31.499063
SKM_01760,3.81252,31.602532
SKM_01761,2.963827,31.706
SKM_01762,2.243487,31.809469
SKM_01763,1.811685,31.912938
SKM_01764,1.86643,32.016406
SKM_01765,2.297852,32.119875
SKM_01766,2.801199,32.223344
SKM_01767,3.379173,32.326812
SKM_01768,3.290078,32.430281
SKM_01769,2.804586,32.53375
SKM_01770,2.628077,32.637218
SKM_01771,2.819198,32.740687
SKM_01772,2.263506,32.855325
SKM_01773,1.419936,32.992924
SKM_01774,0.692758,33.132147
SKM_01775,0.371567,33.271371
SKM_01776,0.197813,33.410594
SKM_01777,0.200844,33.549818
SKM_01778,0.0363,33.689041
SKM_01779,0.445651,33.828265
SKM_01780,0.742386,33.967488
SKM_01781,1.106808,34.106712
SKM_01782,1.648261,34.245935
SKM_01783,2.267983,34.385159
SKM_01784,1.389255,34.524382
SKM_01785,0.535891,34.663606
SKM_01786,0.286184,34.802829
SKM_01787,1.19848,34.942053
SKM_01788,2.09872,35.081276
SKM_01789,2.983773,35.2205
SKM_01790,2.494962,35.359723
SKM_01791,1.562368,35.489215
SKM_01792,0.614694,35.613891
SKM_01793,0.377264,35.738566
SKM_01794,1.346254,35.863242
SKM_01795,2.07805,35.987917
SKM_01796,2.153502,36.112593
SKM_01797,2.52261,36.237268
SKM_01798,2.473213,36.361943
SKM_01799,2.13926,36.486619
SKM_01800,2.135737,36.611294
SKM_01801,2.558576,36.739817
SKM_01802,3.245188,36.892132
SKM_01803,4.064011,37.070805
SKM_01804,3.388689,37.275458
SKM_01805,2.451741,37.505666
SKM_01806,1.482735,37.760961
SKM_01807,0.523082,37.807166
SKM_01808,0.428808,37.104834
SKM_01809,1.364327,36.416419
SKM_01810,1.894747,35.742726
SKM_01811,1.552945,35.084603
SKM_01812,0.570651,34.442943
SKM_01813,0.373442,33.813983
SKM_01814,1.108932,33.185689
SKM_01815,1.942892,32.557395
SKM_01816,2.447751,31.929101
SKM_01817,1.489464,31.300807
SKM_01818,0.505032,30.672513
SKM_01819,0.385232,30.044219
SKM_01820,1.343814,29.415926
SKM_01821,2.337323,28.787632
SKM_01822,1.584139,28.159338
SKM_01823,0.612976,27.531044
SKM_01824,7.879348,32.18329
SKM_01825,6.9522,32.286759
SKM_01826,6.04831,32.390227
SKM_01827,5.179867,32.493696
SKM_01828,4.368064,32.597164
SKM_01829,3.650884,32.700633
SKM_01830,3.094821,32.804102
SKM_01831,2.797656,32.90757
SKM_01832,2.841803,33.011039
SKM_01833,3.150738,33.114508
SKM_01834,3.702188,33.217976
SKM_01835,3.387659,33.321445
SKM_01836,2.562932,33.424914
SKM_01837,1.899923,33.528382
SKM_01838,1.628126,33.631851
SKM_01839,1.921427,33.735319
SKM_01840,2.594797,33.847169
SKM_01841,2.095544,33.983185
SKM_01842,1.624819,34.122408
SKM_01843,1.299287,34.261632
SKM_01844,1.196462,34.400855
SKM_01845,1.164911,34.540079
SKM_01846,0.79946,34.679302
SKM_01847,0.363081,34.818526
SKM_01848,0.184914,34.957749
SKM_01849,0.261868,35.096973
SKM_01850,0.859713,35.236196
SKM_01851,1.589769,35.37542
SKM_01852,1.864834,35.514643
SKM_01853,0.982056,35.653867
SKM_01854,0.051171,35.79309
SKM_01855,0.765993,35.932314
SKM_01856,1.73001,36.071537
SKM_01857,2.178663,36.210761
SKM_01858,2.309392,36.349984
SKM_01859,1.43942,36.481413
SKM_01860,0.479172,36.606088
SKM_01861,0.366686,36.730764
SKM_01862,1.001863,36.855439
SKM_01863,1.086373,36.980115
SKM_01864,1.204613,37.10479
SKM_01865,1.567241,37.229466
SKM_01866,1.496474,37.354141
SKM_01867,1.183408,37.478817
SKM_01868,1.185329,37.603492
SKM_01869,1.84118,37.730363
SKM_01870,2.715673,37.878694
SKM_01871,3.655109,38.052736
SKM_01872,3.630334,38.252136
SKM_01873,2.637913,38.476501
SKM_01874,1.645701,37.837462
SKM_01875,0.671812,37.108765
SKM_01876,0.249646,36.392958
SKM_01877,1.080639,35.690815
SKM_01878,2.043646,35.003159
SKM_01879,1.528721,34.330862
SKM_01880,0.571281,33.674842
SKM_01881,0.241958,33.03607
SKM_01882,1.137481,32.407713
SKM_01883,2.043586,31.779419
SKM_01884,2.627738,31.151125
SKM_01885,1.648834,30.522831
SKM_01886,0.691664,29.894537
SKM_01887,0.300956,29.266243
SKM_01888,1.292017,28.637949
SKM_01889,2.280017,28.009656
SKM_01890,1.375309,27.381362
SKM_01891,0.392658,26.753068
SKM_01892,7.407953,33.281391
SKM_01893,6.567095,33.38486
SKM_01894,5.777171,33.488329
SKM_01895,5.062081,33.591797
SKM_01896,4.457985,33.695266
SKM_01897,4.015295,33.798734
SKM_01898,3.790984,33.902203
SKM_01899,3.82368,34.005672
SKM_01900,4.071139,34.10914
SKM_01901,3.76102,34.212609
SKM_01902,2.846009,34.316078
SKM_01903,1.991752,34.419546
SKM_01904,1.163492,34.523015
SKM_01905,0.628333,34.626484
SKM_01906,1.198286,34.729952
SKM_01907,2.115887,34.83948
SKM_01908,2.178023,34.973446
SKM_01909,2.198576,35.112669
SKM_01910,2.132054,35.251893
SKM_01911,2.194467,35.391116
SKM_01912,2.113936,35.53034
SKM_01913,1.716305,35.669563
SKM_01914,1.353315,35.808787
SKM_01915,1.082165,35.94801
SKM_01916,0.516463,36.087234
SKM_01917,0.192288,36.226457
SKM_01918,0.811514,36.365681
SKM_01919,1.316399,36.504904
SKM_01920,1.084954,36.644128
SKM_01921,0.398636,36.783351
SKM_01922,0.558859,36.922575
SKM_01923,0.80568,37.061798
SKM_01924,1.461533,37.201022
SKM_01925,1.963882,37.340245
SKM_01926,1.023862,37.47361
SKM_01927,0.073624,37.598286
SKM_01928,0.27142,37.722961
SKM_01929,0.056965,37.847637
SKM_01930,0.111495,37.972312
SKM_01931,0.311583,38.096988
SKM_01932,0.677435,38.221663
SKM_01933,0.515367,38.346339
SKM_01934,0.293932,38.471014
SKM_01935,0.498637,38.59569
SKM_01936,1.494516,38.721394
SKM_01937,2.493695,38.865944
SKM_01938,3.485663,39.035584
SKM_01939,3.369438,38.685636
SKM_01940,2.89555,37.920513
SKM_01941,1.969471,37.166547
SKM_01942,1.101665,36.42443
SKM_01943,0.168165,35.694902
SKM_01944,0.742547,34.97875
SKM_01945,1.593981,34.276812
SKM_01946,1.967227,33.58998
SKM_01947,1.056891,32.919199
SKM_01948,0.18511,32.26547
SKM_01949,0.73388,31.629736
SKM_01950,1.704342,31.001443
SKM_01951,2.165297,30.373149
SKM_01952,1.35008,29.744855
SKM_01953,0.459312,29.116561
SKM_01954,0.439238,28.488267
SKM_01955,1.418831,27.859973
SKM_01956,2.398522,27.231679
SKM_01957,1.41178,26.603386
SKM_01958,8.784844,34.172555
SKM_01959,7.963821,34.276024
SKM_01960,7.188283,34.379493
SKM_01961,6.474595,34.482961
SKM_01962,5.845455,34.58643
SKM_01963,5.330883,34.689899
SKM_01964,4.966616,34.793367
SKM_01965,4.787091,34.896836
SKM_01966,4.813024,35.000304
SKM_01967,4.521392,35.103773
SKM_01968,3.527079,35.207242
SKM_01969,2.537239,35.31071
SKM_01970,1.555474,35.414179
SKM_01971,0.610301,35.517648
SKM_01972,0.186122,35.621116
SKM_01973,1.074721,35.724585
SKM_01974,1.13413,35.832218
SKM_01975,1.181935,35.963707
SKM_01976,1.200968,36.10293
SKM_01977,1.135031,36.242154
SKM_01978,1.231055,36.381377
SKM_01979,1.540385,36.520601
SKM_01980,1.867161,36.659824
SKM_01981,1.708633,36.799048
SKM_01982,1.267585,36.938271
SKM_01983,0.982708,37.077495
SKM_01984,0.508205,37.216718
SKM_01985,0.415953,37.355942
SKM_01986,0.340179,37.495165
SKM_01987,0.160332,37.634389
SKM_01988,0.213859,37.773612
SKM_01989,0.228466,37.912836
SKM_01990,0.156322,38.052059
SKM_01991,0.689004,38.191283
SKM_01992,1.217956,38.330506
SKM_01993,0.945969,38.465808
SKM_01994,0.050389,38.590483
SKM_01995,0.466407,38.715159
SKM_01996,0.93625,38.839834
SKM_01997,0.887961,38.96451
SKM_01998,0.545764,39.089185
SKM_01999,0.282357,39.213861
SKM_02000,0.460731,39.338536
SKM_02001,0.66019,39.463212
SKM_02002,1.020156,39.587887
SKM_02003,1.754198,39.712876
SKM_02004,2.657471,39.641938
SKM_02005,2.532596,38.844178
SKM_02006,2.370085,38.055973
SKM_02007,2.611621,37.277929
SKM_02008,1.940743,36.510696
SKM_02009,0.940791,35.754969
SKM_02010,0.023608,35.011494
SKM_02011,0.289237,34.281068
SKM_02012,1.179323,33.564543
SKM_02013,2.108612,32.862828
SKM_02014,1.361102,32.176891
SKM_02015,0.362899,31.507765
SKM_02016,0.562641,30.856542
SKM_02017,1.52498,30.223467
SKM_02018,1.628847,29.595173
SKM_02019,0.838463,28.966879
SKM_02020,0.013029,28.338585
SKM_02021,0.812596,27.710291
SKM_02022,1.776281,27.081997
SKM_02023,2.545007,26.453703
SKM_02024,1.547976,25.825409
SKM_02025,9.365797,35.167188
SKM_02026,8.600414,35.270657
SKM_02027,7.887718,35.374125
SKM_02028,7.243277,35.477594
SKM_02029,6.686855,35.581063
SKM_02030,6.242034,35.684531
SKM_02031,5.933966,35.788
SKM_02032,5.784541,35.891469
SKM_02033,5.5182,35.994937
SKM_02034,4.521893,36.098406
SKM_02035,3.527677,36.201874
SKM_02036,2.53801,36.305343
SKM_02037,1.561496,36.408812
SKM_02038,0.585123,36.51228
SKM_02039,0.161958,36.615749
SKM_02040,0.292191,36.719218
SKM_02041,0.161998,36.825348
SKM_02042,0.18481,36.953968
SKM_02043,0.221011,37.093191
SKM_02044,0.175892,37.232415
SKM_02045,0.241749,37.371638
SKM_02046,0.652291,37.510862
SKM_02047,0.867351,37.650085
SKM_02048,0.754663,37.789309
SKM_02049,0.359385,37.928532
SKM_02050,0.007432,38.067756
SKM_02051,0.183275,38.206979
SKM_02052,0.452322,38.346203
SKM_02053,0.565938,38.485426
SKM_02054,0.772998,38.62465
SKM_02055,1.130025,38.763873
SKM_02056,1.190165,38.903097
SKM_02057,0.681699,39.04232
SKM_02058,0.162756,39.181544
SKM_02059,0.499896,39.320767
SKM_02060,0.687034,39.458005
SKM_02061,0.257234,39.582681
SKM_02062,1.199631,39.707356
SKM_02063,1.669983,39.832032
SKM_02064,1.886608,39.956707
SKM_02065,1.497161,40.081383
SKM_02066,1.282223,40.206058
SKM_02067,1.455568,40.330734
SKM_02068,1.628724,40.455409
SKM_02069,1.875939,40.580085
SKM_02070,2.411315,39.871983
SKM_02071,1.985982,39.053322
SKM_02072,1.598609,38.243285
SKM_02073,1.371675,37.442433
SKM_02074,1.756347,36.651367
SKM_02075,2.189276,35.870734
SKM_02076,1.382582,35.101232
SKM_02077,0.942374,34.343608
SKM_02078,0.001062,33.598665
SKM_02079,0.800078,32.867267
SKM_02080,1.344903,32.150336
SKM_02081,1.453622,31.448864
SKM_02082,0.472403,30.763906
SKM_02083,0.424052,30.096592
SKM_02084,1.419224,29.448119
SKM_02085,0.984634,28.817197
SKM_02086,0.239243,28.188903
SKM_02087,0.500252,27.560609
SKM_02088,1.376249,26.932315
SKM_02089,2.159439,26.304021
SKM_02090,2.763772,25.675727
SKM_02091,1.81767,25.047433
SKM_02092,10.770974,36.058352
SKM_02093,10.013133,36.161821
SKM_02094,9.301172,36.265289
SKM_02095,8.646431,36.368758
SKM_02096,8.062862,36.472227
SKM_02097,7.566948,36.575695
SKM_02098,7.176884,36.679164
SKM_02099,6.910617,36.782633
SKM_02100,6.656678,36.886101
SKM_02101,5.676685,36.98957
SKM_02102,4.696274,37.093039
SKM_02103,3.726288,37.196507
SKM_02104,2.777672,37.299976
SKM_02105,1.883002,37.403444
SKM_02106,1.173002,37.506913
SKM_02107,0.826887,37.610382
SKM_02108,0.661641,37.71385
SKM_02109,0.76681,37.818841
SKM_02110,0.792828,37.944243
SKM_02111,0.756926,38.083452
SKM_02112,0.785737,38.222676
SKM_02113,0.684132,38.361899
SKM_02114,0.161575,38.501123
SKM_02115,0.113259,38.640346
SKM_02116,0.204717,38.77957
SKM_02117,0.497571,38.918793
SKM_02118,0.944589,39.058017
SKM_02119,1.139497,39.19724
SKM_02120,1.4135,39.336464
SKM_02121,1.557888,39.475687
SKM_02122,1.734595,39.614911
SKM_02123,2.055286,39.754134
SKM_02124,1.986905,39.893358
SKM_02125,1.444263,40.032581
SKM_02126,0.880918,40.171805
SKM_02127,0.289366,40.311028
SKM_02128,0.20408,40.450203
SKM_02129,0.328963,40.574878
SKM_02130,1.325976,40.699554
SKM_02131,2.321379,40.824229
SKM_02132,2.780503,40.948905
SKM_02133,2.436751,41.07358
SKM_02134,1.958817,41.198256
SKM_02135,1.524926,41.322931
SKM_02136,1.657216,40.996096
SKM_02137,2.009207,40.150552
SKM_02138,1.488516,39.312259
SKM_02139,1.260308,38.481692
SKM_02140,0.641482,37.659362
SKM_02141,0.381684,36.84582
SKM_02142,1.161441,36.041661
SKM_02143,2.13359,35.247529
SKM_02144,2.201792,34.464114
SKM_02145,1.308613,33.692166
SKM_02146,0.382651,32.932491
SKM_02147,0.043367,32.185958
SKM_02148,0.857322,31.453502
SKM_02149,1.602435,30.73613
SKM_02150,0.665165,30.034923
SKM_02151,0.184479,29.351039
SKM_02152,0.888439,28.685718
SKM_02153,0.358843,28.04028
SKM_02154,0.408234,27.410927
SKM_02155,1.104006,26.782633
SKM_02156,1.588903,26.154339
SKM_02157,2.05913,25.526045
SKM_02158,2.820535,24.897751
SKM_02159,2.360632,24.269457
SKM_02160,1.486143,23.641163
SKM_02161,11.426222,37.052985
SKM_02162,10.714827,37.156454
SKM_02163,10.052686,37.259922
SKM_02164,9.450156,37.363391
SKM_02165,8.919328,37.466859
SKM_02166,8.473688,37.570328
SKM_02167,8.12726,37.673797
SKM_02168,7.848429,37.777265
SKM_02169,6.886805,37.880734
SKM_02170,5.937871,37.984203
SKM_02171,5.008848,38.087671
SKM_02172,4.113246,38.19114
SKM_02173,3.278571,38.294609
SKM_02174,2.565007,38.398077
SKM_02175,2.052245,38.501546
SKM_02176,1.822177,38.605014
SKM_02177,1.647845,38.708483
SKM_02178,1.764893,38.812668
SKM_02179,1.791177,38.934869
SKM_02180,1.755697,39.073713
SKM_02181,1.729764,39.212937
SKM_02182,1.559548,39.35216
SKM_02183,1.097534,39.491384
SKM_02184,1.099311,39.630607
SKM_02185,1.168675,39.769831
SKM_02186,1.415585,39.909054
SKM_02187,1.83397,40.048278
SKM_02188,2.12617,40.187501
SKM_02189,2.389165,40.326725
SKM_02190,2.556119,40.465948
SKM_02191,2.720984,40.605172
SKM_02192,2.99863,40.744395
SKM_02193,2.836076,40.883619
SKM_02194,2.293644,41.022842
SKM_02195,1.686487,41.162066
SKM_02196,1.08412,41.301289
SKM_02197,0.691374,41.440513
SKM_02198,0.157697,41.567076
SKM_02199,1.017605,41.691752
SKM_02200,1.974843,41.816427
SKM_02201,1.864627,41.941102
SKM_02202,1.592373,42.065778
SKM_02203,1.152767,42.190453
SKM_02204,0.567626,41.339711
SKM_02205,0.856206,40.476643
SKM_02206,1.370351,39.620014
SKM_02207,0.60281,38.770252
SKM_02208,0.276045,37.927817
SKM_02209,0.001094,37.09321
SKM_02210,0.613252,36.26697
SKM_02211,1.270092,35.449683
SKM_02212,2.194629,34.641982
SKM_02213,2.571363,33.844554
SKM_02214,1.576043,33.058142
SKM_02215,0.596587,32.283551
SKM_02216,0.017239,31.521652
SKM_02217,0.261865,30.773389
SKM_02218,1.056479,30.03978
SKM_02219,1.201677,29.321925
SKM_02220,0.460586,28.62101
SKM_02221,0.040878,27.938309
SKM_02222,0.116081,27.27519
SKM_02223,0.418726,26.633117
SKM_02224,0.700419,26.004657
SKM_02225,0.654509,25.376363
SKM_02226,1.464167,24.748069
SKM_02227,2.043531,24.119775
SKM_02228,2.203627,23.491481
SKM_02229,2.129686,22.863187
SKM_02230,1.443205,22.234893
SKM_02231,12.839559,37.944149
SKM_02232,12.128612,38.047618
SKM_02233,11.460899,38.151086
SKM_02234,10.844407,38.254555
SKM_02235,10.288349,38.358024
SKM_02236,9.803015,38.461492
SKM_02237,9.399365,38.564961
SKM_02238,9.088291,38.668429
SKM_02239,8.162807,38.771898
SKM_02240,7.243041,38.875367
SKM_02241,6.347589,38.978835
SKM_02242,5.488362,39.082304
SKM_02243,4.685334,39.185773
SKM_02244,3.972731,39.289241
SKM_02245,3.40776,39.39271
SKM_02246,2.984674,39.496179
SKM_02247,2.805842,39.599647
SKM_02248,2.642477,39.703116
SKM_02249,2.73134,39.806805
SKM_02250,2.790709,39.925963
SKM_02251,2.75536,40.063974
SKM_02252,2.714159,40.203198
SKM_02253,2.392912,40.342421
SKM_02254,2.080554,40.481645
SKM_02255,2.087761,40.620868
SKM_02256,2.162814,40.760092
SKM_02257,2.38137,40.899315
SKM_02258,2.716066,41.038539
SKM_02259,3.106801,41.177762
SKM_02260,3.33858,41.316986
SKM_02261,3.555345,41.456209
SKM_02262,3.714658,41.595433
SKM_02263,3.935189,41.734656
SKM_02264,3.678055,41.87388
SKM_02265,3.082328,42.013103
SKM_02266,2.482042,42.152327
SKM_02267,2.001938,42.29155
SKM_02268,1.123666,42.430774
SKM_02269,0.208019,42.559274
SKM_02270,0.727668,42.683949
SKM_02271,1.292767,42.808625
SKM_02272,0.88889,42.9333
SKM_02273,0.699645,42.613103
SKM_02274,0.328971,41.728449
SKM_02275,0.044125,40.849117
SKM_02276,0.846974,39.975459
SKM_02277,0.962351,39.107853
SKM_02278,0.097186,38.246714
SKM_02279,0.668528,37.392486
SKM_02280,0.829759,36.545655
SKM_02281,1.412183,35.706747
SKM_02282,1.287614,34.876335
SKM_02283,1.45133,34.055038
SKM_02284,2.109533,33.243534
SKM_02285,1.967963,32.442556
SKM_02286,1.32094,31.652904
SKM_02287,0.998123,30.875447
SKM_02288,0.197605,30.11113
SKM_02289,0.660082,29.360979
SKM_02290,0.678972,28.626106
SKM_02291,0.105581,27.907721
SKM_02292,0.554018,27.207127
SKM_02293,0.67906,26.525736
SKM_02294,0.224783,25.865065
SKM_02295,0.264198,25.226681
SKM_02296,0.576324,24.598387
SKM_02297,1.143838,23.970093
SKM_02298,1.068606,23.341799
SKM_02299,1.258734,22.713505
SKM_02300,1.705342,22.085211
SKM_02301,14.175677,38.836767
SKM_02302,13.542487,38.938782
SKM_02303,12.870428,39.04225
SKM_02304,12.243238,39.145719
SKM_02305,11.668155,39.249188
SKM_02306,11.153242,39.352656
SKM_02307,10.707183,39.456125
SKM_02308,10.106085,39.559594
SKM_02309,9.336068,39.663062
SKM_02310,8.58283,39.766531
SKM_02311,7.713314,39.869999
SKM_02312,6.879349,39.973468
SKM_02313,6.095546,40.076937
SKM_02314,5.383857,40.180405
SKM_02315,4.776626,40.283874
SKM_02316,4.288207,40.387343
SKM_02317,3.947296,40.490811
SKM_02318,3.786518,40.59428
SKM_02319,3.640052,40.697749
SKM_02320,3.706926,40.801227
SKM_02321,3.790488,40.91749
SKM_02322,3.755202,41.054235
SKM_02323,3.70439,41.193459
SKM_02324,3.307009,41.332682
SKM_02325,3.07369,41.471906
SKM_02326,3.082192,41.611129
SKM_02327,3.160648,41.750353
SKM_02328,3.333724,41.889576
SKM_02329,3.64526,42.0288
SKM_02330,4.059749,42.168023
SKM_02331,4.291522,42.307247
SKM_02332,4.55491,42.44647
SKM_02333,4.688759,42.585694
SKM_02334,4.889536,42.724917
SKM_02335,4.481086,42.864141
SKM_02336,3.872518,43.003364
SKM_02337,3.243315,43.142588
SKM_02338,2.392216,43.281811
SKM_02339,1.451489,43.421035
SKM_02340,0.560861,43.551471
SKM_02341,0.223624,43.676147
SKM_02342,0.46586,43.800822
SKM_02343,0.026445,43.060055
SKM_02344,0.273176,42.161063
SKM_02345,0.625017,41.26672
SKM_02346,0.973503,40.377334
SKM_02347,1.253118,39.49324
SKM_02348,0.461883,38.614801
SKM_02349,0.352265,37.742414
SKM_02350,1.206892,36.876506
SKM_02351,1.719858,36.017546
SKM_02352,0.8762,35.166042
SKM_02353,0.306405,34.322549
SKM_02354,0.730396,33.487674
SKM_02355,1.696246,32.662076
SKM_02356,2.687196,31.846477
SKM_02357,2.240212,31.041666
SKM_02358,1.456617,30.248503
SKM_02359,0.507174,29.467929
SKM_02360,0.266579,28.700971
SKM_02361,0.193991,27.94875
SKM_02362,0.653676,27.212489
SKM_02363,1.304255,26.493517
SKM_02364,1.545815,25.793281
SKM_02365,0.783163,25.113348
SKM_02366,0.030437,24.455412
SKM_02367,0.026428,23.820411
SKM_02368,0.562287,23.192117
SKM_02369,0.164743,22.563823
SKM_02370,0.509529,21.935529
SKM_02371,0.720705,21.307235
SKM_02372,13.393359,39.832371
SKM_02373,12.775804,39.933414
SKM_02374,12.209025,40.036883
SKM_02375,11.700403,40.140352
SKM_02376,11.257821,40.24382
SKM_02377,10.889337,40.347289
SKM_02378,10.378614,40.450758
SKM_02379,9.526008,40.554226
SKM_02380,8.704828,40.657695
SKM_02381,7.92485,40.761163
SKM_02382,7.199476,40.864632
SKM_02383,6.546882,40.968101
SKM_02384,5.990899,41.071569
SKM_02385,5.560582,41.175038
SKM_02386,5.286708,41.278507
SKM_02387,5.194082,41.381975
SKM_02388,4.922784,41.485444
SKM_02389,4.767218,41.588913
SKM_02390,4.638671,41.692381
SKM_02391,4.692801,41.79585
SKM_02392,4.789446,41.909419
SKM_02393,4.755111,42.044496
SKM_02394,4.628817,42.18372
SKM_02395,4.253266,42.322943
SKM_02396,4.070188,42.462167
SKM_02397,4.079346,42.60139
SKM_02398,4.15319,42.740614
SKM_02399,4.304064,42.879837
SKM_02400,4.577659,43.019061
SKM_02401,4.949255,43.158284
SKM_02402,5.259803,43.297508
SKM_02403,5.532661,43.436731
SKM_02404,5.664909,43.575955
SKM_02405,5.534614,43.715178
SKM_02406,4.562176,43.854402
SKM_02407,3.604852,43.993625
SKM_02408,2.678891,44.132849
SKM_02409,1.832474,44.272072
SKM_02410,1.240752,44.411296
SKM_02411,1.076643,44.543669
SKM_02412,0.164399,44.464291
SKM_02413,0.22728,43.548365
SKM_02414,0.938589,42.636217
SKM_02415,1.253556,41.728095
SKM_02416,1.489038,40.824268
SKM_02417,1.230009,39.925026
SKM_02418,0.572371,39.030689
SKM_02419,0.052063,38.141599
SKM_02420,0.903241,37.258133
SKM_02421,1.727609,36.3807
SKM_02422,1.60521,35.509749
SKM_02423,0.651416,34.645767
SKM_02424,0.257377,33.789289
SKM_02425,0.980102,32.940901
SKM_02426,1.817793,32.101244
SKM_02427,2.587759,31.271022
SKM_02428,2.741023,30.451005
SKM_02429,1.887718,29.642041
SKM_02430,1.120419,28.84506
SKM_02431,0.365651,28.061084
SKM_02432,0.396771,27.291232
SKM_02433,1.381661,26.536734
SKM_02434,2.066166,25.798937
SKM_02435,2.1675,25.079315
SKM_02436,1.349777,24.379478
SKM_02437,0.732064,23.701178
SKM_02438,0.947345,23.046318
SKM_02439,1.150638,22.414141
SKM_02440,0.827618,21.785847
SKM_02441,0.928533,21.157553
SKM_02442,0.360193,20.529259
SKM_02443,12.641768,40.82819
SKM_02444,11.985551,40.928047
SKM_02445,11.379479,41.031516
SKM_02446,10.831974,41.134984
SKM_02447,10.352333,41.238453
SKM_02448,9.950372,41.341922
SKM_02449,9.63582,41.44539
SKM_02450,9.019795,41.548859
SKM_02451,8.147755,41.652328
SKM_02452,7.308565,41.755796
SKM_02453,6.514931,41.859265
SKM_02454,5.785632,41.962733
SKM_02455,5.148082,42.066202
SKM_02456,4.640253,42.169671
SKM_02457,4.308266,42.273139
SKM_02458,4.194087,42.376608
SKM_02459,4.315041,42.480077
SKM_02460,4.652825,42.583545
SKM_02461,5.165074,42.687014
SKM_02462,5.54919,42.790483
SKM_02463,4.943974,42.901724
SKM_02464,4.482437,43.034757
SKM_02465,4.202066,43.173981
SKM_02466,4.135186,43.313204
SKM_02467,4.108891,43.452428
SKM_02468,3.883589,43.591651
SKM_02469,3.794031,43.730875
SKM_02470,3.883112,43.870098
SKM_02471,4.138968,44.009322
SKM_02472,4.460877,44.148545
SKM_02473,4.702535,44.287769
SKM_02474,5.131105,44.426992
SKM_02475,5.70429,44.566216
SKM_02476,5.411961,44.705439
SKM_02477,4.412575,44.844663
SKM_02478,3.41355,44.983886
SKM_02479,2.415332,45.12311
SKM_02480,1.419623,45.262333
SKM_02481,0.443659,45.401557
SKM_02482,0.083492,45.004055
SKM_02483,0.140896,44.076659
SKM_02484,0.123755,43.152506
SKM_02485,1.104266,42.231809
SKM_02486,2.103187,41.314799
SKM_02487,1.302783,40.401727
SKM_02488,0.483501,39.492865
SKM_02489,0.113679,38.588513
SKM_02490,0.788003,37.688993
SKM_02491,1.441892,36.794662
SKM_02492,2.267275,35.905905
SKM_02493,1.694771,35.023149
SKM_02494,0.751067,34.146857
SKM_02495,0.077458,33.277541
SKM_02496,0.796651,32.415763
SKM_02497,1.368305,31.562138
SKM_02498,1.720853,30.717348
SKM_02499,2.099812,29.882142
SKM_02500,1.995767,29.057345
SKM_02501,1.013117,28.24387
SKM_02502,0.092327,27.442724
SKM_02503,0.585249,26.655018
SKM_02504,1.510134,25.88198
SKM_02505,2.476015,25.124964
SKM_02506,2.37603,24.385461
SKM_02507,2.0967,23.665114
SKM_02508,1.20929,22.965725
SKM_02509,0.671389,22.289267
SKM_02510,1.199643,21.637891
SKM_02511,1.758071,21.007871
SKM_02512,0.840213,20.379577
SKM_02513,11.926716,41.824208
SKM_02514,11.228787,41.92268
SKM_02515,10.579451,42.026148
SKM_02516,9.988189,42.129617
SKM_02517,9.465888,42.233086
SKM_02518,9.024531,42.336554
SKM_02519,8.676479,42.440023
SKM_02520,8.433291,42.543492
SKM_02521,7.681002,42.64696
SKM_02522,6.78432,42.750429
SKM_02523,5.920828,42.853898
SKM_02524,5.107388,42.957366
SKM_02525,4.372027,43.060835
SKM_02526,3.760828,43.164303
SKM_02527,3.342609,43.267772
SKM_02528,3.194095,43.371241
SKM_02529,3.351336,43.474709
SKM_02530,3.776329,43.578178
SKM_02531,4.392023,43.681647
SKM_02532,4.845444,43.785115
SKM_02533,4.138562,43.894377
SKM_02534,3.574502,44.025018
SKM_02535,3.222907,44.164242
SKM_02536,3.13535,44.303465
SKM_02537,3.155092,44.442689
SKM_02538,2.897467,44.581912
SKM_02539,2.794237,44.721136
SKM_02540,2.911279,44.860359
SKM_02541,3.211942,44.999583
SKM_02542,3.472853,45.138806
SKM_02543,3.778243,45.27803
SKM_02544,4.299945,45.417253
SKM_02545,4.938626,45.556477
SKM_02546,4.845704,45.6957
SKM_02547,4.486445,45.834924
SKM_02548,3.508517,45.974147
SKM_02549,2.547783,46.113371
SKM_02550,1.634839,46.252594
SKM_02551,0.92423,45.58132
SKM_02552,0.794789,44.643518
SKM_02553,0.707095,43.708473
SKM_02554,0.187902,42.776366
SKM_02555,0.860299,41.847394
SKM_02556,1.388741,40.92177
SKM_02557,0.84314,39.999727
SKM_02558,0.108057,39.081519
SKM_02559,0.895555,38.167421
SKM_02560,1.504861,37.257736
SKM_02561,2.121754,36.352797
SKM_02562,2.712185,35.452965
SKM_02563,2.035856,34.55864
SKM_02564,1.071402,33.670262
SKM_02565,0.17424,32.788313
SKM_02566,0.650798,31.913326
SKM_02567,0.370268,31.045889
SKM_02568,1.064726,30.186655
SKM_02569,1.11809,29.336344
SKM_02570,1.529667,28.495754
SKM_02571,1.116971,27.665771
SKM_02572,0.175977,26.847379
SKM_02573,0.753601,26.041672
SKM_02574,1.73925,25.249863
SKM_02575,1.551311,24.473302
SKM_02576,1.386157,23.713486
SKM_02577,1.853726,22.972077
SKM_02578,1.030928,22.250915
SKM_02579,0.042975,21.552033
SKM_02580,0.944028,20.877668
SKM_02581,1.737964,20.230273
SKM_02582,0.803647,19.601601
SKM_02583,11.255167,42.820412
SKM_02584,10.51275,42.917313
SKM_02585,9.816162,43.020781
SKM_02586,9.175847,43.12425
SKM_02587,8.604376,43.227718
SKM_02588,8.116305,43.331187
SKM_02589,7.727453,43.434656
SKM_02590,7.453365,43.538124
SKM_02591,7.306967,43.641593
SKM_02592,6.374863,43.745062
SKM_02593,5.446841,43.84853
SKM_02594,4.549427,43.951999
SKM_02595,3.704929,44.055468
SKM_02596,2.959004,44.158936
SKM_02597,2.405184,44.262405
SKM_02598,2.19411,44.365873
SKM_02599,2.417298,44.469342
SKM_02600,2.97868,44.572811
SKM_02601,3.728504,44.676279
SKM_02602,4.259546,44.779748
SKM_02603,3.436934,44.887357
SKM_02604,2.731645,45.015282
SKM_02605,2.260807,45.154503
SKM_02606,2.135667,45.293726
SKM_02607,2.175918,45.43295
SKM_02608,1.909935,45.572173
SKM_02609,1.794673,45.711397
SKM_02610,1.941942,45.85062
SKM_02611,2.345654,45.989844
SKM_02612,2.494392,46.129067
SKM_02613,2.904548,46.268291
SKM_02614,3.525404,46.407514
SKM_02615,4.056593,46.546738
SKM_02616,3.84947,46.685961
SKM_02617,3.881945,46.825185
SKM_02618,3.868729,46.964408
SKM_02619,3.024659,47.103632
SKM_02620,2.308694,46.194681
SKM_02621,1.873918,45.247491
SKM_02622,1.294078,44.302622
SKM_02623,0.903454,43.360227
SKM_02624,0.48127,42.420469
SKM_02625,0.098338,41.483528
SKM_02626,0.729555,40.549599
SKM_02627,0.023824,39.618895
SKM_02628,0.541919,38.69165
SKM_02629,1.341524,37.768117
SKM_02630,0.911433,36.848576
SKM_02631,1.298006,35.933334
SKM_02632,1.866633,35.022727
SKM_02633,1.582795,34.117126
SKM_02634,0.852804,33.216942
SKM_02635,0.110628,32.322625
SKM_02636,0.303698,31.434679
SKM_02637,0.45398,30.553657
SKM_02638,0.71339,29.680176
SKM_02639,0.286717,28.814922
SKM_02640,0.572626,27.95866
SKM_02641,0.682541,27.11224
SKM_02642,0.153099,26.276614
SKM_02643,0.895719,25.452846
SKM_02644,1.461954,24.642124
SKM_02645,0.781578,23.845779
SKM_02646,0.444237,23.0653
SKM_02647,1.308516,22.302354
SKM_02648,1.137966,21.558801
SKM_02649,0.473455,20.836718
SKM_02650,1.073943,20.138414
SKM_02651,1.883012,19.466448
SKM_02652,1.017628,18.823625
SKM_02653,10.635367,43.816789
SKM_02654,9.846327,43.911945
SKM_02655,9.098862,44.015414
SKM_02656,8.404071,44.118883
SKM_02657,7.776087,44.222351
SKM_02658,7.232334,44.32582
SKM_02659,6.793068,44.429288
SKM_02660,6.479575,44.532757
SKM_02661,6.310627,44.636226
SKM_02662,6.103339,44.739694
SKM_02663,5.126398,44.843163
SKM_02664,4.160429,44.946632
SKM_02665,3.215334,45.0501
SKM_02666,2.316804,45.153569
SKM_02667,1.548157,45.257038
SKM_02668,1.194151,45.360506
SKM_02669,1.566909,45.463975
SKM_02670,2.341882,45.567443
SKM_02671,3.242471,45.670912
SKM_02672,3.838994,45.774381
SKM_02673,2.906296,45.880642
SKM_02674,2.036345,46.005805
SKM_02675,1.340175,46.144764
SKM_02676,1.136543,46.283987
SKM_02677,1.208169,46.423211
SKM_02678,0.948886,46.562434
SKM_02679,0.796206,46.701658
SKM_02680,0.978089,46.840881
SKM_02681,1.447126,46.980105
SKM_02682,1.543786,47.119328
SKM_02683,2.113509,47.258552
SKM_02684,2.835415,47.397775
SKM_02685,3.126659,47.536999
SKM_02686,2.855869,47.676222
SKM_02687,2.899495,47.815446
SKM_02688,3.264682,47.80014
SKM_02689,3.495444,46.842719
SKM_02690,2.561332,45.887114
SKM_02691,1.564888,44.933441
SKM_02692,0.5808,43.981826
SKM_02693,0.044092,43.032406
SKM_02694,0.028057,42.085328
SKM_02695,0.43542,41.140755
SKM_02696,0.005228,40.198864
SKM_02697,0.511436,39.259847
SKM_02698,0.526002,38.323915
SKM_02699,0.601389,37.391301
SKM_02700,0.023363,36.462258
SKM_02701,0.931559,35.537068
SKM_02702,0.888333,34.616038
SKM_02703,0.827283,33.69951
SKM_02704,0.172295,32.787862
SKM_02705,0.045593,31.881512
SKM_02706,0.273093,30.980925
SKM_02707,1.162776,30.086618
SKM_02708,0.934143,29.19917
SKM_02709,0.221104,28.319224
SKM_02710,0.126628,27.447501
SKM_02711,0.02539,26.584812
SKM_02712,0.113309,25.732064
SKM_02713,0.448383,24.89028
SKM_02714,0.478777,24.06061
SKM_02715,0.269038,23.244351
SKM_02716,0.423225,22.442967
SKM_02717,0.952696,21.658109
SKM_02718,0.940602,20.891639
SKM_02719,1.182707,20.145657
SKM_02720,0.921037,19.422523
SKM_02721,1.33635,18.724884
SKM_02722,10.076869,44.813327
SKM_02723,9.24026,44.906578
SKM_02724,8.439285,45.010047
SKM_02725,7.685093,45.113515
SKM_02726,6.992837,45.216984
SKM_02727,6.382703,45.320453
SKM_02728,5.880308,45.423921
SKM_02729,5.515174,45.52739
SKM_02730,5.315662,45.630858
SKM_02731,5.300508,45.734327
SKM_02732,4.989172,45.837796
SKM_02733,3.990118,45.941264
SKM_02734,2.991697,46.044733
SKM_02735,1.994858,46.148202
SKM_02736,1.004323,46.25167
SKM_02737,0.19461,46.355139
SKM_02738,1.027428,46.458608
SKM_02739,1.984848,46.562076
SKM_02740,2.954472,46.665545
SKM_02741,3.651303,46.769013
SKM_02742,2.65343,46.874212
SKM_02743,1.658124,46.996729
SKM_02744,0.676799,47.135025
SKM_02745,0.149623,47.274248
SKM_02746,0.280026,47.413472
SKM_02747,0.081425,47.552695
SKM_02748,0.175588,47.691919
SKM_02749,0.215104,47.831142
SKM_02750,0.484694,47.970366
SKM_02751,0.706594,48.109589
SKM_02752,1.462224,48.248813
SKM_02753,1.918486,48.388036
SKM_02754,2.256979,48.52726
SKM_02755,1.865554,48.666483
SKM_02756,1.935108,48.488609
SKM_02757,2.448615,47.524016
SKM_02758,3.141008,46.560917
SKM_02759,2.278237,45.599407
SKM_02760,1.288899,44.639588
SKM_02761,0.36353,43.681572
SKM_02762,0.094603,42.72548
SKM_02763,0.512606,41.771444
SKM_02764,1.244423,40.819608
SKM_02765,0.59215,39.870131
SKM_02766,0.218781,38.923184
SKM_02767,0.240742,37.978957
SKM_02768,0.487873,37.037657
SKM_02769,0.47964,36.099515
SKM_02770,0.419958,35.164781
SKM_02771,0.05288,34.233737
SKM_02772,0.129961,33.306691
SKM_02773,0.450392,32.383986
SKM_02774,0.890812,31.466005
SKM_02775,0.771091,30.553173
SKM_02776,0.720722,29.645966
SKM_02777,0.13629,28.744916
SKM_02778,0.268352,27.850621
SKM_02779,0.543545,26.963754
SKM_02780,0.12862,26.085071
SKM_02781,0.784493,25.215428
SKM_02782,0.523588,24.355794
SKM_02783,0.412028,23.507268
SKM_02784,0.224677,22.671095
SKM_02785,0.090475,21.848694
SKM_02786,0.015102,21.041681
SKM_02787,0.001912,20.251895
SKM_02788,0.460301,19.481431
SKM_02789,0.056341,18.732674
SKM_02790,0.840427,18.008331
SKM_02791,0.728605,17.311467
SKM_02792,10.494589,45.74046
SKM_02793,9.590387,45.810016
SKM_02794,8.707161,45.901258
SKM_02795,7.851992,46.004679
SKM_02796,7.035119,46.108148
SKM_02797,6.271525,46.211617
SKM_02798,5.583112,46.315085
SKM_02799,5.001026,46.418554
SKM_02800,4.566113,46.522023
SKM_02801,4.323021,46.625491
SKM_02802,4.304374,46.72896
SKM_02803,4.512954,46.832428
SKM_02804,4.066069,46.935897
SKM_02805,3.092269,47.039366
SKM_02806,2.110352,47.142834
SKM_02807,1.119655,47.246303
SKM_02808,0.128958,47.349772
SKM_02809,0.869605,47.45324
SKM_02810,1.869604,47.556709
SKM_02811,2.869604,47.660178
SKM_02812,3.630756,47.763646
SKM_02813,2.76312,47.86805
SKM_02814,1.828528,47.98803
SKM_02815,1.025766,48.125286
SKM_02816,0.667461,48.264509
SKM_02817,0.645252,48.403733
SKM_02818,0.858841,48.542956
SKM_02819,1.175539,48.68218
SKM_02820,0.720442,48.821403
SKM_02821,0.515301,48.960627
SKM_02822,0.167028,49.09985
SKM_02823,0.606955,49.239074
SKM_02824,1.137859,49.378297
SKM_02825,1.487299,49.517521
SKM_02826,0.89462,49.208098
SKM_02827,1.040296,48.237163
SKM_02828,1.727348,47.267439
SKM_02829,2.340706,46.299003
SKM_02830,2.187365,45.331938
SKM_02831,1.398282,44.366333
SKM_02832,0.795922,43.402285
SKM_02833,0.790781,42.439902
SKM_02834,0.557889,41.479298
SKM_02835,0.277478,40.520601
SKM_02836,0.001254,39.563948
SKM_02837,0.025387,38.609492
SKM_02838,0.617092,37.657401
SKM_02839,0.200805,36.707856
SKM_02840,0.009556,35.761063
SKM_02841,0.08616,34.817245
SKM_02842,0.280521,33.87665
SKM_02843,1.096428,32.939556
SKM_02844,1.332848,32.006269
SKM_02845,1.756025,31.077132
SKM_02846,1.722526,30.15253
SKM_02847,0.865386,29.232892
SKM_02848,0.719122,28.318702
SKM_02849,0.576049,27.410505
SKM_02850,0.069365,26.508917
SKM_02851,0.488534,25.614636
SKM_02852,0.538674,24.728455
SKM_02853,0.620882,23.851277
SKM_02854,1.4023,22.984132
SKM_02855,1.152528,22.1282
SKM_02856,1.081292,21.284833
SKM_02857,0.9525,20.455587
SKM_02858,0.876514,19.642249
SKM_02859,0.47904,18.846879
SKM_02860,0.858211,18.071849
SKM_02861,1.239982,17.319892
SKM_02862,1.05021,16.594142
SKM_02863,10.127618,46.738774
SKM_02864,9.18737,46.806846
SKM_02865,8.261168,46.896149
SKM_02866,7.35432,46.999312
SKM_02867,6.474963,47.102781
SKM_02868,5.63598,47.206249
SKM_02869,4.858332,47.309718
SKM_02870,4.176423,47.413187
SKM_02871,3.644398,47.516655
SKM_02872,3.33478,47.620124
SKM_02873,3.310571,47.723593
SKM_02874,3.577569,47.827061
SKM_02875,3.96772,47.93053
SKM_02876,2.970007,48.033998
SKM_02877,1.974611,48.137467
SKM_02878,0.983568,48.240936
SKM_02879,0.007129,48.344404
SKM_02880,0.997826,48.447873
SKM_02881,1.73971,48.551342
SKM_02882,2.254165,48.65481
SKM_02883,2.720827,48.758279
SKM_02884,3.198276,48.86214
SKM_02885,2.43673,48.979685
SKM_02886,1.909538,49.115547
SKM_02887,1.426431,49.25477
SKM_02888,0.866238,49.393994
SKM_02889,0.875947,49.533217
SKM_02890,1.661022,49.672441
SKM_02891,1.674127,49.811664
SKM_02892,1.216891,49.950888
SKM_02893,0.678317,50.090111
SKM_02894,0.167379,50.229335
SKM_02895,0.776765,50.368558
SKM_02896,0.727702,49.957269
SKM_02897,0.077887,48.980768
SKM_02898,0.318643,48.005234
SKM_02899,1.065799,47.030729
SKM_02900,1.358182,46.057316
SKM_02901,1.759233,45.085067
SKM_02902,0.916498,44.114058
SKM_02903,0.026844,43.144375
SKM_02904,0.006283,42.176107
SKM_02905,0.338323,41.209354
SKM_02906,0.703589,40.244227
SKM_02907,0.702166,39.280844
SKM_02908,0.137346,38.319337
SKM_02909,0.114756,37.359851
SKM_02910,0.691159,36.402547
SKM_02911,0.947871,35.447599
SKM_02912,0.161423,34.495206
SKM_02913,0.61732,33.545583
SKM_02914,1.178363,32.598973
SKM_02915,1.21541,31.655646
SKM_02916,1.256724,30.715905
SKM_02917,1.710399,29.78009
SKM_02918,1.725789,28.848581
SKM_02919,1.661368,27.921811
SKM_02920,1.016679,27.000268
SKM_02921,0.039851,26.084504
SKM_02922,0.673886,25.175152
SKM_02923,0.643104,24.272931
SKM_02924,0.347343,23.378667
SKM_02925,1.322201,22.49331
SKM_02926,2.118152,21.617953
SKM_02927,2.028196,20.753862
SKM_02928,1.947257,19.902505
SKM_02929,1.713848,19.065587
SKM_02930,1.47862,18.245096
SKM_02931,1.66374,17.443349
SKM_02932,0.73579,16.663053
SKM_02933,9.21887,47.660902
SKM_02934,9.997356,47.691386
SKM_02935,9.848903,47.737158
SKM_02936,8.87919,47.803809
SKM_02937,7.917016,47.891252
SKM_02938,6.965506,47.993945
SKM_02939,6.029709,48.097413
SKM_02940,5.118253,48.200882
SKM_02941,4.246838,48.304351
SKM_02942,3.445977,48.407819
SKM_02943,2.777387,48.511288
SKM_02944,2.356481,48.614757
SKM_02945,2.322095,48.718225
SKM_02946,2.688593,48.821694
SKM_02947,3.234078,48.925163
SKM_02948,3.053092,49.028631
SKM_02949,2.079196,49.1321
SKM_02950,1.1502,49.235568
SKM_02951,0.2651,49.339037
SKM_02952,0.376604,49.442506
SKM_02953,0.868758,49.545974
SKM_02954,1.421921,49.649443
SKM_02955,1.903525,49.752912
SKM_02956,2.687928,49.856466
SKM_02957,2.573536,49.971672
SKM_02958,1.689106,50.105808
SKM_02959,0.823852,50.245031
SKM_02960,0.0125,50.384255
SKM_02961,0.568427,50.523478
SKM_02962,1.521454,50.662702
SKM_02963,1.151402,50.801925
SKM_02964,1.250467,50.941149
SKM_02965,1.44614,51.080372
SKM_02966,0.508813,51.219596
SKM_02967,0.378717,50.734806
SKM_02968,0.202928,49.753466
SKM_02969,0.205334,48.772885
SKM_02970,0.23357,47.793108
SKM_02971,0.12663,46.814187
SKM_02972,0.389014,45.836176
SKM_02973,1.148149,44.859134
SKM_02974,1.007322,43.883127
SKM_02975,0.146086,42.908225
SKM_02976,0.137141,41.934504
SKM_02977,0.240483,40.96205
SKM_02978,0.002222,39.990955
SKM_02979,0.17038,39.021319
SKM_02980,0.600103,38.053256
SKM_02981,0.014099,37.086887
SKM_02982,0.995947,36.122349
SKM_02983,0.593306,35.159792
SKM_02984,0.27333,34.199384
SKM_02985,0.331719,33.241312
SKM_02986,0.183809,32.285782
SKM_02987,0.258772,31.333027
SKM_02988,0.308396,30.38331
SKM_02989,0.99443,29.436923
SKM_02990,0.884801,28.494198
SKM_02991,1.138585,27.555512
SKM_02992,0.457685,26.621291
SKM_02993,0.277151,25.692023
SKM_02994,0.091534,24.768265
SKM_02995,0.51719,23.850657
SKM_02996,0.740283,22.939938
SKM_02997,1.281823,22.036961
SKM_02998,1.897077,21.142719
SKM_02999,2.641952,20.258368
SKM_03000,2.021464,19.385262
SKM_03001,1.447629,18.524991
SKM_03002,1.450842,17.679429
SKM_03003,1.719033,16.850789
SKM_03004,0.853482,16.041696
SKM_03005,8.59899,48.66046
SKM_03006,9.428796,48.690776
SKM_03007,9.666082,48.735609
SKM_03008,8.675959,48.800896
SKM_03009,7.688393,48.886556
SKM_03010,6.704514,48.988577
SKM_03011,5.726224,49.092046
SKM_03012,4.756969,49.195515
SKM_03013,3.803667,49.298983
SKM_03014,2.882187,49.402452
SKM_03015,2.036204,49.505921
SKM_03016,1.408989,49.609389
SKM_03017,1.350693,49.712858
SKM_03018,1.833188,49.816327
SKM_03019,2.537463,49.919795
SKM_03020,3.245047,50.023264
SKM_03021,2.500701,50.126732
SKM_03022,1.667721,50.230201
SKM_03023,1.027106,50.33367
SKM_03024,0.493562,50.437138
SKM_03025,0.320395,50.540607
SKM_03026,0.492308,50.644076
SKM_03027,1.357909,50.747544
SKM_03028,2.333552,50.851013
SKM_03029,2.191943,50.963972
SKM_03030,1.234238,51.096068
SKM_03031,0.337474,51.235292
SKM_03032,0.545738,51.374515
SKM_03033,1.318009,51.513739
SKM_03034,0.733928,51.652962
SKM_03035,0.39073,51.792186
SKM_03036,0.62499,51.931409
SKM_03037,1.589323,52.070633
SKM_03038,0.610773,51.539424
SKM_03039,0.090028,50.553923
SKM_03040,0.306934,49.569003
SKM_03041,0.780572,48.584699
SKM_03042,0.765667,47.601049
SKM_03043,0.054063,46.618095
SKM_03044,0.523928,45.635882
SKM_03045,1.241608,44.654458
SKM_03046,1.518813,43.673877
SKM_03047,1.146053,42.694197
SKM_03048,0.80292,41.715481
SKM_03049,0.065253,40.737799
SKM_03050,0.680665,39.761227
SKM_03051,1.015047,38.785848
SKM_03052,0.916135,37.811757
SKM_03053,0.208935,36.839053
SKM_03054,0.406141,35.867851
SKM_03055,0.119302,34.898276
SKM_03056,0.590097,33.930467
SKM_03057,0.496696,32.964579
SKM_03058,0.188279,32.000787
SKM_03059,0.233734,31.039286
SKM_03060,0.481181,30.080296
SKM_03061,0.632977,29.124064
SKM_03062,0.010571,28.170872
SKM_03063,0.647779,27.221038
SKM_03064,0.141707,26.274928
SKM_03065,0.918737,25.332957
SKM_03066,0.875301,24.395607
SKM_03067,0.38357,23.46343
SKM_03068,0.113419,22.537068
SKM_03069,0.492901,21.61727
SKM_03070,1.265128,20.704909
SKM_03071,2.208736,19.801014
SKM_03072,1.487684,18.906799
SKM_03073,0.612488,18.023706
SKM_03074,8.055883,49.660017
SKM_03075,8.579905,49.690189
SKM_03076,8.691032,49.734121
SKM_03077,8.400446,49.7981
SKM_03078,7.498367,49.882047
SKM_03079,6.586559,49.98321
SKM_03080,5.587654,50.086679
SKM_03081,4.589227,50.190147
SKM_03082,3.591675,50.293616
SKM_03083,2.596007,50.397085
SKM_03084,1.605731,50.500553
SKM_03085,0.646139,50.604022
SKM_03086,0.458494,50.707491
SKM_03087,1.157601,50.810959
SKM_03088,1.982643,50.914428
SKM_03089,2.294149,51.017897
SKM_03090,2.799681,51.121365
SKM_03091,1.907524,51.224834
SKM_03092,0.943947,51.328302
SKM_03093,0.263991,51.431771
SKM_03094,0.107027,51.53524
SKM_03095,0.570788,51.638708
SKM_03096,1.435297,51.742177
SKM_03097,2.322983,51.845646
SKM_03098,2.102771,51.956568
SKM_03099,1.190469,52.086329
SKM_03100,0.256192,52.225553
SKM_03101,0.72915,52.364776
SKM_03102,1.336091,52.504
SKM_03103,0.404561,52.643223
SKM_03104,0.07767,52.782447
SKM_03105,0.850848,52.92167
SKM_03106,1.336247,52.369877
SKM_03107,0.725951,51.380842
SKM_03108,0.173796,50.39224
SKM_03109,0.614264,49.404097
SKM_03110,0.129988,48.41644
SKM_03111,0.062831,47.429301
SKM_03112,0.602078,46.442712
SKM_03113,0.722356,45.456709
SKM_03114,1.500266,44.471331
SKM_03115,2.366197,43.486621
SKM_03116,1.650432,42.502625
SKM_03117,0.711156,41.519393
SKM_03118,0.536246,40.536982
SKM_03119,0.411117,39.555452
SKM_03120,0.052816,38.574872
SKM_03121,0.006305,37.595314
SKM_03122,0.357351,36.616861
SKM_03123,0.070709,35.639605
SKM_03124,0.227736,34.663646
SKM_03125,0.001471,33.689097
SKM_03126,0.324392,32.716084
SKM_03127,0.454214,31.744749
SKM_03128,0.263614,30.775249
SKM_03129,0.696359,29.807765
SKM_03130,0.391698,28.8425
SKM_03131,0.248721,27.879682
SKM_03132,0.257898,26.919576
SKM_03133,0.69476,25.962482
SKM_03134,1.339347,25.008747
SKM_03135,1.681328,24.058768
SKM_03136,1.367136,23.11301
SKM_03137,0.86254,22.172012
SKM_03138,0.04153,21.236408
SKM_03139,0.866495,20.306943
SKM_03140,1.733006,19.3845
SKM_03141,1.405081,18.470131
SKM_03142,0.405904,17.565097
SKM_03143,7.586853,50.659575
SKM_03144,7.58153,50.689626
SKM_03145,7.707067,50.732693
SKM_03146,7.739696,50.795414
SKM_03147,7.097719,50.877716
SKM_03148,6.167304,50.977843
SKM_03149,5.262476,51.081312
SKM_03150,4.399054,51.18478
SKM_03151,3.606895,51.288249
SKM_03152,2.677965,51.391717
SKM_03153,1.735113,51.495186
SKM_03154,0.921814,51.598655
SKM_03155,0.15255,51.702123
SKM_03156,0.720676,51.805592
SKM_03157,1.025772,51.909061
SKM_03158,1.404198,52.012529
SKM_03159,2.03568,52.115998
SKM_03160,1.981036,52.219467
SKM_03161,1.084846,52.322935
SKM_03162,0.453902,52.426404
SKM_03163,0.019488,52.529872
SKM_03164,0.108146,52.633341
SKM_03165,0.990665,52.73681
SKM_03166,1.621621,52.840278
SKM_03167,1.742051,52.949442
SKM_03168,0.800582,53.076776
SKM_03169,0.13326,53.215814
SKM_03170,1.039723,53.355037
SKM_03171,1.404,53.494261
SKM_03172,0.408223,53.633484
SKM_03173,0.457928,53.772708
SKM_03174,0.499505,53.224955
SKM_03175,0.513072,52.232966
SKM_03176,0.960047,51.241288
SKM_03177,0.007254,50.249941
SKM_03178,0.108199,49.258943
SKM_03179,0.237356,48.268316
SKM_03180,0.307459,47.278084
SKM_03181,1.298958,46.288272
SKM_03182,1.66406,45.298908
SKM_03183,2.120872,44.310021
SKM_03184,2.851805,43.321644
SKM_03185,1.859676,42.333814
SKM_03186,0.885437,41.346568
SKM_03187,0.231126,40.35995
SKM_03188,0.052642,39.374008
SKM_03189,0.232638,38.388793
SKM_03190,0.71245,37.404362
SKM_03191,0.884613,36.42078
SKM_03192,0.272703,35.438117
SKM_03193,0.587314,34.456451
SKM_03194,0.99839,33.475871
SKM_03195,1.150968,32.496474
SKM_03196,0.827555,31.518372
SKM_03197,0.080372,30.541687
SKM_03198,0.239991,29.566561
SKM_03199,0.469705,28.593154
SKM_03200,0.723764,27.621647
SKM_03201,0.854955,26.652247
SKM_03202,0.045521,25.685194
SKM_03203,0.468259,24.720762
SKM_03204,1.306418,23.759272
SKM_03205,2.072475,22.801094
SKM_03206,1.158409,21.846666
SKM_03207,0.505269,20.8965
SKM_03208,0.74371,19.951206
SKM_03209,1.674993,19.01151
SKM_03210,1.741589,18.078286
SKM_03211,1.001814,17.15259
SKM_03212,6.30139,51.629387
SKM_03213,6.589777,51.659132
SKM_03214,6.583649,51.689085
SKM_03215,6.727831,51.73132
SKM_03216,6.840694,51.792831
SKM_03217,6.436204,51.87355
SKM_03218,5.847029,51.972476
SKM_03219,4.883213,52.075944
SKM_03220,3.937485,52.179413
SKM_03221,3.026848,52.282882
SKM_03222,2.19541,52.38635
SKM_03223,1.574116,52.489819
SKM_03224,1.325279,52.593287
SKM_03225,0.654865,52.696756
SKM_03226,0.047863,52.800225
SKM_03227,0.113101,52.903693
SKM_03228,0.621749,53.007162
SKM_03229,1.43775,53.110631
SKM_03230,2.020278,53.214099
SKM_03231,1.787385,53.317568
SKM_03232,1.136186,53.421037
SKM_03233,0.956876,53.524505
SKM_03234,0.395678,53.627974
SKM_03235,0.464116,53.731442
SKM_03236,0.811995,53.834911
SKM_03237,1.124045,53.942579
SKM_03238,0.39302,54.067575
SKM_03239,0.467075,54.206075
SKM_03240,1.309104,54.345298
SKM_03241,1.466458,54.484522
SKM_03242,0.688163,54.623745
SKM_03243,0.738192,54.10349
SKM_03244,0.037638,53.109081
SKM_03245,0.416001,52.114887
SKM_03246,0.706679,51.120918
SKM_03247,0.159843,50.12719
SKM_03248,0.382415,49.133717
SKM_03249,0.050678,48.140513
SKM_03250,0.414005,47.147597
SKM_03251,1.412331,46.154987
SKM_03252,2.054738,45.162703
SKM_03253,2.026277,44.170767
SKM_03254,2.108773,43.179203
SKM_03255,1.901648,42.188037
SKM_03256,0.907267,41.197298
SKM_03257,0.173206,40.207018
SKM_03258,0.841942,39.217231
SKM_03259,0.120477,38.227975
SKM_03260,0.596659,37.239294
SKM_03261,0.007862,36.251233
SKM_03262,0.001241,35.263845
SKM_03263,0.114127,34.277189
SKM_03264,0.383931,33.291329
SKM_03265,0.820354,32.306339
SKM_03266,0.23635,31.322299
SKM_03267,0.475542,30.339303
SKM_03268,1.155547,29.357456
SKM_03269,1.357786,28.376877
SKM_03270,1.716191,27.397701
SKM_03271,1.418396,26.420086
SKM_03272,0.685406,25.444211
SKM_03273,0.244576,24.470283
SKM_03274,1.233862,23.498546
SKM_03275,2.232714,22.529283
SKM_03276,1.882056,21.562826
SKM_03277,1.450137,20.599572
SKM_03278,1.53473,19.639992
SKM_03279,2.1466,18.684651
SKM_03280,1.653604,17.734235
SKM_03281,0.664492,16.78958
SKM_03282,5.77674,52.628945
SKM_03283,5.593746,52.65869
SKM_03284,5.586525,52.688564
SKM_03285,5.755739,52.729998
SKM_03286,5.973884,52.790346
SKM_03287,5.506081,52.869543
SKM_03288,5.191008,52.967108
SKM_03289,4.69019,53.070577
SKM_03290,3.69539,53.174046
SKM_03291,2.704426,53.277514
SKM_03292,1.723931,53.380983
SKM_03293,0.793698,53.484452
SKM_03294,0.522267,53.58792
SKM_03295,0.07756,53.691389
SKM_03296,0.674749,53.794857
SKM_03297,0.733945,53.898326
SKM_03298,0.101656,54.001795
SKM_03299,0.673853,54.105263
SKM_03300,1.245363,54.208732
SKM_03301,1.876937,54.312201
SKM_03302,2.091844,54.415669
SKM_03303,1.756067,54.519138
SKM_03304,0.906226,54.622607
SKM_03305,0.446665,54.726075
SKM_03306,0.158835,54.829544
SKM_03307,0.335736,54.935966
SKM_03308,0.120457,55.058706
SKM_03309,0.899082,55.196336
SKM_03310,1.762276,55.335559
SKM_03311,0.804006,55.474783
SKM_03312,0.345636,55.004358
SKM_03313,0.836342,54.00802
SKM_03314,0.337809,53.011821
SKM_03315,0.363702,52.015768
SKM_03316,0.417597,51.019869
SKM_03317,0.466495,50.024133
SKM_03318,0.174218,49.028571
SKM_03319,0.115299,48.033194
SKM_03320,0.701364,47.038012
SKM_03321,0.750761,46.04304
SKM_03322,1.116583,45.04829
SKM_03323,1.052218,44.053778
SKM_03324,1.203449,43.05952
SKM_03325,1.946642,42.065534
SKM_03326,1.449481,41.07184
SKM_03327,1.143618,40.07846
SKM_03328,0.536166,39.085417
SKM_03329,0.188916,38.092739
SKM_03330,0.075478,37.100454
SKM_03331,0.797252,36.108594
SKM_03332,0.518791,35.117196
SKM_03333,0.148159,34.1263
SKM_03334,0.512052,33.135952
SKM_03335,0.21494,32.1462
SKM_03336,0.5649,31.157104
SKM_03337,1.172741,30.168726
SKM_03338,1.415991,29.18114
SKM_03339,1.522128,28.194429
SKM_03340,1.5573,27.208688
SKM_03341,1.509826,26.224028
SKM_03342,0.543856,25.240573
SKM_03343,0.538038,24.258472
SKM_03344,1.490518,23.277894
SKM_03345,2.404778,22.299042
SKM_03346,2.741004,21.322152
SKM_03347,2.430059,20.347508
SKM_03348,2.481468,19.375448
SKM_03349,2.498455,18.406381
SKM_03350,1.614849,17.440808
SKM_03351,0.800187,16.479341
SKM_03352,3.937435,53.569012
SKM_03353,4.937076,53.598757
SKM_03354,4.820327,53.628502
SKM_03355,4.599437,53.658247
SKM_03356,4.590653,53.688063
SKM_03357,4.79514,53.728726
SKM_03358,5.15553,53.787953
SKM_03359,4.605337,53.865683
SKM_03360,4.223596,53.961741
SKM_03361,4.058127,54.06521
SKM_03362,3.715914,54.168678
SKM_03363,2.732405,54.272147
SKM_03364,1.767499,54.375616
SKM_03365,0.884348,54.479084
SKM_03366,0.457029,54.582553
SKM_03367,0.859641,54.686022
SKM_03368,1.467575,54.78949
SKM_03369,1.276794,54.892959
SKM_03370,0.451374,54.996427
SKM_03371,0.145337,55.099896
SKM_03372,0.477521,55.203365
SKM_03373,1.284812,55.306833
SKM_03374,1.941631,55.410302
SKM_03375,1.888389,55.513771
SKM_03376,1.730216,55.617239
SKM_03377,1.346721,55.720708
SKM_03378,1.013371,55.824177
SKM_03379,0.496948,55.929588
SKM_03380,0.054466,56.050152
SKM_03381,0.769947,56.186597
SKM_03382,1.370023,56.32582
SKM_03383,0.645628,55.92648
SKM_03384,0.322063,54.928663
SKM_03385,1.222907,53.930928
SKM_03386,0.916127,52.933277
SKM_03387,0.005363,51.935718
SKM_03388,0.357832,50.938253
SKM_03389,0.867242,49.940891
SKM_03390,0.255425,48.943636
SKM_03391,0.291228,47.946495
SKM_03392,0.14961,46.949476
SKM_03393,0.1758,45.952586
SKM_03394,0.249535,44.955835
SKM_03395,0.329437,43.959231
SKM_03396,0.643992,42.962785
SKM_03397,1.126576,41.966508
SKM_03398,1.595603,40.970413
SKM_03399,1.169551,39.974512
SKM_03400,0.447962,38.978822
SKM_03401,0.24533,37.983357
SKM_03402,0.628903,36.988138
SKM_03403,0.130465,35.993183
SKM_03404,0.346567,34.998517
SKM_03405,0.409585,34.004162
SKM_03406,0.564491,33.010149
SKM_03407,0.411402,32.016509
SKM_03408,0.242526,31.023278
SKM_03409,0.490012,30.030496
SKM_03410,0.426973,29.038209
SKM_03411,0.559693,28.04647
SKM_03412,0.562852,27.05534
SKM_03413,0.855939,26.064887
SKM_03414,1.308224,25.075191
SKM_03415,1.305504,24.086347
SKM_03416,1.922819,23.098464
SKM_03417,2.773107,22.11167
SKM_03418,3.660334,21.126117
SKM_03419,3.421619,20.14199
SKM_03420,2.934958,19.159505
SKM_03421,1.974758,18.178932
SKM_03422,1.088743,17.200595
SKM_03423,0.581933,16.2249
SKM_03424,3.043974,54.538824
SKM_03425,4.01822,54.568569
SKM_03426,4.379625,54.598314
SKM_03427,3.885921,54.62806
SKM_03428,3.608276,54.657805
SKM_03429,3.597072,54.68758
SKM_03430,3.854633,54.7275
SKM_03431,4.333298,54.785648
SKM_03432,3.755173,54.861964
SKM_03433,3.275815,54.956374
SKM_03434,3.05951,55.059842
SKM_03435,3.160733,55.163311
SKM_03436,3.101314,55.26678
SKM_03437,2.296991,55.370248
SKM_03438,1.696353,55.473717
SKM_03439,1.455567,55.577186
SKM_03440,1.713788,55.680654
SKM_03441,2.264869,55.784123
SKM_03442,1.85091,55.887592
SKM_03443,1.414002,55.99106
SKM_03444,0.766244,56.094529
SKM_03445,0.035301,56.197997
SKM_03446,0.53233,56.301466
SKM_03447,1.256491,56.404935
SKM_03448,0.936853,56.508403
SKM_03449,0.76623,56.611872
SKM_03450,0.715216,56.715341
SKM_03451,0.313735,56.818809
SKM_03452,0.257979,56.923433
SKM_03453,0.348204,57.041897
SKM_03454,0.574623,57.176858
SKM_03455,0.540231,56.868822
SKM_03456,0.6193,55.869937
SKM_03457,0.068923,54.871092
SKM_03458,1.042958,53.87229
SKM_03459,0.732126,52.873533
SKM_03460,0.189385,51.874825
SKM_03461,0.956811,50.876167
SKM_03462,0.893203,49.877563
SKM_03463,0.087659,48.879016
SKM_03464,0.084839,47.880529
SKM_03465,0.148008,46.882107
SKM_03466,0.363528,45.883754
SKM_03467,0.406257,44.885474
SKM_03468,0.275736,43.887272
SKM_03469,0.030331,42.889155
SKM_03470,0.854655,41.891127
SKM_03471,0.682906,40.893195
SKM_03472,0.436701,39.895367
SKM_03473,0.480699,38.89765
SKM_03474,0.214416,37.900054
SKM_03475,0.34561,36.902588
SKM_03476,0.296763,35.905263
SKM_03477,0.328648,34.908091
SKM_03478,0.39769,33.911086
SKM_03479,0.263028,32.914262
SKM_03480,0.424446,31.917637
SKM_03481,0.064626,30.92123
SKM_03482,0.437252,29.925062
SKM_03483,0.486897,28.92916
SKM_03484,0.440035,27.933549
SKM_03485,0.386403,26.938264
SKM_03486,0.082744,25.943342
SKM_03487,0.948047,24.948826
SKM_03488,1.54829,23.954766
SKM_03489,2.406986,22.961222
SKM_03490,3.332414,21.968264
SKM_03491,4.134957,20.975975
SKM_03492,3.871134,19.984455
SKM_03493,2.875999,18.993823
SKM_03494,1.886018,18.004228
SKM_03495,0.918017,17.01585
SKM_03496,3.426207,55.538382
SKM_03497,4.326871,55.568127
SKM_03498,3.611917,55.597872
SKM_03499,2.994197,55.627617
SKM_03500,2.62383,55.657362
SKM_03501,2.608401,55.687114
SKM_03502,2.953477,55.726319
SKM_03503,3.538525,55.783425
SKM_03504,2.99892,55.858378
SKM_03505,2.371321,55.951107
SKM_03506,2.062231,56.054475
SKM_03507,2.209623,56.157944
SKM_03508,2.685445,56.261412
SKM_03509,3.070457,56.364881
SKM_03510,2.625166,56.46835
SKM_03511,2.454959,56.571818
SKM_03512,2.432917,56.675287
SKM_03513,2.07552,56.778756
SKM_03514,1.948011,56.882224
SKM_03515,1.80195,56.985693
SKM_03516,1.399483,57.089162
SKM_03517,0.843167,57.19263
SKM_03518,0.029629,57.296099
SKM_03519,0.298281,57.399567
SKM_03520,0.01196,57.503036
SKM_03521,0.223471,57.606505
SKM_03522,0.27184,57.709973
SKM_03523,0.545729,57.813442
SKM_03524,0.557441,57.917491
SKM_03525,0.388724,58.033926
SKM_03526,0.178308,57.830396
SKM_03527,0.068077,56.830815
SKM_03528,0.008267,55.83125
SKM_03529,0.345648,54.831701
SKM_03530,1.232457,53.832168
SKM_03531,0.531103,52.832653
SKM_03532,0.465072,51.833157
SKM_03533,1.460838,50.83368
SKM_03534,0.940038,49.834224
SKM_03535,0.067836,48.834791
SKM_03536,0.508042,47.835382
SKM_03537,0.116795,46.835997
SKM_03538,0.060254,45.83664
SKM_03539,0.314386,44.837311
SKM_03540,0.318568,43.838013
SKM_03541,0.460874,42.838747
SKM_03542,0.402218,41.839517
SKM_03543,0.181304,40.840324
SKM_03544,0.008685,39.841172
SKM_03545,0.211497,38.842063
SKM_03546,0.019602,37.843002
SKM_03547,0.413902,36.843991
SKM_03548,0.246454,35.845036
SKM_03549,0.576151,34.846141
SKM_03550,0.448693,33.84731
SKM_03551,0.990731,32.848551
SKM_03552,0.721363,31.84987
SKM_03553,0.136909,30.851275
SKM_03554,0.966152,29.852773
SKM_03555,1.099847,28.854375
SKM_03556,0.736994,27.856092
SKM_03557,0.198223,26.857937
SKM_03558,0.189876,25.859924
SKM_03559,0.19914,24.862071
SKM_03560,1.198348,23.864398
SKM_03561,2.198277,22.866928
SKM_03562,3.19825,21.869689
SKM_03563,3.925846,20.872714
SKM_03564,3.683794,19.876043
SKM_03565,3.150994,18.879725
SKM_03566,2.283518,17.883817
SKM_03567,3.98889,56.537939
SKM_03568,3.80782,56.567684
SKM_03569,2.985092,56.597429
SKM_03570,2.197736,56.627175
SKM_03571,1.658106,56.65692
SKM_03572,1.633581,56.686665
SKM_03573,2.128727,56.725179
SKM_03574,2.863152,56.78128
SKM_03575,2.426051,56.854918
SKM_03576,1.585989,56.946024
SKM_03577,1.070046,57.049108
SKM_03578,1.332154,57.152576
SKM_03579,1.856316,57.256045
SKM_03580,2.631103,57.359514
SKM_03581,3.46928,57.462982
SKM_03582,2.53468,57.566451
SKM_03583,1.67729,57.66992
SKM_03584,1.096358,57.773388
SKM_03585,0.994469,57.876857
SKM_03586,0.803624,57.980326
SKM_03587,0.792898,58.083794
SKM_03588,0.498957,58.187263
SKM_03589,0.095496,58.290731
SKM_03590,0.59524,58.3942
SKM_03591,0.79205,58.497669
SKM_03592,1.172242,58.601137
SKM_03593,1.254605,58.704606
SKM_03594,1.41529,58.808075
SKM_03595,1.18317,58.911749
SKM_03596,0.346119,58.810258
SKM_03597,0.04405,57.810322
SKM_03598,0.997325,56.810389
SKM_03599,0.77867,55.810458
SKM_03600,0.101862,54.810529
SKM_03601,0.697301,53.810603
SKM_03602,0.144719,52.81068
SKM_03603,0.692569,51.810759
SKM_03604,1.195862,50.810842
SKM_03605,0.385395,49.810929
SKM_03606,0.393714,48.811018
SKM_03607,1.125784,47.811112
SKM_03608,0.469817,46.811209
SKM_03609,0.422438,45.811311
SKM_03610,0.820784,44.811417
SKM_03611,0.632632,43.811529
SKM_03612,0.00719,42.811645
SKM_03613,0.129862,41.811767
SKM_03614,0.130922,40.811895
SKM_03615,0.380257,39.812029
SKM_03616,0.426317,38.81217
SKM_03617,0.114816,37.812319
SKM_03618,0.493028,36.812476
SKM_03619,0.205858,35.812641
SKM_03620,0.30697,34.812817
SKM_03621,1.248358,33.813002
SKM_03622,1.759433,32.813199
SKM_03623,0.807757,31.813408
SKM_03624,0.028301,30.81363
SKM_03625,0.019344,29.813868
SKM_03626,0.207322,28.814122
SKM_03627,0.139664,27.814394
SKM_03628,0.66322,26.814687
SKM_03629,0.790226,25.815002
SKM_03630,1.038505,24.815343
SKM_03631,1.573173,23.815712
SKM_03632,2.220969,22.816114
SKM_03633,2.589465,21.816553
SKM_03634,3.070892,20.817033
SKM_03635,2.888119,19.817562
SKM_03636,2.325257,18.818148
SKM_03637,4.324373,57.537497
SKM_03638,3.365768,57.567242
SKM_03639,2.440613,57.596987
SKM_03640,1.607726,57.626732
SKM_03641,0.783675,57.656477
SKM_03642,0.729167,57.686223
SKM_03643,1.48152,57.724078
SKM_03644,2.283238,57.77921
SKM_03645,2.173537,57.851577
SKM_03646,1.176581,57.941116
SKM_03647,0.192866,58.043741
SKM_03648,0.45101,58.147209
SKM_03649,1.296227,58.250678
SKM_03650,2.270272,58.354146
SKM_03651,3.25675,58.457615
SKM_03652,2.306257,58.561084
SKM_03653,1.306721,58.664552
SKM_03654,0.310193,58.768021
SKM_03655,0.045834,58.87149
SKM_03656,0.18662,58.974958
SKM_03657,0.205542,59.078427
SKM_03658,0.211272,59.181896
SKM_03659,0.795635,59.285364
SKM_03660,1.50875,59.388833
SKM_03661,1.733829,59.492301
SKM_03662,2.141411,59.59577
SKM_03663,2.248654,59.699239
SKM_03664,2.35314,59.802707
SKM_03665,1.741532,59.80751
SKM_03666,1.208507,58.807526
SKM_03667,0.490181,57.807543
SKM_03668,0.412712,56.807561
SKM_03669,0.213326,55.807579
SKM_03670,0.325937,54.807598
SKM_03671,0.218131,53.807617
SKM_03672,0.142275,52.807637
SKM_03673,0.446142,51.807658
SKM_03674,0.816491,50.80768
SKM_03675,0.029425,49.807703
SKM_03676,0.925243,48.807727
SKM_03677,1.757995,47.807751
SKM_03678,0.939764,46.807777
SKM_03679,0.033966,45.807804
SKM_03680,0.979138,44.807832
SKM_03681,0.998682,43.807861
SKM_03682,0.051608,42.807892
SKM_03683,0.243796,41.807924
SKM_03684,0.685375,40.807958
SKM_03685,1.175541,39.807993
SKM_03686,0.398566,38.808031
SKM_03687,0.451939,37.80807
SKM_03688,0.688447,36.808111
SKM_03689,0.272732,35.808155
SKM_03690,0.542971,34.808201
SKM_03691,1.464736,33.80825
SKM_03692,1.288139,32.808302
SKM_03693,0.769921,31.808357
SKM_03694,0.207551,30.808416
SKM_03695,0.72799,29.808479
SKM_03696,0.677142,28.808546
SKM_03697,0.599834,27.808618
SKM_03698,1.258527,26.808695
SKM_03699,1.776434,25.808778
SKM_03700,1.455595,24.808868
SKM_03701,1.126715,23.808965
SKM_03702,1.282253,22.809072
SKM_03703,1.690142,21.809187
SKM_03704,2.253448,20.809314
SKM_03705,2.147986,19.809454
SKM_03706,1.475708,18.809608
SKM_03707,3.196685,58.507309
SKM_03708,4.032073,58.537054
SKM_03709,3.187052,58.566799
SKM_03710,2.187577,58.596545
SKM_03711,1.188985,58.62629
SKM_03712,0.204643,58.656035
SKM_03713,0.188694,58.68578
SKM_03714,0.90101,58.723015
SKM_03715,1.702244,58.77721
SKM_03716,2.313756,58.84835
SKM_03717,1.401116,58.936374
SKM_03718,0.470195,59.038373
SKM_03719,0.470535,59.141842
SKM_03720,1.341189,59.245311
SKM_03721,2.294181,59.348779
SKM_03722,3.273463,59.452248
SKM_03723,2.492597,59.555716
SKM_03724,1.612991,59.659185
SKM_03725,0.995208,59.762654
SKM_03726,0.954114,59.866122
SKM_03727,1.175182,59.969591
SKM_03728,1.203982,60.07306
SKM_03729,1.180282,60.176528
SKM_03730,1.622376,60.279997
SKM_03731,2.201112,60.383466
SKM_03732,2.717533,60.486934
SKM_03733,3.027354,60.590403
SKM_03734,3.246272,60.693871
SKM_03735,2.966158,60.79734
SKM_03736,1.966158,59.821542
SKM_03737,0.966159,58.821797
SKM_03738,0.029673,57.822061
SKM_03739,0.50804,56.822334
SKM_03740,0.211216,55.822617
SKM_03741,0.288484,54.82291
SKM_03742,0.357688,53.823214
SKM_03743,0.052599,52.823529
SKM_03744,0.430911,51.823857
SKM_03745,0.143465,50.824198
SKM_03746,0.18593,49.824552
SKM_03747,0.983906,48.824921
SKM_03748,1.507719,47.825305
SKM_03749,1.201378,46.825705
SKM_03750,0.256963,45.826123
SKM_03751,0.620212,44.82656
SKM_03752,1.239517,43.827017
SKM_03753,0.370474,42.827495
SKM_03754,0.486973,41.827996
SKM_03755,1.155073,40.828521
SKM_03756,1.370818,39.829073
SKM_03757,0.399737,38.829653
SKM_03758,0.454605,37.830264
SKM_03759,0.95072,36.830907
SKM_03760,0.117561,35.831587
SKM_03761,0.449866,34.832306
SKM_03762,0.600195,33.833068
SKM_03763,0.388331,32.833875
SKM_03764,0.074521,31.834734
SKM_03765,0.211671,30.835648
SKM_03766,0.226056,29.836623
SKM_03767,0.895131,28.837666
SKM_03768,1.564979,27.838784
SKM_03769,1.644029,26.839985
SKM_03770,1.082517,25.841279
SKM_03771,0.618917,24.842677
SKM_03772,0.128005,23.844193
SKM_03773,0.353632,22.84584
SKM_03774,0.859996,21.847639
SKM_03775,1.532235,20.84961
SKM_03776,1.505499,19.851779
SKM_03777,0.738471,18.854178
SKM_03778,2.698821,59.506867
SKM_03779,3.649994,59.536612
SKM_03780,3.314544,59.566357
SKM_03781,2.369471,59.596102
SKM_03782,1.485897,59.625847
SKM_03783,0.810388,59.655592
SKM_03784,0.40465,59.685338
SKM_03785,0.472311,59.721987
SKM_03786,1.472073,59.775277
SKM_03787,2.462578,59.84523
SKM_03788,1.53869,59.93179
SKM_03789,0.567313,60.033006
SKM_03790,0.399623,60.136475
SKM_03791,1.384338,60.239943
SKM_03792,2.366959,60.343412
SKM_03793,3.35613,60.446881
SKM_03794,3.017823,60.550349
SKM_03795,2.344346,60.653818
SKM_03796,1.970953,60.757286
SKM_03797,1.954063,60.860755
SKM_03798,2.163744,60.964224
SKM_03799,2.202422,61.067692
SKM_03800,2.177498,61.171161
SKM_03801,2.445513,61.27463
SKM_03802,2.894037,61.378098
SKM_03803,3.069538,61.481567
SKM_03804,3.505972,61.585036
SKM_03805,3.955629,61.688504
SKM_03806,3.130742,60.85153
SKM_03807,2.206633,59.852281
SKM_03808,1.39173,58.853059
SKM_03809,1.002296,57.853862
SKM_03810,0.408287,56.854695
SKM_03811,0.333143,55.855557
SKM_03812,0.594518,54.85645
SKM_03813,0.62868,53.857377
SKM_03814,0.072799,52.858338
SKM_03815,0.847634,51.859337
SKM_03816,1.002849,50.860375
SKM_03817,0.402773,49.861455
SKM_03818,0.179995,48.862578
SKM_03819,0.538598,47.863749
SKM_03820,0.728785,46.864969
SKM_03821,0.601015,45.866243
SKM_03822,0.305867,44.867574
SKM_03823,1.0569,43.868965
SKM_03824,0.218709,42.870421
SKM_03825,0.591776,41.871946
SKM_03826,1.437664,40.873546
SKM_03827,1.230207,39.875227
SKM_03828,0.681399,38.876993
SKM_03829,0.281634,37.878853
SKM_03830,0.619386,36.880814
SKM_03831,0.271085,35.882883
SKM_03832,0.063222,34.885072
SKM_03833,0.369184,33.887389
SKM_03834,0.442973,32.889847
SKM_03835,0.892047,31.892459
SKM_03836,0.986993,30.89524
SKM_03837,0.333753,29.898207
SKM_03838,0.614641,28.901378
SKM_03839,1.367983,27.904777
SKM_03840,1.102392,26.908428
SKM_03841,0.240708,25.91236
SKM_03842,0.264278,24.916607
SKM_03843,0.765456,23.921208
SKM_03844,0.533456,22.92621
SKM_03845,0.141087,21.931667
SKM_03846,0.965937,20.937643
SKM_03847,1.15655,19.944218
SKM_03848,0.157326,18.951483
SKM_03849,1.519756,60.476679
SKM_03850,2.519619,60.506424
SKM_03851,3.51956,60.536169
SKM_03852,3.716499,60.565914
SKM_03853,2.882257,60.59566
SKM_03854,2.189692,60.625405
SKM_03855,1.571992,60.65515
SKM_03856,0.571998,60.684895
SKM_03857,0.38141,60.720994
SKM_03858,1.361998,60.773407
SKM_03859,2.358941,60.842213
SKM_03860,1.598093,60.927357
SKM_03861,0.611724,61.027639
SKM_03862,0.299509,61.131107
SKM_03863,1.267637,61.234576
SKM_03864,2.261802,61.338045
SKM_03865,3.259539,61.441513
SKM_03866,3.741855,61.544982
SKM_03867,3.22338,61.648451
SKM_03868,2.962917,61.751919
SKM_03869,2.954011,61.855388
SKM_03870,3.110566,61.958856
SKM_03871,2.462946,62.062325
SKM_03872,1.903967,62.165794
SKM_03873,1.784398,62.269262
SKM_03874,1.894087,62.372731
SKM_03875,2.151282,62.4762
SKM_03876,2.627942,62.579668
SKM_03877,3.116184,61.896692
SKM_03878,3.578407,60.898172
SKM_03879,2.805829,59.899702
SKM_03880,2.152215,58.901283
SKM_03881,1.207825,57.902919
SKM_03882,0.534464,56.904613
SKM_03883,0.956682,55.906367
SKM_03884,1.020251,54.908185
SKM_03885,0.450357,53.910071
SKM_03886,0.346919,52.912027
SKM_03887,1.34041,51.914059
SKM_03888,1.57057,50.916171
SKM_03889,0.582909,49.918367
SKM_03890,0.283481,48.920652
SKM_03891,0.011146,47.923033
SKM_03892,0.234553,46.925516
SKM_03893,0.154651,45.928106
SKM_03894,0.095189,44.930812
SKM_03895,0.311003,43.93364
SKM_03896,0.257279,42.936601
SKM_03897,0.685365,41.939702
SKM_03898,0.470731,40.942954
SKM_03899,0.58337,39.946369
SKM_03900,0.130315,38.949959
SKM_03901,0.03686,37.953738
SKM_03902,0.380396,36.95772
SKM_03903,0.215405,35.961924
SKM_03904,0.809628,34.966368
SKM_03905,0.851268,33.971073
SKM_03906,0.14438,32.976063
SKM_03907,1.080586,31.981364
SKM_03908,1.465615,30.987006
SKM_03909,0.530858,29.993023
SKM_03910,0.202421,28.999454
SKM_03911,0.384143,28.006343
SKM_03912,0.223724,27.01374
SKM_03913,0.30231,26.021704
SKM_03914,0.474466,25.030301
SKM_03915,1.001921,24.039611
SKM_03916,1.250061,23.049724
SKM_03917,0.424203,22.06075
SKM_03918,0.247367,21.072816
SKM_03919,0.868249,20.086077
SKM_03920,0.800081,19.100717
SKM_03921,1.156653,18.116962
SKM_03922,1.518145,17.135087
SKM_03923,1.827019,61.476236
SKM_03924,2.722742,61.505982
SKM_03925,3.667716,61.535727
SKM_03926,4.290329,61.565472
SKM_03927,3.551332,61.595217
SKM_03928,2.557887,61.624962
SKM_03929,1.572773,61.654707
SKM_03930,0.633766,61.684453
SKM_03931,0.254156,61.720032
SKM_03932,1.217334,61.771598
SKM_03933,2.213265,61.839293
SKM_03934,1.493494,61.923066
SKM_03935,0.555406,62.022271
SKM_03936,0.334664,62.12574
SKM_03937,1.213785,62.229209
SKM_03938,2.198761,62.332677
SKM_03939,3.127511,62.436146
SKM_03940,4.057928,62.539615
SKM_03941,4.157451,62.643083
SKM_03942,3.958926,62.746552
SKM_03943,3.797813,62.850021
SKM_03944,2.825308,62.953489
SKM_03945,1.881849,63.056958
SKM_03946,1.048972,63.160426
SKM_03947,0.811992,63.263895
SKM_03948,0.894247,63.367364
SKM_03949,1.278559,63.470832
SKM_03950,1.723277,62.956272
SKM_03951,2.402762,61.958689
SKM_03952,3.012996,60.961185
SKM_03953,2.467412,59.963764
SKM_03954,1.626994,58.96643
SKM_03955,0.835721,57.969188
SKM_03956,0.108025,56.972043
SKM_03957,0.395419,55.975
SKM_03958,0.47335,54.978064
SKM_03959,0.35614,53.981241
SKM_03960,0.799744,52.984538
SKM_03961,1.607894,51.987962
SKM_03962,1.779889,50.99152
SKM_03963,1.020342,49.99522
SKM_03964,0.920007,48.999071
SKM_03965,0.123947,48.003081
SKM_03966,0.801463,47.007262
SKM_03967,1.057551,46.011625
SKM_03968,0.608149,45.016181
SKM_03969,0.060701,44.020943
SKM_03970,0.222301,43.025926
SKM_03971,0.308502,42.031146
SKM_03972,0.512589,41.03662
SKM_03973,0.040556,40.042366
SKM_03974,0.220522,39.048405
SKM_03975,0.113681,38.054762
SKM_03976,0.71569,37.06146
SKM_03977,0.220566,36.068528
SKM_03978,0.227459,35.075997
SKM_03979,1.064472,34.083904
SKM_03980,0.130115,33.092286
SKM_03981,0.668832,32.101189
SKM_03982,1.448427,31.110661
SKM_03983,1.172757,30.120759
SKM_03984,0.20911,29.131547
SKM_03985,0.608791,28.143097
SKM_03986,0.770435,27.155494
SKM_03987,0.045082,26.168832
SKM_03988,0.396843,25.183222
SKM_03989,0.362575,24.198792
SKM_03990,1.11738,23.215694
SKM_03991,1.164481,22.234104
SKM_03992,0.535818,21.25423
SKM_03993,0.019572,20.276321
SKM_03994,0.768216,19.300676
SKM_03995,1.74077,18.327656
SKM_03996,1.622938,62.475794
SKM_03997,2.430656,62.505539
SKM_03998,3.343987,62.535284
SKM_03999,4.296092,62.565029
SKM_04000,3.70563,62.594775
SKM_04001,2.726087,62.62452
SKM_04002,1.75881,62.654265
SKM_04003,0.796365,62.68401
SKM_04004,0.073212,62.719101
SKM_04005,0.998028,62.769846
SKM_04006,1.992826,62.836466
SKM_04007,1.225202,62.918911
SKM_04008,0.29903,63.016904
SKM_04009,0.30119,63.120373
SKM_04010,0.895858,63.223841
SKM_04011,1.867624,63.32731
SKM_04012,2.858929,63.430779
SKM_04013,3.854729,63.534247
SKM_04014,4.852256,63.637716
SKM_04015,4.726483,63.741185
SKM_04016,3.728087,63.844653
SKM_04017,2.730864,63.948122
SKM_04018,1.736838,64.051591
SKM_04019,0.75868,64.155059
SKM_04020,0.12286,64.258528
SKM_04021,0.084141,64.361996
SKM_04022,0.439788,64.029556
SKM_04023,0.997941,63.033094
SKM_04024,1.647122,62.036746
SKM_04025,2.236207,61.040517
SKM_04026,2.221801,60.044414
SKM_04027,1.222861,59.048442
SKM_04028,0.23319,58.052609
SKM_04029,0.383375,57.056922
SKM_04030,0.356839,56.061388
SKM_04031,0.068886,55.066016
SKM_04032,0.603765,54.070815
SKM_04033,1.474226,53.075795
SKM_04034,1.923536,52.080965
SKM_04035,2.042279,51.086337
SKM_04036,1.450056,50.091922
SKM_04037,0.461503,49.097735
SKM_04038,0.108266,48.103789
SKM_04039,0.823219,47.110099
SKM_04040,1.781303,46.116681
SKM_04041,0.99879,45.123555
SKM_04042,0.200357,44.130739
SKM_04043,0.233196,43.138255
SKM_04044,1.159492,42.146126
SKM_04045,0.635549,41.154378
SKM_04046,0.060938,40.16304
SKM_04047,0.726522,39.172141
SKM_04048,0.156572,38.181718
SKM_04049,0.077573,37.191806
SKM_04050,0.417623,36.20245
SKM_04051,0.243556,35.213694
SKM_04052,0.196552,34.225592
SKM_04053,0.681149,33.238202
SKM_04054,0.047839,32.251589
SKM_04055,0.889778,31.265826
SKM_04056,0.952166,30.280997
SKM_04057,0.029557,29.297196
SKM_04058,0.817281,28.31453
SKM_04059,1.208433,27.333121
SKM_04060,0.253192,26.35311
SKM_04061,0.702048,25.374659
SKM_04062,0.280332,24.397956
SKM_04063,0.572488,23.423218
SKM_04064,1.407223,22.450703
SKM_04065,1.289935,21.480711
SKM_04066,0.692295,20.513602
SKM_04067,0.961065,19.549802
SKM_04068,1.607117,18.589827
SKM_04069,1.148005,63.475351
SKM_04070,2.142913,63.505097
SKM_04071,3.141056,63.534842
SKM_04072,4.140096,63.564587
SKM_04073,3.76101,63.594332
SKM_04074,2.803911,63.624077
SKM_04075,1.856576,63.653822
SKM_04076,0.879232,63.683568
SKM_04077,0.111212,63.7182
SKM_04078,1.02721,63.768149
SKM_04079,1.809081,63.833728
SKM_04080,0.868093,63.914886
SKM_04081,0.070833,64.011537
SKM_04082,0.664327,64.115006
SKM_04083,1.09303,64.218474
SKM_04084,1.969815,64.321943
SKM_04085,2.92671,64.425411
SKM_04086,3.905264,64.52888
SKM_04087,4.892499,64.632349
SKM_04088,4.880051,64.735817
SKM_04089,3.920955,64.839286
SKM_04090,2.988791,64.942755
SKM_04091,2.119401,65.046223
SKM_04092,1.432078,65.149692
SKM_04093,1.103153,65.253161
SKM_04094,0.877961,65.115864
SKM_04095,0.40688,64.120688
SKM_04096,0.362028,63.125665
SKM_04097,0.824437,62.130802
SKM_04098,1.648672,61.136106
SKM_04099,2.034979,60.141586
SKM_04100,1.043622,59.14725
SKM_04101,0.19225,58.153109
SKM_04102,0.080715,57.159173
SKM_04103,0.115432,56.165451
SKM_04104,0.480558,55.171957
SKM_04105,0.378036,54.178702
SKM_04106,1.177171,53.1857
SKM_04107,0.933198,52.192965
SKM_04108,1.054004,51.200512
SKM_04109,0.956362,50.20836
SKM_04110,0.690884,49.216524
SKM_04111,0.594339,48.225026
SKM_04112,1.257023,47.233887
SKM_04113,1.029279,46.243129
SKM_04114,0.872115,45.252778
SKM_04115,0.238776,44.26286
SKM_04116,0.030535,43.273406
SKM_04117,0.603613,42.284449
SKM_04118,0.851687,41.296023
SKM_04119,0.211243,40.308168
SKM_04120,0.721206,39.320927
SKM_04121,0.066038,38.334348
SKM_04122,0.301627,37.348482
SKM_04123,0.339266,36.363389
SKM_04124,0.548857,35.379132
SKM_04125,0.298877,34.395783
SKM_04126,0.623295,33.413422
SKM_04127,0.301857,32.432139
SKM_04128,0.210751,31.452036
SKM_04129,0.513822,30.473226
SKM_04130,0.106411,29.495837
SKM_04131,1.001817,28.520016
SKM_04132,1.509389,27.545929
SKM_04133,0.593212,26.573767
SKM_04134,0.322219,25.60375
SKM_04135,0.802537,24.63613
SKM_04136,0.004636,23.671202
SKM_04137,0.695754,22.709309
SKM_04138,1.311106,21.750854
SKM_04139,1.657554,20.796311
SKM_04140,1.786578,19.846245
SKM_04141,1.01156,18.901332
SKM_04142,0.853079,64.445164
SKM_04143,1.414886,64.474909
SKM_04144,2.296968,64.504654
SKM_04145,3.24811,64.534399
SKM_04146,4.147064,64.564144
SKM_04147,3.582659,64.59389
SKM_04148,2.584933,64.623635
SKM_04149,1.590067,64.65338
SKM_04150,0.604716,64.683125
SKM_04151,0.32833,64.717326
SKM_04152,1.243998,64.766505
SKM_04153,1.610945,64.831073
SKM_04154,0.611038,64.910985
SKM_04155,0.243768,65.006183
SKM_04156,1.154764,65.109638
SKM_04157,1.893903,65.213107
SKM_04158,2.504461,65.316576
SKM_04159,3.310254,65.420044
SKM_04160,4.200386,65.523513
SKM_04161,4.868758,65.626981
SKM_04162,4.439174,65.73045
SKM_04163,4.208055,65.833919
SKM_04164,3.522517,65.937387
SKM_04165,2.822607,66.040856
SKM_04166,2.347637,66.144325
SKM_04167,2.08808,66.214557
SKM_04168,1.770079,65.220813
SKM_04169,1.031311,64.227263
SKM_04170,0.526561,63.233917
SKM_04171,0.472835,62.240784
SKM_04172,1.472231,61.247874
SKM_04173,1.64516,60.255199
SKM_04174,0.945391,59.26277
SKM_04175,0.24096,58.2706
SKM_04176,0.085731,57.278702
SKM_04177,0.24258,56.287091
SKM_04178,1.130727,55.295782
SKM_04179,0.986456,54.304792
SKM_04180,0.375282,53.314138
SKM_04181,0.20427,52.32384
SKM_04182,0.104881,51.333918
SKM_04183,0.209574,50.344394
SKM_04184,0.207732,49.355293
SKM_04185,0.279922,48.36664
SKM_04186,1.041382,47.378463
SKM_04187,0.590608,46.390793
SKM_04188,0.089524,45.403663
SKM_04189,0.038312,44.417108
SKM_04190,0.695963,43.431168
SKM_04191,0.153811,42.445887
SKM_04192,0.866537,41.46131
SKM_04193,0.603585,40.477489
SKM_04194,0.647083,39.494481
SKM_04195,0.222114,38.512348
SKM_04196,0.185397,37.531158
SKM_04197,0.447094,36.550988
SKM_04198,0.500459,35.571922
SKM_04199,0.116268,34.594053
SKM_04200,0.34538,33.617487
SKM_04201,0.393645,32.64234
SKM_04202,0.021546,31.668743
SKM_04203,0.361707,30.696843
SKM_04204,0.184466,29.726807
SKM_04205,0.697739,28.758824
SKM_04206,1.068286,27.793108
SKM_04207,1.000472,26.829905
SKM_04208,0.009707,25.869493
SKM_04209,0.729828,24.912198
SKM_04210,0.704938,23.958391
SKM_04211,0.077858,23.008507
SKM_04212,0.365057,22.063053
SKM_04213,1.138814,21.122623
SKM_04214,2.004662,20.18792
SKM_04215,1.196864,19.259777
SKM_04216,1.721188,65.444721
SKM_04217,1.830457,65.474466
SKM_04218,2.119394,65.504212
SKM_04219,2.73332,65.533957
SKM_04220,3.40174,65.563702
SKM_04221,3.617495,65.593447
SKM_04222,2.623144,65.623192
SKM_04223,1.632442,65.652937
SKM_04224,0.641777,65.682683
SKM_04225,0.309995,65.716479
SKM_04226,1.236115,65.764911
SKM_04227,1.185223,65.8285
SKM_04228,0.78377,65.907202
SKM_04229,0.039033,66.000963
SKM_04230,0.761353,66.104271
SKM_04231,1.677541,66.20774
SKM_04232,2.654925,66.311208
SKM_04233,3.642616,66.414677
SKM_04234,4.583542,66.518145
SKM_04235,4.043284,66.621614
SKM_04236,3.5142,66.725083
SKM_04237,3.217307,66.828551
SKM_04238,3.217534,66.93202
SKM_04239,3.514824,67.035489
SKM_04240,3.284562,67.138957
SKM_04241,3.078973,66.332844
SKM_04242,2.275453,65.340899
SKM_04243,1.44533,64.349204
SKM_04244,0.461999,63.357769
SKM_04245,0.51866,62.366608
SKM_04246,1.508817,61.375734
SKM_04247,1.245642,60.385161
SKM_04248,0.267143,59.394904
SKM_04249,0.208038,58.404978
SKM_04250,0.402889,57.415402
SKM_04251,0.09123,56.426193
SKM_04252,0.691536,55.437372
SKM_04253,0.335113,54.448959
SKM_04254,0.269571,53.460976
SKM_04255,0.132143,52.47345
SKM_04256,0.381514,51.486404
SKM_04257,0.071016,50.499869
SKM_04258,0.203077,49.513873
SKM_04259,0.18161,48.528451
SKM_04260,0.041439,47.543637
SKM_04261,0.264154,46.559471
SKM_04262,0.032466,45.575994
SKM_04263,0.129027,44.593252
SKM_04264,0.229343,43.611295
SKM_04265,0.037036,42.630177
SKM_04266,0.708752,41.649956
SKM_04267,0.084559,40.670699
SKM_04268,0.159445,39.692476
SKM_04269,0.523548,38.715366
SKM_04270,0.598229,37.739455
SKM_04271,0.841967,36.764839
SKM_04272,0.084502,35.791623
SKM_04273,0.02551,34.819926
SKM_04274,0.070753,33.849876
SKM_04275,0.336753,32.881621
SKM_04276,0.435077,31.915324
SKM_04277,0.04598,30.951169
SKM_04278,0.509311,29.989361
SKM_04279,0.061414,29.030133
SKM_04280,0.21149,28.073752
SKM_04281,0.868187,27.120517
SKM_04282,0.603299,26.170773
SKM_04283,0.156942,25.224914
SKM_04284,0.907436,24.283393
SKM_04285,0.903384,23.346736
SKM_04286,0.23683,22.415552
SKM_04287,0.826921,21.490554
SKM_04288,1.785495,20.572574
SKM_04289,1.122454,19.662597
SKM_04290,1.245442,66.444279
SKM_04291,0.832096,66.474024
SKM_04292,1.320583,66.503769
SKM_04293,1.992602,66.533514
SKM_04294,2.588737,66.563259
SKM_04295,3.032536,66.593005
SKM_04296,2.713453,66.62275
SKM_04297,1.796076,66.652495
SKM_04298,0.902005,66.68224
SKM_04299,0.009566,66.715657
SKM_04300,0.562962,66.763364
SKM_04301,0.449908,66.826003
SKM_04302,0.951854,66.903532
SKM_04303,0.108766,66.995899
SKM_04304,0.492494,67.098904
SKM_04305,1.421387,67.202372
SKM_04306,2.393982,67.305841
SKM_04307,3.382596,67.40931
SKM_04308,4.121895,67.512778
SKM_04309,3.31534,67.616247
SKM_04310,2.644417,67.719715
SKM_04311,2.234816,67.823184
SKM_04312,2.235142,67.926653
SKM_04313,2.645245,68.030121
SKM_04314,2.592974,67.456193
SKM_04315,2.478014,66.465968
SKM_04316,1.971403,65.47604
SKM_04317,0.9797,64.486423
SKM_04318,0.039462,63.497131
SKM_04319,0.75636,62.50818
SKM_04320,1.669751,61.519586
SKM_04321,1.09667,60.531367
SKM_04322,0.097373,59.543541
SKM_04323,0.812324,58.556128
SKM_04324,1.066011,57.56915
SKM_04325,0.343986,56.58263
SKM_04326,0.095329,55.59659
SKM_04327,0.056855,54.611059
SKM_04328,0.138674,53.626063
SKM_04329,0.209817,52.641634
SKM_04330,0.324664,51.657802
SKM_04331,0.717645,50.674603
SKM_04332,0.696774,49.692075
SKM_04333,0.725592,48.710258
SKM_04334,0.067789,47.729196
SKM_04335,0.336308,46.748936
SKM_04336,0.98946,45.769531
SKM_04337,0.063007,44.791035
SKM_04338,0.313782,43.813511
SKM_04339,0.319929,42.837024
SKM_04340,0.175908,41.861648
SKM_04341,0.102023,40.887461
SKM_04342,0.150784,39.914551
SKM_04343,0.225848,38.943013
SKM_04344,0.138756,37.972953
SKM_04345,0.608192,37.004487
SKM_04346,0.121336,36.037744
SKM_04347,0.3486,35.072866
SKM_04348,0.756897,34.11001
SKM_04349,0.103178,33.149355
SKM_04350,0.290285,32.191095
SKM_04351,0.213109,31.235453
SKM_04352,0.38156,30.282675
SKM_04353,0.147046,29.333042
SKM_04354,0.244954,28.386867
SKM_04355,0.054872,27.44451
SKM_04356,0.389107,26.506377
SKM_04357,0.49272,25.572934
SKM_04358,0.079732,24.644713
SKM_04359,0.733236,23.722326
SKM_04360,1.161432,22.806483
SKM_04361,1.405928,21.898004
SKM_04362,1.219994,20.997845
SKM_04363,0.382464,20.107123
SKM_04364,0.944954,67.443836
SKM_04365,0.075986,67.473581
SKM_04366,0.600239,67.503327
SKM_04367,1.210182,67.533072
SKM_04368,1.725536,67.562817
SKM_04369,2.135684,67.592562
SKM_04370,1.77682,67.622307
SKM_04371,1.501449,67.652052
SKM_04372,1.27329,67.681798
SKM_04373,0.372621,67.714859
SKM_04374,0.322993,67.761863
SKM_04375,0.52515,67.82358
SKM_04376,0.7904,67.89997
SKM_04377,0.177573,67.990983
SKM_04378,0.358221,68.093536
SKM_04379,1.347053,68.197005
SKM_04380,2.3438,68.300474
SKM_04381,3.21498,68.403942
SKM_04382,3.692338,68.507411
SKM_04383,2.763117,68.61088
SKM_04384,1.906902,68.714348
SKM_04385,1.279741,68.817817
SKM_04386,1.280311,68.921285
SKM_04387,1.908051,68.590304
SKM_04388,1.668851,67.601899
SKM_04389,1.483948,66.613839
SKM_04390,1.750246,65.626142
SKM_04391,0.805128,64.638823
SKM_04392,0.128978,63.651899
SKM_04393,1.102585,62.665391
SKM_04394,1.888064,61.679317
SKM_04395,0.95111,60.693698
SKM_04396,0.083553,59.708558
SKM_04397,0.865305,58.72392
SKM_04398,1.68051,57.739811
SKM_04399,1.183926,56.756256
SKM_04400,0.350236,55.773287
SKM_04401,0.002052,54.790934
SKM_04402,0.071056,53.809231
SKM_04403,0.534618,52.828215
SKM_04404,1.052867,51.847924
SKM_04405,1.29394,50.8684
SKM_04406,1.215767,49.889688
SKM_04407,0.612365,48.911838
SKM_04408,0.348204,47.934902
SKM_04409,1.053864,46.958936
SKM_04410,0.678735,45.984004
SKM_04411,0.257014,45.010171
SKM_04412,0.680733,44.037512
SKM_04413,0.406536,43.066104
SKM_04414,0.081175,42.096036
SKM_04415,0.506325,41.127401
SKM_04416,0.479864,40.160304
SKM_04417,0.330015,39.194859
SKM_04418,0.042834,38.23119
SKM_04419,0.322206,37.269435
SKM_04420,0.281635,36.309746
SKM_04421,0.158285,35.352292
SKM_04422,0.105903,34.39726
SKM_04423,0.212701,33.444856
SKM_04424,0.481432,32.495312
SKM_04425,0.30153,31.548886
SKM_04426,0.458865,30.605867
SKM_04427,0.011389,29.666581
SKM_04428,0.099489,28.731392
SKM_04429,0.029917,27.800716
SKM_04430,0.267897,26.87502
SKM_04431,0.051443,25.954838
SKM_04432,0.440516,25.040777
SKM_04433,0.310163,24.133534
SKM_04434,1.279285,23.233905
SKM_04435,2.049608,22.342812
SKM_04436,1.247236,21.461318
SKM_04437,1.484732,68.443394
SKM_04438,0.78125,68.473139
SKM_04439,0.083356,68.502884
SKM_04440,0.358344,68.532629
SKM_04441,0.913476,68.562375
SKM_04442,1.305876,68.59212
SKM_04443,0.82232,68.621865
SKM_04444,0.57262,68.65161
SKM_04445,0.302984,68.681355
SKM_04446,0.30502,68.714085
SKM_04447,0.067518,68.760405
SKM_04448,0.855115,68.821227
SKM_04449,0.256247,68.89651
SKM_04450,0.158446,68.986209
SKM_04451,0.234815,69.088169
SKM_04452,0.979355,69.191638
SKM_04453,1.889816,69.295106
SKM_04454,2.833219,69.398575
SKM_04455,3.10532,69.502044
SKM_04456,2.505624,69.605512
SKM_04457,1.509839,69.708981
SKM_04458,0.530163,69.583922
SKM_04459,0.531538,69.30761
SKM_04460,1.492566,68.748152
SKM_04461,0.920116,67.76205
SKM_04462,0.513471,66.77636
SKM_04463,1.296415,65.791103
SKM_04464,0.555571,64.806297
SKM_04465,0.407299,63.821963
SKM_04466,1.311193,62.838125
SKM_04467,1.573059,61.854804
SKM_04468,0.598487,60.872027
SKM_04469,0.271699,59.889821
SKM_04470,1.111577,58.908213
SKM_04471,1.974023,57.927234
SKM_04472,1.402519,56.946917
SKM_04473,0.459195,55.967296
SKM_04474,0.505859,54.988409
SKM_04475,0.682954,54.010296
SKM_04476,0.939641,53.032999
SKM_04477,0.397752,52.056564
SKM_04478,0.321112,51.081041
SKM_04479,0.227426,50.106483
SKM_04480,0.203148,49.132948
SKM_04481,0.019284,48.160497
SKM_04482,0.209582,47.189198
SKM_04483,0.233821,46.219123
SKM_04484,0.619741,45.25035
SKM_04485,1.51154,44.282966
SKM_04486,1.266937,43.317064
SKM_04487,0.73977,42.352744
SKM_04488,0.283691,41.390117
SKM_04489,0.371344,40.429305
SKM_04490,0.562268,39.47044
SKM_04491,0.08418,38.513667
SKM_04492,0.723774,37.559146
SKM_04493,0.15947,36.607053
SKM_04494,0.349525,35.657583
SKM_04495,0.238241,34.710952
SKM_04496,0.164675,33.767396
SKM_04497,0.136755,32.827183
SKM_04498,0.718481,31.890608
SKM_04499,0.102785,30.958
SKM_04500,0.501558,30.02973
SKM_04501,0.734806,29.106212
SKM_04502,0.144467,28.187914
SKM_04503,0.227735,27.275363
SKM_04504,0.286137,26.369155
SKM_04505,0.187318,25.469967
SKM_04506,0.028517,24.57857
SKM_04507,0.72428,23.695844
SKM_04508,1.717997,22.822794
SKM_04509,1.885508,21.960575
SKM_04510,1.47164,21.110513
SKM_04511,1.488048,69.472697
SKM_04512,0.955937,69.502442
SKM_04513,0.484648,69.532187
SKM_04514,0.246037,69.561932
SKM_04515,0.42109,69.591677
SKM_04516,0.035409,69.621422
SKM_04517,0.375637,69.651168
SKM_04518,0.650658,69.680913
SKM_04519,0.426198,69.713333
SKM_04520,0.18116,69.75899
SKM_04521,0.364356,69.818941
SKM_04522,1.056814,69.89315
SKM_04523,1.134358,69.981572
SKM_04524,0.212044,70.082802
SKM_04525,0.705381,70.18627
SKM_04526,1.703746,70.217952
SKM_04527,2.7033,69.878117
SKM_04528,2.370126,69.54548
SKM_04529,1.722891,69.225692
SKM_04530,1.522896,68.91893
SKM_04531,0.652066,68.62537
SKM_04532,0.28894,68.345183
SKM_04533,1.214067,68.078532
SKM_04534,0.755349,67.825579
SKM_04535,0.242852,66.953424
SKM_04536,1.144535,65.970811
SKM_04537,0.754698,64.988728
SKM_04538,0.05671,64.0072
SKM_04539,0.794321,63.026253
SKM_04540,1.671184,62.045914
SKM_04541,0.775389,61.066213
SKM_04542,0.223178,60.087181
SKM_04543,0.736547,59.10885
SKM_04544,1.736541,58.131258
SKM_04545,1.867676,57.15444
SKM_04546,1.31606,56.178438
SKM_04547,1.388897,55.203295
SKM_04548,1.332485,54.229058
SKM_04549,0.610134,53.255776
SKM_04550,0.385388,52.283502
SKM_04551,0.672532,51.312293
SKM_04552,0.698465,50.342212
SKM_04553,0.685907,49.373325
SKM_04554,0.760566,48.405704
SKM_04555,0.762855,47.439425
SKM_04556,0.203536,46.474573
SKM_04557,0.78797,45.511239
SKM_04558,1.787342,44.549521
SKM_04559,2.111074,43.589525
SKM_04560,1.684109,42.631369
SKM_04561,0.989247,41.675178
SKM_04562,0.415998,40.721093
SKM_04563,0.915218,39.769263
SKM_04564,0.104335,38.819856
SKM_04565,0.357882,37.873053
SKM_04566,0.260304,36.929054
SKM_04567,0.590626,35.98808
SKM_04568,0.652304,35.050376
SKM_04569,0.157558,34.116209
SKM_04570,0.695556,33.18588
SKM_04571,0.254787,32.25972
SKM_04572,0.311671,31.338099
SKM_04573,0.022383,30.421429
SKM_04574,0.12635,29.510172
SKM_04575,0.250511,28.604845
SKM_04576,0.319286,27.70603
SKM_04577,0.257733,26.81438
SKM_04578,0.19704,25.930636
SKM_04579,0.519695,25.055634
SKM_04580,1.129248,24.190323
SKM_04581,1.437968,23.33578
SKM_04582,1.494318,22.493233
SKM_04583,1.629889,21.664081
SKM_04584,1.256748,20.849924
SKM_04585,1.860495,70.501999
SKM_04586,0.96644,70.531744
SKM_04587,0.070349,70.56149
SKM_04588,0.340513,70.591235
SKM_04589,0.882293,70.62098
SKM_04590,1.368312,70.650725
SKM_04591,1.618857,70.68047
SKM_04592,1.236113,70.712602
SKM_04593,1.007302,70.757614
SKM_04594,0.234787,70.81672
SKM_04595,0.513087,70.636933
SKM_04596,1.079313,70.297069
SKM_04597,0.092391,69.957205
SKM_04598,0.889669,69.617341
SKM_04599,1.870532,69.277477
SKM_04600,2.855332,68.937613
SKM_04601,1.895252,68.60097
SKM_04602,0.970999,68.276758
SKM_04603,0.541937,67.965713
SKM_04604,0.948264,67.668019
SKM_04605,0.026121,67.38385
SKM_04606,1.020531,67.11338
SKM_04607,0.192387,66.856775
SKM_04608,0.028958,66.614195
SKM_04609,1.00031,66.165146
SKM_04610,1.39937,65.185991
SKM_04611,0.49588,64.207479
SKM_04612,0.378567,63.229639
SKM_04613,1.150454,62.252503
SKM_04614,0.6994,61.276105
SKM_04615,0.212082,60.300481
SKM_04616,0.647475,59.325668
SKM_04617,1.625455,58.351708
SKM_04618,2.615738,57.378643
SKM_04619,1.634738,56.406521
SKM_04620,0.676997,55.43539
SKM_04621,0.335096,54.465305
SKM_04622,0.384808,53.496321
SKM_04623,0.632857,52.528499
SKM_04624,1.11356,51.561906
SKM_04625,0.986252,50.596611
SKM_04626,0.370208,49.63269
SKM_04627,0.344059,48.670225
SKM_04628,0.252642,47.709305
SKM_04629,0.028233,46.750023
SKM_04630,0.924518,45.792484
SKM_04631,1.879101,44.836798
SKM_04632,2.556893,43.883087
SKM_04633,1.586691,42.931483
SKM_04634,0.70532,41.982129
SKM_04635,0.690915,41.035181
SKM_04636,0.67164,40.090809
SKM_04637,0.96634,39.1492
SKM_04638,0.398094,38.210559
SKM_04639,0.165055,37.275108
SKM_04640,0.940873,36.343096
SKM_04641,1.167693,35.414792
SKM_04642,0.249055,34.490498
SKM_04643,0.050887,33.570543
SKM_04644,0.536668,32.655294
SKM_04645,0.609258,31.745159
SKM_04646,0.975343,30.840591
SKM_04647,0.976266,29.942093
SKM_04648,0.432112,29.05023
SKM_04649,0.033038,28.165631
SKM_04650,0.033324,27.289003
SKM_04651,0.22125,26.421139
SKM_04652,0.021743,25.562932
SKM_04653,0.456373,24.715388
SKM_04654,0.561809,23.879642
SKM_04655,0.693445,23.056977
SKM_04656,1.06018,22.248845
SKM_04657,0.259043,21.456887
SKM_04658,1.580792,71.501557
SKM_04659,0.754839,71.531302
SKM_04660,0.094481,71.561047
SKM_04661,0.199465,71.590792
SKM_04662,1.19868,71.620537
SKM_04663,2.198037,71.395779
SKM_04664,2.578695,71.055915
SKM_04665,2.202594,70.716051
SKM_04666,1.553373,70.376187
SKM_04667,0.840351,70.036323
SKM_04668,0.044704,69.696459
SKM_04669,0.814572,69.356595
SKM_04670,0.090538,69.016731
SKM_04671,0.893855,68.676867
SKM_04672,1.821303,68.337003
SKM_04673,2.718497,67.997139
SKM_04674,1.888509,67.658055
SKM_04675,0.95777,67.329302
SKM_04676,0.312981,67.01386
SKM_04677,0.544254,66.711918
SKM_04678,0.136547,66.42366
SKM_04679,0.498371,66.149264
SKM_04680,0.177159,65.888904
SKM_04681,0.099041,65.642747
SKM_04682,1.070973,65.410063
SKM_04683,1.773161,65.180424
SKM_04684,0.945652,64.422659
SKM_04685,0.225946,63.448136
SKM_04686,0.629767,62.474417
SKM_04687,0.54793,61.501543
SKM_04688,0.385531,60.529552
SKM_04689,1.103007,59.558489
SKM_04690,2.016951,58.588399
SKM_04691,1.883948,57.619332
SKM_04692,1.248709,56.65134
SKM_04693,0.926731,55.684479
SKM_04694,0.594169,54.718809
SKM_04695,0.488642,53.754395
SKM_04696,0.287126,52.791305
SKM_04697,0.228131,51.829613
SKM_04698,0.101026,50.869399
SKM_04699,0.030564,49.910746
SKM_04700,0.390439,48.953749
SKM_04701,0.738221,47.998504
SKM_04702,0.025969,47.04512
SKM_04703,0.973597,46.093711
SKM_04704,1.973163,45.144403
SKM_04705,2.561912,44.197331
SKM_04706,1.594767,43.252641
SKM_04707,0.695152,42.310493
SKM_04708,0.025881,41.371062
SKM_04709,0.36033,40.434536
SKM_04710,0.353281,39.501121
SKM_04711,0.391411,38.571045
SKM_04712,0.433861,37.644553
SKM_04713,1.372953,36.721918
SKM_04714,0.537585,35.803438
SKM_04715,0.130034,34.889441
SKM_04716,0.810139,33.980289
SKM_04717,0.735698,33.07638
SKM_04718,0.461781,32.178158
SKM_04719,0.161049,31.286111
SKM_04720,0.0453,30.400783
SKM_04721,0.464321,29.52278
SKM_04722,0.929489,28.652774
SKM_04723,0.759889,27.791516
SKM_04724,0.38402,26.939845
SKM_04725,0.230807,26.0987
SKM_04726,1.012692,25.269133
SKM_04727,0.477978,24.45232
SKM_04728,0.454054,23.649585
SKM_04729,1.13834,22.86241
SKM_04730,0.346276,22.092458
SKM_04731,1.13794,72.154624
SKM_04732,1.237358,71.81476
SKM_04733,0.896934,71.474896
SKM_04734,0.697687,71.135032
SKM_04735,1.393582,70.795168
SKM_04736,1.561234,70.455304
SKM_04737,2.220998,70.11544
SKM_04738,2.951921,69.775576
SKM_04739,2.25456,69.435712
SKM_04740,1.306542,69.095848
SKM_04741,0.373599,68.755984
SKM_04742,0.456294,68.41612
SKM_04743,0.38257,68.076256
SKM_04744,0.527489,67.736392
SKM_04745,1.527488,67.396528
SKM_04746,2.356237,67.056664
SKM_04747,2.35048,66.7168
SKM_04748,1.44532,66.383388
SKM_04749,0.446579,66.06343
SKM_04750,0.471467,65.757123
SKM_04751,0.127957,65.464661
SKM_04752,0.01719,65.186228
SKM_04753,0.455273,64.922006
SKM_04754,0.061885,64.672169
SKM_04755,0.501277,64.436788
SKM_04756,1.499465,64.207148
SKM_04757,1.56525,63.977509
SKM_04758,0.742884,63.681588
SKM_04759,0.028287,62.711494
SKM_04760,0.026562,61.742355
SKM_04761,0.737758,60.774216
SKM_04762,1.658199,59.807125
SKM_04763,2.469863,58.841135
SKM_04764,1.502145,57.8763
SKM_04765,0.516192,56.912678
SKM_04766,0.076804,55.950334
SKM_04767,0.09957,54.989333
SKM_04768,0.071011,54.029748
SKM_04769,0.355736,53.071655
SKM_04770,0.757506,52.115137
SKM_04771,0.474937,51.160281
SKM_04772,0.389149,50.207184
SKM_04773,1.297598,49.255946
SKM_04774,0.942923,48.306678
SKM_04775,0.013879,47.359498
SKM_04776,0.900144,46.414533
SKM_04777,1.834862,45.471923
SKM_04778,2.808655,44.531817
SKM_04779,2.073184,43.594376
SKM_04780,1.348105,42.659777
SKM_04781,0.739502,41.728209
SKM_04782,0.114641,40.799882
SKM_04783,0.083705,39.87502
SKM_04784,0.112276,38.953872
SKM_04785,0.954048,38.036707
SKM_04786,0.835341,37.123819
SKM_04787,0.120017,36.215534
SKM_04788,0.130494,35.312204
SKM_04789,0.101879,34.414222
SKM_04790,0.180128,33.522017
SKM_04791,0.015381,32.636061
SKM_04792,0.132646,31.75688
SKM_04793,0.10418,30.88505
SKM_04794,0.46925,30.021213
SKM_04795,0.661487,29.166078
SKM_04796,0.423072,28.320435
SKM_04797,0.328222,27.485158
SKM_04798,0.526136,26.661224
SKM_04799,0.692234,25.849715
SKM_04800,0.63235,25.051839
SKM_04801,0.22585,24.268942
SKM_04802,0.674385,23.50252
SKM_04803,1.314826,22.754238
SKM_04804,0.971953,22.025945
SKM_04805,0.907851,71.554014
SKM_04806,0.767731,71.21415
SKM_04807,1.079792,70.874286
SKM_04808,0.72615,70.534422
SKM_04809,0.407593,70.194558
SKM_04810,0.448294,69.854694
SKM_04811,0.834475,69.51483
SKM_04812,1.773809,69.174966
SKM_04813,2.74696,68.835102
SKM_04814,2.606816,68.495238
SKM_04815,1.743063,68.155374
SKM_04816,0.942422,67.81551
SKM_04817,0.411392,67.475646
SKM_04818,0.160736,67.135782
SKM_04819,0.816593,66.795918
SKM_04820,1.428608,66.456054
SKM_04821,1.386575,66.11619
SKM_04822,1.904116,65.776325
SKM_04823,1.731891,65.439082
SKM_04824,0.894696,65.114484
SKM_04825,0.157589,64.803692
SKM_04826,0.192844,64.506907
SKM_04827,0.621586,64.224323
SKM_04828,0.890081,63.956127
SKM_04829,0.004639,63.702502
SKM_04830,0.501282,63.463622
SKM_04831,1.450729,63.233872
SKM_04832,2.154021,63.004233
SKM_04833,1.401631,62.774594
SKM_04834,0.851209,62.544954
SKM_04835,0.194158,61.998364
SKM_04836,0.616831,61.034286
SKM_04837,1.54119,60.071382
SKM_04838,2.523896,59.10971
SKM_04839,1.721517,58.149331
SKM_04840,0.986729,57.190311
SKM_04841,0.197452,56.232718
SKM_04842,0.710767,55.276627
SKM_04843,0.616804,54.322117
SKM_04844,0.650228,53.369273
SKM_04845,0.582983,52.418185
SKM_04846,0.652006,51.468952
SKM_04847,0.899729,50.521678
SKM_04848,1.749597,49.576475
SKM_04849,1.119693,48.633464
SKM_04850,0.119963,47.692774
SKM_04851,0.829819,46.754546
SKM_04852,1.614173,45.818932
SKM_04853,1.996859,44.886094
SKM_04854,2.353353,43.956209
SKM_04855,2.145742,43.029469
SKM_04856,1.42586,42.106082
SKM_04857,1.110752,41.186272
SKM_04858,0.667476,40.270286
SKM_04859,0.292783,39.35839
SKM_04860,0.345725,38.450874
SKM_04861,0.00975,37.548058
SKM_04862,0.378437,36.650287
SKM_04863,0.820201,35.757943
SKM_04864,1.055318,34.871441
SKM_04865,1.13103,33.991238
SKM_04866,0.375772,33.117838
SKM_04867,0.315251,32.251792
SKM_04868,0.460546,31.393709
SKM_04869,0.376864,30.544261
SKM_04870,0.219071,29.704188
SKM_04871,0.503758,28.874309
SKM_04872,0.548724,28.055527
SKM_04873,0.372889,27.248844
SKM_04874,0.258135,26.455367
SKM_04875,0.262691,25.676318
SKM_04876,0.718146,24.913054
SKM_04877,0.736731,24.167067
SKM_04878,1.592624,23.44001
SKM_04879,0.751256,22.733696
SKM_04880,0.752423,70.953403
SKM_04881,1.233591,70.613539
SKM_04882,0.289463,70.273675
SKM_04883,0.530739,69.933811
SKM_04884,0.913207,69.593947
SKM_04885,0.19792,69.254083
SKM_04886,0.312854,68.914219
SKM_04887,0.648956,68.574355
SKM_04888,1.648113,68.234491
SKM_04889,2.647907,67.894627
SKM_04890,3.127112,67.554763
SKM_04891,2.353677,67.214899
SKM_04892,1.753214,66.875035
SKM_04893,1.306288,66.535171
SKM_04894,0.436327,66.195307
SKM_04895,0.121285,65.855443
SKM_04896,0.540949,65.515579
SKM_04897,0.497399,65.175715
SKM_04898,1.339925,64.835851
SKM_04899,1.885393,64.496455
SKM_04900,1.277653,64.167089
SKM_04901,0.550419,63.851686
SKM_04902,0.257166,63.550455
SKM_04903,0.624507,63.263599
SKM_04904,0.687029,62.991313
SKM_04905,0.470105,62.733787
SKM_04906,0.454625,62.491204
SKM_04907,1.452924,62.260597
SKM_04908,1.922686,62.030957
SKM_04909,0.925792,61.801318
SKM_04910,0.002963,61.571679
SKM_04911,0.021854,61.342039
SKM_04912,0.707418,61.1124
SKM_04913,1.618817,60.351053
SKM_04914,2.52311,59.39391
SKM_04915,1.545565,58.438202
SKM_04916,0.64145,57.484
SKM_04917,0.605445,56.531383
SKM_04918,0.252022,55.580429
SKM_04919,0.182662,54.631228
SKM_04920,0.072833,53.68387
SKM_04921,0.655809,52.738457
SKM_04922,0.956319,51.795094
SKM_04923,1.720195,50.853895
SKM_04924,2.281067,49.914983
SKM_04925,1.377115,48.97849
SKM_04926,0.450979,48.044556
SKM_04927,0.424947,47.113334
SKM_04928,0.641601,46.184989
SKM_04929,1.035753,45.259696
SKM_04930,1.417917,44.337648
SKM_04931,1.356929,43.41905
SKM_04932,1.219461,42.504127
SKM_04933,0.769285,41.593121
SKM_04934,0.288554,40.686295
SKM_04935,0.314409,39.783935
SKM_04936,0.592324,38.886353
SKM_04937,0.934574,37.993885
SKM_04938,1.261114,37.106903
SKM_04939,1.336179,36.225808
SKM_04940,1.383331,35.35104
SKM_04941,0.839196,34.483082
SKM_04942,0.446499,33.622461
SKM_04943,0.652867,32.769754
SKM_04944,0.387952,31.925596
SKM_04945,0.315796,31.090683
SKM_04946,1.023216,30.265781
SKM_04947,1.484606,29.45173
SKM_04948,1.510308,28.649455
SKM_04949,1.350695,27.859975
SKM_04950,1.234793,27.084407
SKM_04951,1.248291,26.323982
SKM_04952,1.202085,25.580049
SKM_04953,0.81793,24.854091
SKM_04954,1.264533,24.147727
SKM_04955,1.477863,23.462729
SKM_04956,1.242549,22.801021
SKM_04957,0.756589,22.164689
SKM_04958,1.392175,70.012929
SKM_04959,1.113306,69.673065
SKM_04960,0.193554,69.333201
SKM_04961,0.673349,68.993337
SKM_04962,1.410945,68.653473
SKM_04963,0.6034,68.313609
SKM_04964,0.222209,67.973745
SKM_04965,0.639047,67.63388
SKM_04966,1.637086,67.294016
SKM_04967,2.633384,66.954152
SKM_04968,3.630293,66.614288
SKM_04969,3.118499,66.274424
SKM_04970,2.640894,65.93456
SKM_04971,1.849022,65.594696
SKM_04972,1.182615,65.254832
SKM_04973,0.568258,64.914968
SKM_04974,0.020391,64.575104
SKM_04975,0.139654,64.23524
SKM_04976,0.996293,63.895376
SKM_04977,1.447725,63.555512
SKM_04978,0.486866,63.221314
SKM_04979,0.150085,62.901169
SKM_04980,0.141809,62.595364
SKM_04981,0.069976,62.304111
SKM_04982,0.012433,62.027613
SKM_04983,0.0242,61.766069
SKM_04984,0.750905,61.51967
SKM_04985,1.67493,61.287321
SKM_04986,1.827962,61.057682
SKM_04987,1.199633,60.828042
SKM_04988,0.236998,60.598403
SKM_04989,0.35297,60.368763
SKM_04990,1.297578,60.139124
SKM_04991,2.100251,59.909485
SKM_04992,2.556366,59.679845
SKM_04993,1.599279,58.742677
SKM_04994,0.761826,57.793503
SKM_04995,0.24518,56.846072
SKM_04996,0.240185,55.900472
SKM_04997,0.084886,54.956799
SKM_04998,0.2487,54.015152
SKM_04999,0.127738,53.07564
SKM_05000,0.760402,52.138378
SKM_05001,1.722891,51.203489
SKM_05002,1.671576,50.271107
SKM_05003,1.150769,49.341374
SKM_05004,0.331136,48.41444
SKM_05005,0.415313,47.490472
SKM_05006,0.225868,46.569645
SKM_05007,0.14047,45.65215
SKM_05008,0.545011,44.73819
SKM_05009,0.363856,43.827988
SKM_05010,0.27418,42.921783
SKM_05011,0.041278,42.019833
SKM_05012,0.344434,41.122418
SKM_05013,0.625611,40.229842
SKM_05014,0.820439,39.342434
SKM_05015,0.953435,38.460551
SKM_05016,0.733299,37.584583
SKM_05017,0.372177,36.714954
SKM_05018,0.388584,35.852123
SKM_05019,0.087478,34.996595
SKM_05020,0.465106,34.148917
SKM_05021,0.330227,33.30969
SKM_05022,0.439203,32.479568
SKM_05023,1.014061,31.659268
SKM_05024,1.242449,30.849573
SKM_05025,1.718329,30.051341
SKM_05026,1.237036,29.265508
SKM_05027,1.06239,28.493102
SKM_05028,0.914964,27.735244
SKM_05029,0.889137,26.99316
SKM_05030,0.736866,26.268186
SKM_05031,0.174092,25.561778
SKM_05032,0.978297,24.875518
SKM_05033,1.938685,24.21112
SKM_05034,1.618703,23.570431
SKM_05035,0.618958,22.955438
SKM_05036,1.751368,69.072454
SKM_05037,1.026555,68.73259
SKM_05038,0.041416,68.392726
SKM_05039,0.933858,68.052862
SKM_05040,1.917369,67.712998
SKM_05041,1.049848,67.373134
SKM_05042,0.239458,67.03327
SKM_05043,0.636809,66.693406
SKM_05044,1.634122,66.353542
SKM_05045,2.631181,66.013678
SKM_05046,3.624732,65.673814
SKM_05047,3.286073,65.33395
SKM_05048,2.810417,64.994086
SKM_05049,2.491071,64.654222
SKM_05050,1.563541,64.314358
SKM_05051,0.802811,63.974494
SKM_05052,0.205866,63.63463
SKM_05053,0.455495,63.294766
SKM_05054,1.309424,62.954902
SKM_05055,1.623918,62.615038
SKM_05056,0.882179,62.277234
SKM_05057,0.843539,61.95221
SKM_05058,1.073067,61.641698
SKM_05059,0.976002,61.345916
SKM_05060,0.689887,61.06508
SKM_05061,0.142611,60.799396
SKM_05062,0.360846,60.549064
SKM_05063,0.846256,60.314045
SKM_05064,0.836709,60.084406
SKM_05065,1.214563,59.854766
SKM_05066,0.622545,59.625127
SKM_05067,0.335535,59.395488
SKM_05068,1.328146,59.165848
SKM_05069,2.236417,58.936209
SKM_05070,2.300466,58.70657
SKM_05071,1.304362,58.47693
SKM_05072,0.332531,58.118566
SKM_05073,0.003525,57.176521
SKM_05074,0.355921,56.236478
SKM_05075,0.001839,55.298539
SKM_05076,0.166283,54.362812
SKM_05077,0.091986,53.429413
SKM_05078,0.830893,52.498468
SKM_05079,1.307279,51.570108
SKM_05080,0.723408,50.644476
SKM_05081,0.332097,49.721724
SKM_05082,0.080651,48.802016
SKM_05083,0.827221,47.885526
SKM_05084,1.117313,46.972444
SKM_05085,0.726462,46.062973
SKM_05086,0.453597,45.157329
SKM_05087,0.629483,44.255748
SKM_05088,0.675287,43.358484
SKM_05089,0.839365,42.465811
SKM_05090,0.474155,41.578023
SKM_05091,0.315808,40.695441
SKM_05092,0.084996,39.81841
SKM_05093,0.033326,38.947307
SKM_05094,0.092308,38.082537
SKM_05095,0.496773,37.224542
SKM_05096,0.280085,36.373801
SKM_05097,0.758711,35.530836
SKM_05098,1.269264,34.696213
SKM_05099,1.317116,33.87055
SKM_05100,1.271074,33.054516
SKM_05101,0.418768,32.248844
SKM_05102,0.577167,31.454329
SKM_05103,0.955898,30.67184
SKM_05104,0.313999,29.902319
SKM_05105,0.062965,29.146793
SKM_05106,0.068183,28.406381
SKM_05107,0.082683,27.682293
SKM_05108,0.081478,26.975846
SKM_05109,0.405453,26.288461
SKM_05110,1.317205,25.621672
SKM_05111,0.986536,24.977129
SKM_05112,0.820747,24.356599
SKM_05113,0.684243,23.761961
SKM_05114,0.611985,23.195209
SKM_05115,1.018711,22.658434
SKM_05116,1.189351,22.153815
SKM_05117,0.763685,21.683598
SKM_05118,1.874253,68.131979
SKM_05119,0.874569,67.792115
SKM_05120,0.114505,67.452251
SKM_05121,0.945981,67.112387
SKM_05122,1.721868,66.772523
SKM_05123,1.298877,66.432659
SKM_05124,0.322664,66.092795
SKM_05125,0.658687,65.752931
SKM_05126,1.538824,65.413067
SKM_05127,2.263783,65.073203
SKM_05128,3.141431,64.733339
SKM_05129,2.551126,64.393475
SKM_05130,1.899583,64.053611
SKM_05131,1.645778,63.713747
SKM_05132,1.373498,63.373883
SKM_05133,0.401332,63.034019
SKM_05134,0.539251,62.694155
SKM_05135,0.270453,62.354291
SKM_05136,1.255753,62.014427
SKM_05137,1.27474,61.674563
SKM_05138,1.689848,61.334926
SKM_05139,1.836826,61.004882
SKM_05140,2.02886,60.689523
SKM_05141,1.950282,60.389078
SKM_05142,1.542906,60.103771
SKM_05143,1.007678,59.833818
SKM_05144,0.367402,59.579429
SKM_05145,0.006877,59.340803
SKM_05146,0.088293,59.11113
SKM_05147,0.699582,58.881491
SKM_05148,0.262415,58.651851
SKM_05149,0.532702,58.422212
SKM_05150,0.979346,58.192573
SKM_05151,1.291688,57.962933
SKM_05152,1.837396,57.733294
SKM_05153,1.547882,57.503654
SKM_05154,0.897305,57.274015
SKM_05155,0.16785,57.044376
SKM_05156,0.100536,56.588163
SKM_05157,0.014887,55.65615
SKM_05158,0.347081,54.726538
SKM_05159,0.209857,53.799451
SKM_05160,0.065225,52.87502
SKM_05161,0.359157,51.95339
SKM_05162,0.034379,51.03471
SKM_05163,0.488965,50.119143
SKM_05164,0.562523,49.206863
SKM_05165,1.152188,48.298057
SKM_05166,2.043555,47.392924
SKM_05167,1.62743,46.491678
SKM_05168,1.446734,45.59455
SKM_05169,1.598334,44.701789
SKM_05170,1.6751,43.81366
SKM_05171,1.775607,42.930452
SKM_05172,1.449472,42.052475
SKM_05173,1.24654,41.180063
SKM_05174,1.055004,40.313577
SKM_05175,0.889968,39.453408
SKM_05176,1.018807,38.599978
SKM_05177,1.355834,37.753744
SKM_05178,1.26659,36.915201
SKM_05179,1.546341,36.084886
SKM_05180,1.059845,35.263379
SKM_05181,0.602703,34.451311
SKM_05182,0.83157,33.649364
SKM_05183,0.085033,32.858281
SKM_05184,0.828887,32.078864
SKM_05185,0.404127,31.311985
SKM_05186,0.366541,30.558589
SKM_05187,0.755516,29.819695
SKM_05188,0.44481,29.096411
SKM_05189,0.729247,28.389929
SKM_05190,1.06723,27.701533
SKM_05191,0.522487,27.032607
SKM_05192,1.019631,26.384631
SKM_05193,0.166602,25.759186
SKM_05194,0.027589,25.157953
SKM_05195,0.136098,24.582707
SKM_05196,0.871491,24.035315
SKM_05197,0.268788,23.517723
SKM_05198,0.266263,23.031939
SKM_05199,0.672312,22.580016
SKM_05200,1.324717,67.531369
SKM_05201,2.0358,67.191505
SKM_05202,1.098824,66.851641
SKM_05203,0.376224,66.511777
SKM_05204,0.489403,66.171913
SKM_05205,0.937121,65.832049
SKM_05206,1.186073,65.492185
SKM_05207,0.677016,65.152321
SKM_05208,0.129592,64.812457
SKM_05209,0.91368,64.472593
SKM_05210,1.881281,64.132729
SKM_05211,2.761099,63.792865
SKM_05212,2.053828,63.453001
SKM_05213,1.148208,63.113137
SKM_05214,0.646958,62.773273
SKM_05215,1.001051,62.433409
SKM_05216,0.057807,62.093545
SKM_05217,0.025353,61.753681
SKM_05218,0.593414,61.413817
SKM_05219,0.804279,61.073953
SKM_05220,0.293146,60.734089
SKM_05221,1.141693,60.394225
SKM_05222,2.124548,60.059262
SKM_05223,2.133775,59.738911
SKM_05224,1.2512,59.433661
SKM_05225,0.714388,59.143745
SKM_05226,0.572127,58.86939
SKM_05227,0.394135,58.610815
SKM_05228,0.093668,58.368229
SKM_05229,0.038731,58.137854
SKM_05230,0.00131,57.908215
SKM_05231,0.173677,57.678575
SKM_05232,0.160955,57.448936
SKM_05233,0.07126,57.219297
SKM_05234,0.446554,56.989657
SKM_05235,0.978659,56.760018
SKM_05236,1.485545,56.530379
SKM_05237,1.312465,56.300739
SKM_05238,0.685536,56.0711
SKM_05239,0.245206,55.841461
SKM_05240,0.226959,55.611821
SKM_05241,0.869706,55.106013
SKM_05242,0.911992,54.185418
SKM_05243,0.825346,53.267687
SKM_05244,0.099719,52.352969
SKM_05245,0.915448,51.441426
SKM_05246,1.372365,50.533228
SKM_05247,1.562505,49.628561
SKM_05248,1.858098,48.72762
SKM_05249,2.542368,47.830617
SKM_05250,2.56082,46.937776
SKM_05251,2.442393,46.04934
SKM_05252,2.540149,45.165569
SKM_05253,2.30439,44.286742
SKM_05254,1.999828,43.41316
SKM_05255,2.0963,42.545145
SKM_05256,1.467291,41.683045
SKM_05257,1.116171,40.827235
SKM_05258,0.574708,39.97812
SKM_05259,0.409198,39.136134
SKM_05260,1.144852,38.301747
SKM_05261,0.317799,37.475469
SKM_05262,0.90593,36.657846
SKM_05263,0.177163,35.849471
SKM_05264,0.080084,35.050984
SKM_05265,0.489178,34.263076
SKM_05266,0.385373,33.486494
SKM_05267,0.242455,32.722045
SKM_05268,0.391633,31.970598
SKM_05269,0.410625,31.233092
SKM_05270,0.244386,30.510538
SKM_05271,0.49362,29.804024
SKM_05272,0.856639,29.114717
SKM_05273,0.671508,28.443868
SKM_05274,0.243406,27.792815
SKM_05275,0.506374,27.162979
SKM_05276,0.330531,26.555872
SKM_05277,0.878509,25.973087
SKM_05278,0.329965,25.416297
SKM_05279,0.444051,24.887247
SKM_05280,0.315617,24.387742
SKM_05281,0.70933,23.919634
SKM_05282,0.178981,23.484799
SKM_05283,0.645773,23.085118
SKM_05284,2.486459,66.25103
SKM_05285,1.660585,65.911166
SKM_05286,0.815888,65.571302
SKM_05287,0.302171,65.231438
SKM_05288,0.083972,64.891574
SKM_05289,0.301579,64.55171
SKM_05290,0.554328,64.211846
SKM_05291,0.149239,63.871982
SKM_05292,0.983903,63.532118
SKM_05293,1.386347,63.192254
SKM_05294,2.026781,62.85239
SKM_05295,1.981963,62.512526
SKM_05296,1.014076,62.172662
SKM_05297,0.146862,61.832798
SKM_05298,0.36556,61.492934
SKM_05299,0.53793,61.15307
SKM_05300,0.232922,60.813206
SKM_05301,1.13907,60.473342
SKM_05302,0.418326,60.133478
SKM_05303,0.524478,59.793614
SKM_05304,1.312296,59.45375
SKM_05305,2.220604,59.115431
SKM_05306,2.008112,58.789937
SKM_05307,1.022261,58.479734
SKM_05308,0.239839,58.185065
SKM_05309,0.370271,57.906169
SKM_05310,0.212507,57.643273
SKM_05311,0.350685,57.396598
SKM_05312,0.211995,57.164578
SKM_05313,0.879468,56.934939
SKM_05314,0.819019,56.7053
SKM_05315,0.139595,56.47566
SKM_05316,0.876071,56.246021
SKM_05317,0.278961,56.016382
SKM_05318,0.076109,55.786742
SKM_05319,0.983067,55.557103
SKM_05320,1.961384,55.327464
SKM_05321,1.254094,55.097824
SKM_05322,0.51311,54.868185
SKM_05323,0.907106,54.638546
SKM_05324,0.276992,54.408906
SKM_05325,0.079672,54.179267
SKM_05326,0.024989,53.676113
SKM_05327,0.29536,52.768476
SKM_05328,1.271993,51.864236
SKM_05329,2.221892,50.963574
SKM_05330,2.562502,50.066683
SKM_05331,2.752729,49.17377
SKM_05332,2.26408,48.285055
SKM_05333,1.848646,47.400775
SKM_05334,1.925857,46.521182
SKM_05335,2.373513,45.646547
SKM_05336,1.524027,44.777162
SKM_05337,1.005861,43.913336
SKM_05338,1.304168,43.055406
SKM_05339,0.689141,42.203731
SKM_05340,0.147034,41.358697
SKM_05341,0.003114,40.52072
SKM_05342,0.146213,39.690246
SKM_05343,0.406173,38.867757
SKM_05344,0.232246,38.05377
SKM_05345,0.642369,37.248844
SKM_05346,0.076336,36.453577
SKM_05347,0.083695,35.668616
SKM_05348,0.144895,34.894657
SKM_05349,0.79266,34.132448
SKM_05350,0.350479,33.382793
SKM_05351,0.447804,32.646559
SKM_05352,0.828308,31.924672
SKM_05353,0.079587,31.218129
SKM_05354,1.026602,30.527995
SKM_05355,0.415921,29.855408
SKM_05356,0.423184,29.201581
SKM_05357,0.268785,28.5678
SKM_05358,0.186216,27.955431
SKM_05359,0.873877,27.36591
SKM_05360,1.318252,26.800745
SKM_05361,0.612856,26.261509
SKM_05362,0.010144,25.74983
SKM_05363,0.14092,25.267383
SKM_05364,0.224999,24.815873
SKM_05365,0.109569,24.397018
SKM_05366,0.154158,24.012525
SKM_05367,1.041263,23.664071
SKM_05368,2.725283,65.310556
SKM_05369,2.229739,64.970692
SKM_05370,1.662564,64.630828
SKM_05371,1.190992,64.290964
SKM_05372,0.915847,63.9511
SKM_05373,0.489566,63.611236
SKM_05374,0.415261,63.271372
SKM_05375,0.170251,62.931508
SKM_05376,0.213525,62.591644
SKM_05377,0.641927,62.25178
SKM_05378,1.599263,61.911916
SKM_05379,2.341898,61.572051
SKM_05380,1.559449,61.232187
SKM_05381,0.99873,60.892323
SKM_05382,0.470691,60.552459
SKM_05383,0.282958,60.212595
SKM_05384,0.107823,59.872731
SKM_05385,0.708591,59.532867
SKM_05386,0.582919,59.193003
SKM_05387,0.376013,58.853139
SKM_05388,1.375535,58.513275
SKM_05389,2.206982,58.173477
SKM_05390,2.26129,57.842683
SKM_05391,1.588878,57.527372
SKM_05392,1.239774,57.2278
SKM_05393,1.307873,56.944215
SKM_05394,0.904427,56.676858
SKM_05395,0.362466,56.425958
SKM_05396,0.201893,56.191303
SKM_05397,1.19749,55.961663
SKM_05398,1.187207,55.732024
SKM_05399,0.496151,55.502384
SKM_05400,1.008139,55.272745
SKM_05401,1.094545,55.043106
SKM_05402,0.177006,54.813466
SKM_05403,0.679091,54.583827
SKM_05404,1.234725,54.354188
SKM_05405,1.644491,54.124548
SKM_05406,1.49724,53.894909
SKM_05407,1.184166,53.66527
SKM_05408,0.505256,53.43563
SKM_05409,0.199631,53.205991
SKM_05410,0.191165,52.976352
SKM_05411,0.51088,52.746712
SKM_05412,1.467079,52.30275
SKM_05413,1.590148,51.409771
SKM_05414,2.13633,50.520802
SKM_05415,2.491158,49.636059
SKM_05416,1.580285,48.755772
SKM_05417,0.888106,47.880185
SKM_05418,1.03931,47.009564
SKM_05419,1.836191,46.144187
SKM_05420,1.155468,45.284356
SKM_05421,0.155576,44.430393
SKM_05422,0.686471,43.582642
SKM_05423,0.185546,42.741474
SKM_05424,0.642132,41.907285
SKM_05425,0.540162,41.080499
SKM_05426,0.508063,40.261574
SKM_05427,0.634385,39.450998
SKM_05428,0.050622,38.649297
SKM_05429,0.146401,37.857034
SKM_05430,0.56925,37.074815
SKM_05431,0.818295,36.30329
SKM_05432,0.956724,35.543153
SKM_05433,0.00662,34.795153
SKM_05434,0.364384,34.060087
SKM_05435,0.279117,33.338813
SKM_05436,1.058258,32.632244
SKM_05437,0.171299,31.941357
SKM_05438,0.450263,31.26719
SKM_05439,0.113044,30.610849
SKM_05440,0.478849,29.973505
SKM_05441,0.661242,29.356395
SKM_05442,1.00023,28.760821
SKM_05443,1.313321,28.188148
SKM_05444,0.534946,27.639801
SKM_05445,0.061143,27.117255
SKM_05446,0.529923,26.622029
SKM_05447,0.2559,26.155675
SKM_05448,0.082377,25.719764
SKM_05449,0.565052,25.315867
SKM_05450,0.087685,24.945542
SKM_05451,0.453946,24.610302
SKM_05452,3.013575,64.030217
SKM_05453,2.525511,63.690353
SKM_05454,2.139833,63.350489
SKM_05455,1.826202,63.010625
SKM_05456,1.472063,62.670761
SKM_05457,1.406195,62.330897
SKM_05458,0.81567,61.991033
SKM_05459,0.329539,61.651169
SKM_05460,0.341068,61.311305
SKM_05461,0.929866,60.971441
SKM_05462,1.580284,60.631577
SKM_05463,2.340469,60.291713
SKM_05464,1.837092,59.951849
SKM_05465,1.358751,59.611985
SKM_05466,0.894686,59.272121
SKM_05467,0.180718,58.932257
SKM_05468,0.153562,58.592393
SKM_05469,0.110107,58.252529
SKM_05470,0.650553,57.912665
SKM_05471,1.592062,57.572801
SKM_05472,1.2338,57.232937
SKM_05473,1.328504,56.897234
SKM_05474,2.001895,56.576654
SKM_05475,1.257884,56.272021
SKM_05476,0.882874,55.983595
SKM_05477,0.602734,55.711628
SKM_05478,0.167704,55.456361
SKM_05479,0.21338,55.218027
SKM_05480,0.566224,54.988387
SKM_05481,0.493086,54.758748
SKM_05482,0.213296,54.529109
SKM_05483,0.06574,54.299469
SKM_05484,0.539065,54.06983
SKM_05485,0.722451,53.840191
SKM_05486,0.01274,53.610551
SKM_05487,0.248295,53.380912
SKM_05488,1.114206,53.151273
SKM_05489,2.102679,52.921633
SKM_05490,1.82466,52.691994
SKM_05491,1.117774,52.462355
SKM_05492,0.485852,52.232715
SKM_05493,0.719457,52.003076
SKM_05494,0.122885,51.773437
SKM_05495,0.504647,51.543797
SKM_05496,0.722162,51.314158
SKM_05497,1.599016,50.990491
SKM_05498,2.278993,50.11404
SKM_05499,1.287515,49.242298
SKM_05500,0.32373,48.375519
SKM_05501,0.639795,47.513974
SKM_05502,1.467194,46.657954
SKM_05503,1.501961,45.807767
SKM_05504,0.712461,44.963746
SKM_05505,0.117018,44.126244
SKM_05506,0.504116,43.295638
SKM_05507,0.654681,42.472334
SKM_05508,0.910726,41.656765
SKM_05509,1.422528,40.849394
SKM_05510,1.004181,40.050717
SKM_05511,0.177945,39.261263
SKM_05512,0.261009,38.481602
SKM_05513,0.156753,37.71234
SKM_05514,0.396102,36.954127
SKM_05515,0.403742,36.207657
SKM_05516,0.244484,35.473671
SKM_05517,0.060976,34.75296
SKM_05518,0.122658,34.046368
SKM_05519,0.450237,33.354791
SKM_05520,0.246753,32.679182
SKM_05521,0.206408,32.020554
SKM_05522,0.124165,31.379974
SKM_05523,0.686833,30.758571
SKM_05524,0.340053,30.157529
SKM_05525,0.774282,29.578091
SKM_05526,0.540452,29.02155
SKM_05527,0.043036,28.489249
SKM_05528,0.776942,27.98257
SKM_05529,0.985527,27.502929
SKM_05530,0.590493,27.051765
SKM_05531,0.83299,26.630526
SKM_05532,0.752593,26.240652
SKM_05533,0.111134,25.883561
SKM_05534,0.431604,25.560627
SKM_05535,0.62989,25.273159
SKM_05536,2.548088,62.749878
SKM_05537,2.415172,62.410014
SKM_05538,2.678313,62.07015
SKM_05539,2.449576,61.730286
SKM_05540,2.212046,61.390422
SKM_05541,1.690251,61.050558
SKM_05542,1.020444,60.710694
SKM_05543,0.424661,60.37083
SKM_05544,0.168771,60.030966
SKM_05545,1.056368,59.691102
SKM_05546,1.785828,59.351238
SKM_05547,1.931085,59.011374
SKM_05548,0.931115,58.67151
SKM_05549,0.001147,58.331646
SKM_05550,0.167882,57.991782
SKM_05551,0.319563,57.651918
SKM_05552,0.178411,57.312054
SKM_05553,0.231639,56.97219
SKM_05554,0.616142,56.632326
SKM_05555,0.384905,56.292462
SKM_05556,0.645302,55.953682
SKM_05557,1.377926,55.627665
SKM_05558,0.87731,55.317806
SKM_05559,0.099062,55.024378
SKM_05560,0.138317,54.747646
SKM_05561,0.650339,54.487864
SKM_05562,0.673715,54.245275
SKM_05563,0.432374,54.015112
SKM_05564,0.394717,53.785472
SKM_05565,0.638248,53.555833
SKM_05566,0.477941,53.326194
SKM_05567,0.000259,53.096554
SKM_05568,0.503987,52.866915
SKM_05569,0.56757,52.637276
SKM_05570,0.038344,52.407636
SKM_05571,0.998396,52.177997
SKM_05572,1.719486,51.948357
SKM_05573,1.239929,51.718718
SKM_05574,0.417172,51.489079
SKM_05575,0.84627,51.259439
SKM_05576,1.027146,51.0298
SKM_05577,0.048417,50.800161
SKM_05578,0.443452,50.570521
SKM_05579,0.717262,50.340882
SKM_05580,1.596809,50.111243
SKM_05581,2.397458,49.881603
SKM_05582,1.464351,49.651964
SKM_05583,0.620642,48.886292
SKM_05584,0.106011,48.033909
SKM_05585,0.470592,47.187322
SKM_05586,0.98644,46.346847
SKM_05587,1.282507,45.512824
SKM_05588,0.36088,44.685613
SKM_05589,0.629712,43.865601
SKM_05590,0.389271,43.053198
SKM_05591,0.794661,42.248843
SKM_05592,0.585068,41.453006
SKM_05593,0.213036,40.666185
SKM_05594,0.015686,39.888914
SKM_05595,0.508992,39.121764
SKM_05596,0.412608,38.36534
SKM_05597,0.591072,37.62029
SKM_05598,0.590089,36.887303
SKM_05599,0.679472,36.167112
SKM_05600,0.942081,35.460498
SKM_05601,0.205248,34.768288
SKM_05602,0.186744,34.091359
SKM_05603,0.547469,33.430639
SKM_05604,0.769574,32.787109
SKM_05605,0.753854,32.161801
SKM_05606,0.202128,31.555797
SKM_05607,0.463325,30.970232
SKM_05608,0.264455,30.406285
SKM_05609,0.062345,29.865182
SKM_05610,0.688368,29.348185
SKM_05611,0.351578,28.856592
SKM_05612,0.921461,28.39172
SKM_05613,0.099494,27.954905
SKM_05614,0.736255,27.547479
SKM_05615,0.193528,27.170766
SKM_05616,0.333615,26.826058
SKM_05617,0.211765,26.514606
SKM_05618,0.582969,26.237592
SKM_05619,0.673172,25.996118
SKM_05620,0.828642,25.791181
SKM_05621,1.286475,25.62366
SKM_05622,2.309569,62.149268
SKM_05623,1.635363,61.809404
SKM_05624,1.419407,61.46954
SKM_05625,1.831671,61.129676
SKM_05626,2.587532,60.789812
SKM_05627,3.050625,60.449948
SKM_05628,2.424334,60.110084
SKM_05629,1.736918,59.77022
SKM_05630,1.143061,59.430356
SKM_05631,0.185598,59.090492
SKM_05632,0.434823,58.750628
SKM_05633,1.211098,58.410764
SKM_05634,1.850472,58.0709
SKM_05635,1.373952,57.731036
SKM_05636,0.949295,57.391172
SKM_05637,0.831048,57.051308
SKM_05638,0.573113,56.711444
SKM_05639,0.32439,56.37158
SKM_05640,0.589931,56.031716
SKM_05641,0.253764,55.691852
SKM_05642,0.263801,55.351988
SKM_05643,0.062195,55.012124
SKM_05644,0.551972,54.680493
SKM_05645,0.692246,54.365236
SKM_05646,0.251539,54.066639
SKM_05647,0.923618,53.784979
SKM_05648,1.516571,53.520525
SKM_05649,1.531404,53.273531
SKM_05650,1.219094,53.041836
SKM_05651,0.835388,52.812196
SKM_05652,0.180973,52.582557
SKM_05653,0.902207,52.352918
SKM_05654,0.399179,52.123278
SKM_05655,0.465318,51.893639
SKM_05656,0.682232,51.664
SKM_05657,0.25204,51.43436
SKM_05658,0.655173,51.204721
SKM_05659,0.934405,50.975082
SKM_05660,0.489161,50.745442
SKM_05661,0.210309,50.515803
SKM_05662,0.725966,50.286164
SKM_05663,0.303039,50.056524
SKM_05664,0.179712,49.826885
SKM_05665,1.000733,49.597246
SKM_05666,1.583481,49.367606
SKM_05667,2.131372,49.137967
SKM_05668,2.832636,48.908328
SKM_05669,2.012732,48.678688
SKM_05670,1.27225,48.449049
SKM_05671,0.690411,48.219416
SKM_05672,0.336183,47.731772
SKM_05673,0.334058,46.901055
SKM_05674,1.044359,46.077064
SKM_05675,0.245075,45.260167
SKM_05676,0.652656,44.450755
SKM_05677,1.207801,43.649244
SKM_05678,0.446955,42.856078
SKM_05679,0.105967,42.071729
SKM_05680,0.739387,41.296698
SKM_05681,0.310447,40.531521
SKM_05682,0.510804,39.776765
SKM_05683,1.094974,39.033037
SKM_05684,1.522917,38.300978
SKM_05685,1.589998,37.581269
SKM_05686,1.624768,36.874635
SKM_05687,1.084469,36.181841
SKM_05688,0.177049,35.503697
SKM_05689,0.775721,34.841059
SKM_05690,1.531378,34.194829
SKM_05691,0.966798,33.565953
SKM_05692,0.203072,32.955426
SKM_05693,0.268685,32.364286
SKM_05694,0.243391,31.793615
SKM_05695,0.247249,31.244533
SKM_05696,0.515295,30.718199
SKM_05697,0.128987,30.215801
SKM_05698,0.067847,29.738553
SKM_05699,0.695658,29.287685
SKM_05700,0.529786,28.864431
SKM_05701,0.1513,28.470024
SKM_05702,0.505614,28.105679
SKM_05703,0.269853,27.772578
SKM_05704,0.461741,27.471858
SKM_05705,0.125848,27.204593
SKM_05706,0.722299,26.971778
SKM_05707,1.303957,26.774311
SKM_05708,2.859277,61.548657
SKM_05709,1.875038,61.208793
SKM_05710,0.92524,60.868929
SKM_05711,0.443139,60.529065
SKM_05712,1.239627,60.189201
SKM_05713,2.208388,59.849337
SKM_05714,3.01838,59.509473
SKM_05715,3.134006,59.169609
SKM_05716,2.416373,58.829745
SKM_05717,1.572893,58.489881
SKM_05718,0.876845,58.150017
SKM_05719,0.140946,57.810153
SKM_05720,0.479311,57.470289
SKM_05721,0.872479,57.130425
SKM_05722,0.646074,56.790561
SKM_05723,0.473067,56.450697
SKM_05724,0.487414,56.110833
SKM_05725,0.27689,55.770969
SKM_05726,0.472756,55.431105
SKM_05727,1.435233,55.091241
SKM_05728,1.246388,54.751377
SKM_05729,1.113524,54.411513
SKM_05730,0.813755,54.071649
SKM_05731,0.002292,53.735236
SKM_05732,0.753393,53.4144
SKM_05733,0.149054,53.110458
SKM_05734,0.32198,52.8237
SKM_05735,0.919661,52.554408
SKM_05736,0.551987,52.302852
SKM_05737,0.30347,52.06856
SKM_05738,0.002071,51.838921
SKM_05739,0.405415,51.609281
SKM_05740,0.099702,51.379642
SKM_05741,0.203706,51.150003
SKM_05742,0.740641,50.920363
SKM_05743,1.521196,50.690724
SKM_05744,0.661624,50.461085
SKM_05745,0.086367,50.231445
SKM_05746,0.519632,50.001806
SKM_05747,0.479512,49.772167
SKM_05748,0.220294,49.542527
SKM_05749,0.023419,49.312888
SKM_05750,0.592681,49.083248
SKM_05751,0.967733,48.853609
SKM_05752,1.592531,48.62397
SKM_05753,2.398227,48.39433
SKM_05754,2.921591,48.164691
SKM_05755,3.409691,47.935052
SKM_05756,2.677497,47.705412
SKM_05757,2.081644,47.475773
SKM_05758,1.603277,47.246134
SKM_05759,1.0198,47.022779
SKM_05760,0.202892,46.819275
SKM_05761,0.423599,46.63633
SKM_05762,0.113125,45.849334
SKM_05763,0.998658,45.050508
SKM_05764,0.568126,44.25986
SKM_05765,0.188361,43.477835
SKM_05766,0.878673,42.704906
SKM_05767,1.437636,41.941578
SKM_05768,0.891931,41.188382
SKM_05769,0.114552,40.445887
SKM_05770,0.760845,39.714691
SKM_05771,1.750351,38.99543
SKM_05772,2.589951,38.288777
SKM_05773,2.112139,37.595443
SKM_05774,1.186507,36.916179
SKM_05775,0.376848,36.251775
SKM_05776,0.56065,35.603063
SKM_05777,0.826161,34.970916
SKM_05778,0.212513,34.35625
SKM_05779,0.25176,33.760018
SKM_05780,0.561558,33.183214
SKM_05781,0.028949,32.62687
SKM_05782,0.050984,32.092048
SKM_05783,0.113462,31.579842
SKM_05784,0.531766,31.091371
SKM_05785,0.681425,30.627769
SKM_05786,0.224329,30.190183
SKM_05787,0.600375,29.779759
SKM_05788,0.273488,29.397635
SKM_05789,0.297904,29.044928
SKM_05790,0.471248,28.722722
SKM_05791,0.237963,28.432054
SKM_05792,0.038882,28.173899
SKM_05793,0.223903,27.949159
SKM_05794,0.94768,27.758645
SKM_05795,2.802118,60.608183
SKM_05796,1.855088,60.268319
SKM_05797,0.865522,59.928455
SKM_05798,0.082044,59.588591
SKM_05799,0.992396,59.248727
SKM_05800,1.628196,58.908863
SKM_05801,2.019542,58.568999
SKM_05802,2.305757,58.229135
SKM_05803,2.924805,57.889271
SKM_05804,2.291018,57.549407
SKM_05805,1.462769,57.209543
SKM_05806,0.857574,56.869679
SKM_05807,0.313772,56.529815
SKM_05808,0.077259,56.189951
SKM_05809,0.287529,55.850086
SKM_05810,0.447918,55.510222
SKM_05811,0.427405,55.170358
SKM_05812,0.565601,54.830494
SKM_05813,1.08873,54.49063
SKM_05814,1.853751,54.150766
SKM_05815,2.245567,53.810902
SKM_05816,2.023699,53.471038
SKM_05817,1.024535,53.131174
SKM_05818,0.034324,52.791997
SKM_05819,0.682889,52.465393
SKM_05820,0.984688,52.15592
SKM_05821,0.132,51.863885
SKM_05822,0.079788,51.589583
SKM_05823,0.387443,51.333299
SKM_05824,0.58527,51.095284
SKM_05825,0.54811,50.865645
SKM_05826,0.653333,50.636006
SKM_05827,0.408121,50.406366
SKM_05828,0.188516,50.176727
SKM_05829,0.921953,49.947087
SKM_05830,1.831186,49.717448
SKM_05831,1.436181,49.487809
SKM_05832,0.763729,49.258169
SKM_05833,0.302459,49.02853
SKM_05834,0.070729,48.798891
SKM_05835,0.014332,48.569251
SKM_05836,0.975183,48.339612
SKM_05837,1.362514,48.109973
SKM_05838,1.905355,47.880333
SKM_05839,2.342022,47.650694
SKM_05840,3.006661,47.421055
SKM_05841,3.7849,47.191415
SKM_05842,4.088931,46.961776
SKM_05843,3.476953,46.732137
SKM_05844,2.925018,46.502497
SKM_05845,2.34783,46.272858
SKM_05846,1.40255,46.046375
SKM_05847,0.644524,45.838536
SKM_05848,0.192215,45.651661
SKM_05849,0.729221,45.486008
SKM_05850,0.72735,45.33806
SKM_05851,0.019283,44.884451
SKM_05852,0.693825,44.113499
SKM_05853,1.559921,43.351905
SKM_05854,1.720514,42.600172
SKM_05855,1.287426,41.858828
SKM_05856,0.887352,41.128438
SKM_05857,1.318624,40.409595
SKM_05858,2.096798,39.702925
SKM_05859,2.104961,39.009091
SKM_05860,2.216417,38.328789
SKM_05861,1.217912,37.662753
SKM_05862,0.23263,37.011753
SKM_05863,0.728394,36.376596
SKM_05864,0.198427,35.758127
SKM_05865,0.227902,35.157227
SKM_05866,0.298998,34.57481
SKM_05867,0.09263,34.011827
SKM_05868,0.535503,33.469259
SKM_05869,0.136108,32.948114
SKM_05870,0.657511,32.449424
SKM_05871,0.129088,31.97424
SKM_05872,0.005976,31.523625
SKM_05873,0.094772,31.098647
SKM_05874,0.602375,30.70037
SKM_05875,0.898557,30.329847
SKM_05876,0.343446,29.988107
SKM_05877,0.115745,29.676143
SKM_05878,0.157465,29.394904
SKM_05879,0.17505,29.145278
SKM_05880,0.815784,28.928086
SKM_05881,0.125879,28.744061
SKM_05882,1.742144,60.007572
SKM_05883,1.832837,59.667708
SKM_05884,2.012627,59.327844
SKM_05885,1.04146,58.98798
SKM_05886,0.096306,58.648116
SKM_05887,0.28821,58.308252
SKM_05888,1.245031,57.968388
SKM_05889,1.022977,57.628524
SKM_05890,1.511439,57.28866
SKM_05891,2.349981,56.948796
SKM_05892,2.871671,56.608932
SKM_05893,2.223108,56.269068
SKM_05894,1.644078,55.929204
SKM_05895,1.255598,55.58934
SKM_05896,1.013041,55.249476
SKM_05897,1.179454,54.909612
SKM_05898,1.402621,54.569748
SKM_05899,1.397186,54.229884
SKM_05900,1.519795,53.89002
SKM_05901,1.860318,53.550156
SKM_05902,1.97458,53.210292
SKM_05903,1.669152,52.870428
SKM_05904,1.829487,52.530564
SKM_05905,1.371396,52.1907
SKM_05906,0.620257,51.850836
SKM_05907,0.154546,51.518314
SKM_05908,0.351859,51.203118
SKM_05909,0.013142,50.905617
SKM_05910,0.051399,50.626123
SKM_05911,0.00267,50.364937
SKM_05912,0.184516,50.122345
SKM_05913,0.341282,49.892369
SKM_05914,0.707504,49.66273
SKM_05915,0.867521,49.43309
SKM_05916,0.163942,49.203451
SKM_05917,0.633354,48.973812
SKM_05918,1.555554,48.744172
SKM_05919,1.434082,48.514533
SKM_05920,0.629433,48.284894
SKM_05921,0.642143,48.055254
SKM_05922,0.354362,47.825615
SKM_05923,0.468043,47.595976
SKM_05924,1.261176,47.366336
SKM_05925,2.168223,47.136697
SKM_05926,2.773119,46.907058
SKM_05927,3.203746,46.677418
SKM_05928,3.738423,46.447779
SKM_05929,3.554123,46.21814
SKM_05930,3.402279,45.9885
SKM_05931,3.53825,45.758861
SKM_05932,3.638236,45.529221
SKM_05933,2.773374,45.299582
SKM_05934,2.035297,45.071005
SKM_05935,1.348054,44.858648
SKM_05936,0.373473,44.667674
SKM_05937,0.495968,44.498358
SKM_05938,0.364847,44.348796
SKM_05939,0.514995,44.20266
SKM_05940,0.750403,44.056525
SKM_05941,0.797705,43.91039
SKM_05942,0.861437,43.271853
SKM_05943,0.364102,42.542217
SKM_05944,0.113146,41.823762
SKM_05945,1.054387,41.117077
SKM_05946,1.652631,40.422777
SKM_05947,1.117444,39.741513
SKM_05948,1.297142,39.073965
SKM_05949,1.069043,38.420849
SKM_05950,0.076587,37.782913
SKM_05951,0.868492,37.16094
SKM_05952,0.664471,36.555743
SKM_05953,0.296492,35.96817
SKM_05954,0.233597,35.399098
SKM_05955,0.138452,34.849434
SKM_05956,0.033335,34.32011
SKM_05957,0.270992,33.812082
SKM_05958,0.042948,33.326323
SKM_05959,0.254798,32.86382
SKM_05960,0.031111,32.42557
SKM_05961,0.204512,32.012568
SKM_05962,0.181583,31.625803
SKM_05963,0.485722,31.266249
SKM_05964,0.635966,30.934854
SKM_05965,0.685772,30.632534
SKM_05966,0.066526,30.360155
SKM_05967,0.201887,30.118531
SKM_05968,0.511113,29.908408
SKM_05969,0.048018,29.730452
SKM_05970,0.764567,59.067098
SKM_05971,0.930977,58.727234
SKM_05972,1.726229,58.38737
SKM_05973,1.484871,58.047506
SKM_05974,0.840244,57.707641
SKM_05975,0.083178,57.367777
SKM_05976,0.391067,57.027913
SKM_05977,0.120058,56.688049
SKM_05978,1.119097,56.348185
SKM_05979,2.119043,56.008321
SKM_05980,3.054853,55.668457
SKM_05981,3.000851,55.328593
SKM_05982,2.541452,54.988729
SKM_05983,2.198282,54.648865
SKM_05984,2.00955,54.309001
SKM_05985,2.130385,53.969137
SKM_05986,2.376165,53.629273
SKM_05987,1.600167,53.289409
SKM_05988,1.214457,52.949545
SKM_05989,1.545729,52.609681
SKM_05990,1.022603,52.269817
SKM_05991,0.69048,51.929953
SKM_05992,1.018683,51.590089
SKM_05993,1.282262,51.250225
SKM_05994,0.457045,50.910361
SKM_05995,0.027859,50.573273
SKM_05996,0.363196,50.25215
SKM_05997,0.739561,49.948985
SKM_05998,1.048745,49.664108
SKM_05999,0.379588,49.397836
SKM_06000,0.950138,49.15047
SKM_06001,1.328233,48.919093
SKM_06002,1.604456,48.689454
SKM_06003,1.09619,48.459815
SKM_06004,0.424188,48.230175
SKM_06005,0.291458,48.000536
SKM_06006,1.006393,47.770897
SKM_06007,1.408851,47.541257
SKM_06008,0.56961,47.311618
SKM_06009,0.336655,47.081979
SKM_06010,0.233143,46.852339
SKM_06011,0.601763,46.6227
SKM_06012,1.584027,46.39306
SKM_06013,2.574648,46.163421
SKM_06014,3.408263,45.933782
SKM_06015,3.481797,45.704142
SKM_06016,3.143844,45.474503
SKM_06017,2.612942,45.244864
SKM_06018,2.402327,45.015224
SKM_06019,2.59131,44.785585
SKM_06020,3.104003,44.555946
SKM_06021,2.91729,44.326306
SKM_06022,2.523915,44.096739
SKM_06023,1.611386,43.879667
SKM_06024,0.82843,43.684413
SKM_06025,0.165093,43.511271
SKM_06026,0.066005,43.359531
SKM_06027,0.09903,43.213396
SKM_06028,0.233911,43.06726
SKM_06029,0.11631,42.921125
SKM_06030,0.029358,42.77499
SKM_06031,0.478936,42.628855
SKM_06032,0.895932,42.482719
SKM_06033,1.520732,41.8365
SKM_06034,1.244592,41.154339
SKM_06035,0.257878,40.485386
SKM_06036,0.457831,39.830308
SKM_06037,0.816135,39.189799
SKM_06038,0.042844,38.564585
SKM_06039,0.674583,37.955423
SKM_06040,0.507582,37.363097
SKM_06041,0.00739,36.788421
SKM_06042,0.029506,36.232235
SKM_06043,0.010163,35.695402
SKM_06044,0.120051,35.17881
SKM_06045,0.159528,34.683361
SKM_06046,0.550921,34.209976
SKM_06047,0.106964,33.759582
SKM_06048,0.118013,33.333111
SKM_06049,0.400285,32.931492
SKM_06050,0.117454,32.555646
SKM_06051,0.258624,32.206474
SKM_06052,0.154977,31.884854
SKM_06053,0.054094,31.591626
SKM_06054,0.213587,31.327587
SKM_06055,0.166438,31.093482
SKM_06056,0.266677,30.889991
SKM_06057,0.019531,30.717722
SKM_06058,0.354303,58.126623
SKM_06059,0.510299,57.786759
SKM_06060,1.459952,57.446895
SKM_06061,1.788569,57.107031
SKM_06062,1.484743,56.767167
SKM_06063,0.885051,56.427303
SKM_06064,0.448038,56.087439
SKM_06065,0.063057,55.747575
SKM_06066,1.022984,55.407711
SKM_06067,1.770644,55.067847
SKM_06068,2.085457,54.727983
SKM_06069,2.010287,54.388119
SKM_06070,2.212973,54.048255
SKM_06071,2.120362,53.708391
SKM_06072,2.159695,53.368527
SKM_06073,1.833008,53.028663
SKM_06074,1.604597,52.688799
SKM_06075,1.064485,52.348935
SKM_06076,0.217949,52.009071
SKM_06077,0.980752,51.669207
SKM_06078,0.430784,51.329343
SKM_06079,0.128338,50.989479
SKM_06080,0.816631,50.649615
SKM_06081,0.826591,50.309751
SKM_06082,0.124333,49.969887
SKM_06083,0.72343,49.630386
SKM_06084,1.337029,49.303122
SKM_06085,1.708804,48.994085
SKM_06086,1.762161,48.703623
SKM_06087,1.365242,48.43207
SKM_06088,1.619433,48.179747
SKM_06089,2.315637,47.945817
SKM_06090,1.540705,47.716178
SKM_06091,0.541095,47.486539
SKM_06092,0.269754,47.256899
SKM_06093,0.097249,47.02726
SKM_06094,0.356601,46.797621
SKM_06095,1.079802,46.567981
SKM_06096,1.325999,46.338342
SKM_06097,0.997265,46.108703
SKM_06098,0.137911,45.879063
SKM_06099,0.642455,45.649424
SKM_06100,1.591157,45.419785
SKM_06101,2.577754,45.190145
SKM_06102,2.411329,44.960506
SKM_06103,2.513369,44.730867
SKM_06104,2.46565,44.501227
SKM_06105,1.738718,44.271588
SKM_06106,1.402445,44.041949
SKM_06107,1.706037,43.812309
SKM_06108,2.273162,43.58267
SKM_06109,1.976717,43.353031
SKM_06110,1.811219,43.123391
SKM_06111,1.53106,42.901656
SKM_06112,1.150977,42.70193
SKM_06113,0.245558,42.524788
SKM_06114,0.392332,42.370266
SKM_06115,0.325825,42.224131
SKM_06116,0.655612,42.077996
SKM_06117,0.871978,41.931861
SKM_06118,0.927459,41.785725
SKM_06119,1.343005,41.63959
SKM_06120,1.785372,41.493455
SKM_06121,1.736752,41.34732
SKM_06122,1.538451,41.201184
SKM_06123,0.931563,41.055049
SKM_06124,0.435687,40.597193
SKM_06125,0.094275,39.968975
SKM_06126,0.32485,39.356142
SKM_06127,0.282861,38.759422
SKM_06128,0.371823,38.179572
SKM_06129,0.397172,37.617371
SKM_06130,0.03959,37.073623
SKM_06131,0.134227,36.549151
SKM_06132,0.266927,36.044796
SKM_06133,0.328661,35.561415
SKM_06134,0.015428,35.099874
SKM_06135,0.187432,34.661045
SKM_06136,0.289686,34.245802
SKM_06137,0.155998,33.855012
SKM_06138,0.193266,33.489532
SKM_06139,0.269129,33.150199
SKM_06140,0.099838,32.837822
SKM_06141,0.185516,32.553179
SKM_06142,0.415609,32.297003
SKM_06143,0.561303,32.069975
SKM_06144,0.857471,31.872719
SKM_06145,1.338952,57.526012
SKM_06146,0.380571,57.186148
SKM_06147,0.163089,56.846284
SKM_06148,0.599583,56.50642
SKM_06149,0.910145,56.166556
SKM_06150,0.880572,55.826692
SKM_06151,0.339532,55.486828
SKM_06152,0.049676,55.146964
SKM_06153,0.041282,54.8071
SKM_06154,0.59044,54.467236
SKM_06155,0.886843,54.127372
SKM_06156,1.113388,53.787508
SKM_06157,1.037981,53.447644
SKM_06158,1.228185,53.10778
SKM_06159,1.124361,52.767916
SKM_06160,1.184161,52.428052
SKM_06161,0.987771,52.088188
SKM_06162,0.60755,51.748324
SKM_06163,0.636108,51.40846
SKM_06164,0.223042,51.068596
SKM_06165,0.519602,50.728732
SKM_06166,0.458088,50.388868
SKM_06167,0.293685,50.049004
SKM_06168,0.182015,49.70914
SKM_06169,0.257083,49.369276
SKM_06170,0.057015,49.029412
SKM_06171,0.35565,48.689548
SKM_06172,1.041077,48.356148
SKM_06173,1.771438,48.04102
SKM_06174,2.230999,47.744761
SKM_06175,2.182804,47.467723
SKM_06176,2.30566,47.210245
SKM_06177,2.164032,46.972542
SKM_06178,1.439445,46.742902
SKM_06179,0.936123,46.513263
SKM_06180,0.150955,46.283624
SKM_06181,0.527412,46.053984
SKM_06182,0.204949,45.824345
SKM_06183,0.328407,45.594706
SKM_06184,0.338577,45.365066
SKM_06185,0.29541,45.135427
SKM_06186,0.036099,44.905788
SKM_06187,0.926798,44.676148
SKM_06188,1.919372,44.446509
SKM_06189,1.851289,44.21687
SKM_06190,1.418719,43.98723
SKM_06191,1.576396,43.757591
SKM_06192,2.067633,43.527951
SKM_06193,1.104,43.298312
SKM_06194,0.403146,43.068673
SKM_06195,0.90069,42.839033
SKM_06196,1.56172,42.609394
SKM_06197,1.142032,42.379755
SKM_06198,0.823007,42.150115
SKM_06199,0.684615,41.924682
SKM_06200,0.568713,41.72028
SKM_06201,0.031146,41.538952
SKM_06202,0.166385,41.381002
SKM_06203,0.448469,41.234866
SKM_06204,0.307693,41.088731
SKM_06205,0.072443,40.942596
SKM_06206,0.464797,40.796461
SKM_06207,1.351358,40.650325
SKM_06208,1.059024,40.50419
SKM_06209,0.756412,40.358055
SKM_06210,0.931781,40.21192
SKM_06211,0.348377,40.065784
SKM_06212,0.502896,39.919649
SKM_06213,0.068037,39.773514
SKM_06214,0.752757,39.627379
SKM_06215,1.270814,39.481244
SKM_06216,1.273274,39.004594
SKM_06217,0.368013,38.454457
SKM_06218,0.030633,37.922714
SKM_06219,0.411906,37.410147
SKM_06220,0.098017,36.917557
SKM_06221,0.382128,36.445753
SKM_06222,0.189546,35.995553
SKM_06223,0.366253,35.567777
SKM_06224,0.176016,35.163243
SKM_06225,0.317568,34.782762
SKM_06226,0.28779,34.427132
SKM_06227,0.731235,34.097131
SKM_06228,0.195013,33.793509
SKM_06229,0.587703,33.516983
SKM_06230,0.544034,33.268229
SKM_06231,0.448779,33.047874
SKM_06232,0.740338,32.856489
SKM_06233,1.383623,56.585538
SKM_06234,0.440382,56.245674
SKM_06235,0.006496,55.90581
SKM_06236,0.395615,55.565946
SKM_06237,0.013362,55.226082
SKM_06238,0.022581,54.886218
SKM_06239,0.336317,54.546354
SKM_06240,0.900094,54.20649
SKM_06241,0.740822,53.866626
SKM_06242,0.295569,53.526762
SKM_06243,0.028105,53.186898
SKM_06244,0.139396,52.847034
SKM_06245,0.155312,52.50717
SKM_06246,0.316359,52.167306
SKM_06247,0.148707,51.827442
SKM_06248,0.211721,51.487578
SKM_06249,0.097569,51.147714
SKM_06250,0.163639,50.80785
SKM_06251,0.204739,50.467986
SKM_06252,0.352567,50.128122
SKM_06253,0.443322,49.788257
SKM_06254,0.515873,49.448393
SKM_06255,0.386192,49.108529
SKM_06256,0.088359,48.768665
SKM_06257,0.642495,48.428801
SKM_06258,0.722825,48.088937
SKM_06259,0.310284,47.749073
SKM_06260,0.400609,47.411353
SKM_06261,0.940799,47.089902
SKM_06262,1.385451,46.787621
SKM_06263,1.192531,46.504881
SKM_06264,1.404836,46.242043
SKM_06265,1.607655,45.999447
SKM_06266,0.750139,45.769627
SKM_06267,0.025445,45.539987
SKM_06268,0.23947,45.310348
SKM_06269,0.395078,45.080709
SKM_06270,0.63125,44.851069
SKM_06271,0.627616,44.62143
SKM_06272,0.530274,44.39179
SKM_06273,0.592624,44.162151
SKM_06274,0.004612,43.932512
SKM_06275,0.735321,43.702872
SKM_06276,0.978643,43.473233
SKM_06277,1.124501,43.243594
SKM_06278,0.459052,43.013954
SKM_06279,0.791948,42.784315
SKM_06280,1.720076,42.554676
SKM_06281,1.189324,42.325036
SKM_06282,0.343604,42.095397
SKM_06283,0.259544,41.865758
SKM_06284,0.980172,41.636118
SKM_06285,0.457493,41.406479
SKM_06286,0.082125,41.17684
SKM_06287,0.046893,40.94882
SKM_06288,0.360177,40.739522
SKM_06289,0.419578,40.553809
SKM_06290,0.151803,40.392006
SKM_06291,0.898202,40.245602
SKM_06292,0.930858,40.099467
SKM_06293,0.771985,39.953331
SKM_06294,0.71742,39.807196
SKM_06295,1.303865,39.661061
SKM_06296,0.444961,39.514926
SKM_06297,0.331966,39.36879
SKM_06298,0.978206,39.222655
SKM_06299,0.635003,39.07652
SKM_06300,0.359658,38.930385
SKM_06301,0.178138,38.784249
SKM_06302,1.008595,38.638114
SKM_06303,1.48515,38.491979
SKM_06304,0.516677,38.354823
SKM_06305,0.485545,38.243001
SKM_06306,0.805376,38.157067
SKM_06307,0.54138,38.097185
SKM_06308,0.003813,37.796623
SKM_06309,0.137313,37.335929
SKM_06310,0.464449,36.896592
SKM_06311,0.216269,36.479383
SKM_06312,0.717499,36.085071
SKM_06313,0.113718,35.714412
SKM_06314,0.19929,35.368151
SKM_06315,0.018443,35.047012
SKM_06316,0.949482,34.482849
SKM_06317,0.069087,34.241112
SKM_06318,1.127445,55.645063
SKM_06319,1.15774,55.305199
SKM_06320,1.00432,54.965335
SKM_06321,1.273851,54.625471
SKM_06322,0.999588,54.285607
SKM_06323,0.980126,53.945743
SKM_06324,1.286733,53.605879
SKM_06325,1.69929,53.266015
SKM_06326,1.589981,52.926151
SKM_06327,1.292853,52.586287
SKM_06328,0.971333,52.246423
SKM_06329,0.6253,51.906559
SKM_06330,0.303065,51.566695
SKM_06331,0.647949,51.226831
SKM_06332,0.838751,50.886967
SKM_06333,0.738551,50.547103
SKM_06334,0.873717,50.207239
SKM_06335,1.145604,49.867375
SKM_06336,1.196278,49.527511
SKM_06337,1.324509,49.187647
SKM_06338,1.435602,48.847783
SKM_06339,1.453813,48.507919
SKM_06340,0.765133,48.168055
SKM_06341,0.126956,47.828191
SKM_06342,1.056728,47.488327
SKM_06343,1.687374,47.148463
SKM_06344,1.013591,46.808599
SKM_06345,0.179838,46.468867
SKM_06346,0.067657,46.140851
SKM_06347,0.464948,45.832311
SKM_06348,0.245892,45.543641
SKM_06349,0.794395,45.275223
SKM_06350,1.576729,45.027418
SKM_06351,0.681342,44.796351
SKM_06352,0.65541,44.566711
SKM_06353,1.233207,44.337072
SKM_06354,1.317645,44.107433
SKM_06355,0.855853,43.877793
SKM_06356,0.606952,43.648154
SKM_06357,0.107092,43.418515
SKM_06358,0.248916,43.188875
SKM_06359,0.658648,42.959236
SKM_06360,0.130202,42.729597
SKM_06361,0.187642,42.499957
SKM_06362,0.651253,42.270318
SKM_06363,0.11273,42.040679
SKM_06364,0.87712,41.811039
SKM_06365,1.760914,41.5814
SKM_06366,1.743578,41.351761
SKM_06367,1.044987,41.122121
SKM_06368,0.119512,40.892482
SKM_06369,0.246266,40.662843
SKM_06370,0.318773,40.433203
SKM_06371,0.737118,40.203564
SKM_06372,0.911899,39.974151
SKM_06373,1.084344,39.759722
SKM_06374,0.202218,39.569411
SKM_06375,0.294301,39.403567
SKM_06376,0.401747,39.256337
SKM_06377,0.005118,39.110202
SKM_06378,0.271025,38.964067
SKM_06379,1.153259,38.817931
SKM_06380,0.644901,38.671796
SKM_06381,0.103025,38.525661
SKM_06382,0.347523,38.379526
SKM_06383,0.020075,38.23339
SKM_06384,0.074479,38.087255
SKM_06385,0.044339,37.94112
SKM_06386,0.063649,37.794985
SKM_06387,1.061051,37.64885
SKM_06388,1.556469,37.502714
SKM_06389,0.61755,37.362836
SKM_06390,0.281891,37.248036
SKM_06391,0.37185,37.159801
SKM_06392,0.352893,37.098321
SKM_06393,0.141002,37.050735
SKM_06394,0.127373,37.003153
SKM_06395,0.258953,36.955571
SKM_06396,0.486167,36.907989
SKM_06397,0.06207,36.860407
SKM_06398,0.217338,54.704589
SKM_06399,0.962647,54.364725
SKM_06400,1.942743,54.024861
SKM_06401,2.176224,53.684997
SKM_06402,1.992927,53.345133
SKM_06403,1.970315,53.005269
SKM_06404,2.245354,52.665405
SKM_06405,2.563739,52.325541
SKM_06406,2.514611,51.985677
SKM_06407,2.176802,51.645812
SKM_06408,1.769171,51.305948
SKM_06409,0.912523,50.966084
SKM_06410,0.731731,50.62622
SKM_06411,1.493826,50.286356
SKM_06412,1.793862,49.946492
SKM_06413,1.736612,49.606628
SKM_06414,1.872042,49.266764
SKM_06415,2.043729,48.9269
SKM_06416,2.195227,48.587036
SKM_06417,2.316567,48.247172
SKM_06418,1.893366,47.907308
SKM_06419,0.902617,47.567444
SKM_06420,0.081382,47.22758
SKM_06421,0.599161,46.887716
SKM_06422,1.412163,46.547852
SKM_06423,2.250414,46.207988
SKM_06424,1.353066,45.868124
SKM_06425,0.398876,45.52826
SKM_06426,0.537439,45.193998
SKM_06427,0.414424,44.878948
SKM_06428,0.553255,44.584106
SKM_06429,0.976462,44.309876
SKM_06430,1.897594,44.056641
SKM_06431,1.538098,43.823075
SKM_06432,0.879685,43.593436
SKM_06433,0.612817,43.363796
SKM_06434,0.445775,43.134157
SKM_06435,0.085227,42.904518
SKM_06436,0.393029,42.674878
SKM_06437,0.615705,42.445239
SKM_06438,0.427983,42.2156
SKM_06439,0.751173,41.98596
SKM_06440,0.614073,41.756321
SKM_06441,0.032401,41.526681
SKM_06442,0.212452,41.297042
SKM_06443,0.392242,41.067403
SKM_06444,0.80752,40.837763
SKM_06445,1.308084,40.608124
SKM_06446,0.922238,40.378485
SKM_06447,0.412207,40.148845
SKM_06448,0.261889,39.919206
SKM_06449,0.388304,39.689567
SKM_06450,1.129258,39.459927
SKM_06451,1.437074,39.230288
SKM_06452,1.796475,39.000649
SKM_06453,1.3007,38.780954
SKM_06454,0.53989,38.585816
SKM_06455,0.306224,38.415725
SKM_06456,1.198634,38.267073
SKM_06457,0.907606,38.120937
SKM_06458,1.239105,37.974802
SKM_06459,0.767146,37.828667
SKM_06460,0.617344,37.682532
SKM_06461,0.271985,37.536396
SKM_06462,0.569248,37.390261
SKM_06463,0.95342,37.244126
SKM_06464,1.060263,37.097991
SKM_06465,0.944799,36.951855
SKM_06466,0.011593,36.80572
SKM_06467,0.877468,36.659585
SKM_06468,1.27453,36.51345
SKM_06469,0.342702,36.371288
SKM_06470,0.478329,36.253348
SKM_06471,0.279824,36.162686
SKM_06472,0.259845,36.099509
SKM_06473,0.35742,36.051868
SKM_06474,0.29758,36.004286
SKM_06475,0.651508,35.956704
SKM_06476,0.002748,54.103978
SKM_06477,0.270853,53.764114
SKM_06478,1.150944,53.42425
SKM_06479,2.057352,53.084386
SKM_06480,2.642097,52.744522
SKM_06481,2.698621,52.404658
SKM_06482,2.90708,52.064794
SKM_06483,2.952732,51.72493
SKM_06484,3.157904,51.385066
SKM_06485,3.451288,51.045202
SKM_06486,3.116237,50.705338
SKM_06487,2.326728,50.365474
SKM_06488,1.765332,50.02561
SKM_06489,1.679027,49.685746
SKM_06490,2.126467,49.345882
SKM_06491,2.778884,49.006018
SKM_06492,2.73609,48.666154
SKM_06493,2.86653,48.32629
SKM_06494,2.650764,47.986426
SKM_06495,2.701115,47.646562
SKM_06496,2.565921,47.306698
SKM_06497,2.03227,46.966834
SKM_06498,1.163901,46.62697
SKM_06499,0.76106,46.287106
SKM_06500,1.25206,45.947242
SKM_06501,2.002948,45.607378
SKM_06502,2.068178,45.267514
SKM_06503,1.068845,44.92765
SKM_06504,0.083706,44.587786
SKM_06505,0.67025,44.249483
SKM_06506,1.349591,43.927659
SKM_06507,1.469283,43.626389
SKM_06508,1.732715,43.3461
SKM_06509,2.376907,43.087201
SKM_06510,1.495578,42.849799
SKM_06511,0.539043,42.62016
SKM_06512,0.335906,42.39052
SKM_06513,0.422786,42.160881
SKM_06514,0.492492,41.931242
SKM_06515,1.325568,41.701602
SKM_06516,1.250697,41.471963
SKM_06517,0.413017,41.242324
SKM_06518,0.212555,41.012684
SKM_06519,0.163877,40.783045
SKM_06520,0.719003,40.553406
SKM_06521,0.888697,40.323766
SKM_06522,0.508277,40.094127
SKM_06523,0.071495,39.864488
SKM_06524,0.430332,39.634848
SKM_06525,0.055371,39.405209
SKM_06526,0.368257,39.17557
SKM_06527,0.006486,38.94593
SKM_06528,0.496783,38.716291
SKM_06529,0.641723,38.486652
SKM_06530,0.442279,38.257012
SKM_06531,1.165226,38.027373
SKM_06532,1.131934,37.803297
SKM_06533,0.202813,37.603086
SKM_06534,0.059974,37.42853
SKM_06535,0.930849,37.277808
SKM_06536,1.63452,37.131673
SKM_06537,1.010403,36.985537
SKM_06538,0.120322,36.839402
SKM_06539,0.219988,36.693267
SKM_06540,0.028323,36.547132
SKM_06541,0.981728,36.400996
SKM_06542,1.341854,36.254861
SKM_06543,0.857795,36.108726
SKM_06544,0.252929,35.962591
SKM_06545,0.267512,35.816456
SKM_06546,1.203735,35.67032
SKM_06547,0.997544,35.524185
SKM_06548,0.134852,35.380216
SKM_06549,0.51409,35.258961
SKM_06550,0.485899,35.165736
SKM_06551,0.27828,35.100763
SKM_06552,0.27238,35.053001
SKM_06553,0.314808,35.005418
SKM_06554,0.599169,34.957836
SKM_06555,0.808827,53.163503
SKM_06556,0.964283,52.823639
SKM_06557,1.165513,52.483775
SKM_06558,1.35942,52.143911
SKM_06559,1.701708,51.804047
SKM_06560,1.699395,51.464183
SKM_06561,2.014077,51.124319
SKM_06562,1.954128,50.784455
SKM_06563,2.252187,50.444591
SKM_06564,2.877704,50.104727
SKM_06565,3.561618,49.764863
SKM_06566,3.114059,49.424999
SKM_06567,2.720312,49.085135
SKM_06568,2.665114,48.745271
SKM_06569,2.738645,48.405407
SKM_06570,2.891274,48.065543
SKM_06571,2.36423,47.725679
SKM_06572,1.901896,47.385815
SKM_06573,1.663685,47.045951
SKM_06574,1.740116,46.706087
SKM_06575,1.600575,46.366223
SKM_06576,1.470957,46.026359
SKM_06577,1.476409,45.686495
SKM_06578,1.544718,45.346631
SKM_06579,1.739943,45.006767
SKM_06580,2.106827,44.666903
SKM_06581,2.296758,44.327039
SKM_06582,1.347371,43.987175
SKM_06583,0.349993,43.647311
SKM_06584,0.458963,43.307459
SKM_06585,1.100271,42.978582
SKM_06586,1.481836,42.670611
SKM_06587,1.5722,42.384002
SKM_06588,1.6735,42.11919
SKM_06589,1.937389,41.876589
SKM_06590,1.344355,41.646884
SKM_06591,1.288682,41.417245
SKM_06592,0.917279,41.187605
SKM_06593,1.028443,40.957966
SKM_06594,1.809416,40.728327
SKM_06595,1.0731,40.498687
SKM_06596,0.379717,40.269048
SKM_06597,0.515911,40.039409
SKM_06598,1.039791,39.809769
SKM_06599,1.555743,39.58013
SKM_06600,1.727417,39.350491
SKM_06601,1.218087,39.120851
SKM_06602,0.245736,38.891212
SKM_06603,0.462504,38.661573
SKM_06604,0.012331,38.431933
SKM_06605,0.466156,38.202294
SKM_06606,0.848566,37.972654
SKM_06607,0.076815,37.743015
SKM_06608,0.001861,37.513376
SKM_06609,0.513695,37.283736
SKM_06610,1.21991,37.054097
SKM_06611,0.954655,36.826841
SKM_06612,0.228331,36.621291
SKM_06613,0.016749,36.442033
SKM_06614,0.229478,36.288543
SKM_06615,1.208215,36.142408
SKM_06616,1.338883,35.996273
SKM_06617,0.354587,35.850138
SKM_06618,0.291524,35.704002
SKM_06619,0.063904,35.557867
SKM_06620,0.540479,35.411732
SKM_06621,0.430106,35.265597
SKM_06622,0.241683,35.119461
SKM_06623,0.444418,34.973326
SKM_06624,1.062913,34.827191
SKM_06625,0.746156,34.681056
SKM_06626,0.583654,34.53492
SKM_06627,0.138037,34.389661
SKM_06628,0.116513,34.2649
SKM_06629,0.393324,34.168963
SKM_06630,0.068003,34.102092
SKM_06631,0.161371,34.054133
SKM_06632,0.163788,34.006551
SKM_06633,0.379075,33.958969
SKM_06634,0.438257,52.223029
SKM_06635,0.23889,51.883165
SKM_06636,0.169787,51.543301
SKM_06637,0.422781,51.203437
SKM_06638,0.900524,50.863573
SKM_06639,0.702379,50.523709
SKM_06640,1.289146,50.183845
SKM_06641,0.958439,49.843981
SKM_06642,1.46384,49.504117
SKM_06643,2.152024,49.164253
SKM_06644,2.890667,48.824389
SKM_06645,2.857486,48.484525
SKM_06646,2.702982,48.144661
SKM_06647,2.040931,47.804797
SKM_06648,1.739164,47.464933
SKM_06649,1.970783,47.125069
SKM_06650,1.688473,46.785205
SKM_06651,0.977735,46.445341
SKM_06652,0.685966,46.105477
SKM_06653,0.871259,45.765613
SKM_06654,0.728067,45.425749
SKM_06655,0.472212,45.085885
SKM_06656,0.509871,44.746021
SKM_06657,0.556078,44.406157
SKM_06658,0.830844,44.066293
SKM_06659,1.283798,43.726428
SKM_06660,1.494733,43.386564
SKM_06661,0.993939,43.0467
SKM_06662,0.346193,42.706836
SKM_06663,0.182264,42.366972
SKM_06664,0.186527,42.031866
SKM_06665,0.755238,41.716907
SKM_06666,0.630616,41.4237
SKM_06667,0.853625,41.152709
SKM_06668,1.748561,40.904376
SKM_06669,1.414624,40.673608
SKM_06670,1.387029,40.443969
SKM_06671,1.796484,40.21433
SKM_06672,1.927805,39.98469
SKM_06673,1.861968,39.755051
SKM_06674,0.894347,39.525412
SKM_06675,0.364401,39.295772
SKM_06676,0.997662,39.066133
SKM_06677,1.746922,38.836493
SKM_06678,2.157946,38.606854
SKM_06679,1.928414,38.377215
SKM_06680,0.928485,38.147575
SKM_06681,0.071445,37.917936
SKM_06682,1.013645,37.688297
SKM_06683,0.64646,37.458657
SKM_06684,1.125039,37.229018
SKM_06685,0.775618,36.999379
SKM_06686,0.995186,36.769739
SKM_06687,0.928131,36.5401
SKM_06688,0.780676,36.310461
SKM_06689,0.805991,36.080821
SKM_06690,0.408871,35.851682
SKM_06691,0.536179,35.640509
SKM_06692,0.857883,35.456292
SKM_06693,0.100032,35.299279
SKM_06694,0.987161,35.153143
SKM_06695,1.47915,35.007008
SKM_06696,0.595404,34.860873
SKM_06697,0.272103,34.714738
SKM_06698,0.766227,34.568602
SKM_06699,0.206085,34.422467
SKM_06700,0.374693,34.276332
SKM_06701,0.570466,34.130197
SKM_06702,1.120051,33.984062
SKM_06703,1.134458,33.837926
SKM_06704,0.490194,33.691791
SKM_06705,0.409105,33.545656
SKM_06706,0.240355,33.399668
SKM_06707,0.293226,33.271196
SKM_06708,0.933285,33.172385
SKM_06709,0.891375,33.1035
SKM_06710,0.100379,33.055266
SKM_06711,0.676795,33.007684
SKM_06712,0.602813,32.960102
SKM_06713,0.119572,51.283625
SKM_06714,0.057077,50.94269
SKM_06715,0.330013,50.262962
SKM_06716,0.006775,49.923098
SKM_06717,0.041756,49.583234
SKM_06718,0.874565,49.24337
SKM_06719,0.056352,48.903506
SKM_06720,0.759797,48.563642
SKM_06721,1.696475,48.223778
SKM_06722,1.8908,47.883914
SKM_06723,1.859017,47.54405
SKM_06724,1.778853,47.204186
SKM_06725,1.299969,46.864322
SKM_06726,0.741088,46.524458
SKM_06727,1.186804,46.184594
SKM_06728,1.453376,45.84473
SKM_06729,0.466179,45.504866
SKM_06730,0.213412,45.165002
SKM_06731,0.06757,44.825138
SKM_06732,0.198108,44.485274
SKM_06733,0.484305,44.14541
SKM_06734,0.456216,43.805546
SKM_06735,0.38486,43.465682
SKM_06736,0.046724,43.125818
SKM_06737,0.498886,42.785954
SKM_06738,0.733082,42.44609
SKM_06739,0.085276,42.106226
SKM_06740,0.329187,41.766362
SKM_06741,0.970695,41.426498
SKM_06742,0.637845,41.087675
SKM_06743,0.245001,40.765422
SKM_06744,0.161017,40.465321
SKM_06745,0.810402,40.187868
SKM_06746,1.235481,39.933536
SKM_06747,0.521123,39.700332
SKM_06748,0.439572,39.470693
SKM_06749,1.129516,39.241054
SKM_06750,1.937392,39.011414
SKM_06751,2.261689,38.781775
SKM_06752,1.564663,38.552136
SKM_06753,1.334579,38.322496
SKM_06754,0.798986,38.092857
SKM_06755,0.793195,37.863218
SKM_06756,1.354729,37.633578
SKM_06757,1.051542,37.403939
SKM_06758,0.719208,37.1743
SKM_06759,0.016899,36.94466
SKM_06760,1.016595,36.715021
SKM_06761,1.643728,36.485382
SKM_06762,0.995607,36.255742
SKM_06763,0.104356,36.026103
SKM_06764,0.83462,35.796464
SKM_06765,0.07546,35.566824
SKM_06766,0.440378,35.337185
SKM_06767,0.099652,35.107546
SKM_06768,0.49525,34.877906
SKM_06769,0.685622,34.660824
SKM_06770,1.156725,34.471372
SKM_06771,0.189161,34.310032
SKM_06772,0.806576,34.163879
SKM_06773,1.072562,34.017744
SKM_06774,0.329414,33.871608
SKM_06775,0.056437,33.725473
SKM_06776,0.122907,33.579338
SKM_06777,0.084118,33.433203
SKM_06778,0.037486,33.287067
SKM_06779,0.346943,33.140932
SKM_06780,0.503381,32.994797
SKM_06781,0.304238,32.848662
SKM_06782,0.052738,32.702526
SKM_06783,0.706742,32.556391
SKM_06784,1.065223,32.410256
SKM_06785,0.383961,32.27788
SKM_06786,0.262545,32.176018
SKM_06787,0.958335,32.104997
SKM_06788,0.122405,32.056399
SKM_06789,0.92979,32.008816
SKM_06790,0.460286,31.961234
SKM_06791,0.429439,48.64276
SKM_06792,0.110579,48.302896
SKM_06793,0.153401,47.963032
SKM_06794,0.845963,47.623168
SKM_06795,1.047499,47.283304
SKM_06796,0.891233,46.94344
SKM_06797,0.863407,46.603576
SKM_06798,0.779946,46.263712
SKM_06799,0.866298,45.923848
SKM_06800,0.15911,45.583983
SKM_06801,0.833897,45.244119
SKM_06802,1.832619,44.904255
SKM_06803,1.21601,44.564391
SKM_06804,0.65331,44.224527
SKM_06805,0.826364,43.884663
SKM_06806,0.782382,43.544799
SKM_06807,1.167469,43.204935
SKM_06808,1.32523,42.865071
SKM_06809,1.318938,42.525207
SKM_06810,0.767555,42.185343
SKM_06811,0.423444,41.845479
SKM_06812,0.109354,41.505615
SKM_06813,0.389559,41.165751
SKM_06814,1.17956,40.825887
SKM_06815,1.71737,40.486023
SKM_06816,0.805394,40.146159
SKM_06817,0.126009,39.816314
SKM_06818,0.852036,39.509004
SKM_06819,1.041464,39.224788
SKM_06820,0.507624,38.96417
SKM_06821,0.150566,38.727057
SKM_06822,0.229994,38.497417
SKM_06823,0.663384,38.267778
SKM_06824,1.663364,38.038139
SKM_06825,2.141591,37.808499
SKM_06826,1.547694,37.57886
SKM_06827,1.066099,37.349221
SKM_06828,0.170646,37.119581
SKM_06829,0.031065,36.889942
SKM_06830,0.540926,36.660303
SKM_06831,0.067074,36.430663
SKM_06832,0.009658,36.201024
SKM_06833,0.153656,35.971384
SKM_06834,1.083228,35.741745
SKM_06835,1.443243,35.512106
SKM_06836,0.753771,35.282466
SKM_06837,0.191845,35.052827
SKM_06838,1.156777,34.823188
SKM_06839,0.512355,34.593548
SKM_06840,0.034351,34.363909
SKM_06841,0.429431,34.13427
SKM_06842,1.178874,33.90463
SKM_06843,0.95981,33.682334
SKM_06844,0.715303,33.487347
SKM_06845,0.060352,33.321242
SKM_06846,0.257692,33.174614
SKM_06847,0.142233,33.028479
SKM_06848,0.340365,32.882344
SKM_06849,0.99506,32.736208
SKM_06850,0.938964,32.590073
SKM_06851,1.052169,32.443938
SKM_06852,1.024365,32.297803
SKM_06853,0.525663,32.151668
SKM_06854,0.467544,32.005532
SKM_06855,0.06958,31.859397
SKM_06856,0.27668,31.713262
SKM_06857,0.525378,31.567127
SKM_06858,0.216426,31.420991
SKM_06859,0.967594,31.28499
SKM_06860,0.33271,31.179885
SKM_06861,0.259898,31.106589
SKM_06862,1.025432,31.057531
SKM_06863,0.561519,31.009949
SKM_06864,0.054315,47.362421
SKM_06865,0.766304,47.022557
SKM_06866,1.504366,46.682693
SKM_06867,0.508647,46.342829
SKM_06868,0.103138,46.002965
SKM_06869,0.135262,45.663101
SKM_06870,0.217174,45.323237
SKM_06871,0.249487,44.983373
SKM_06872,0.452392,44.643509
SKM_06873,1.019967,44.303645
SKM_06874,0.843342,43.963781
SKM_06875,1.438799,43.623917
SKM_06876,1.270797,43.284053
SKM_06877,0.540107,42.944189
SKM_06878,0.743147,42.604325
SKM_06879,1.184709,42.264461
SKM_06880,0.815089,41.924597
SKM_06881,1.387517,41.584733
SKM_06882,1.657096,41.244869
SKM_06883,1.336211,40.905005
SKM_06884,1.082822,40.565141
SKM_06885,1.134956,40.225277
SKM_06886,1.558594,39.885413
SKM_06887,1.401147,39.545549
SKM_06888,0.991539,39.205685
SKM_06889,0.12443,38.869759
SKM_06890,0.048605,38.554905
SKM_06891,0.069169,38.263602
SKM_06892,0.204962,37.996392
SKM_06893,0.32749,37.753786
SKM_06894,0.616334,37.524142
SKM_06895,1.205558,37.294502
SKM_06896,1.94424,37.064863
SKM_06897,1.329004,36.835223
SKM_06898,0.778827,36.605584
SKM_06899,0.352156,36.375945
SKM_06900,0.284819,36.146305
SKM_06901,0.135189,35.916666
SKM_06902,0.205223,35.687027
SKM_06903,0.693208,35.457387
SKM_06904,0.988876,35.227748
SKM_06905,0.196866,34.998109
SKM_06906,0.4191,34.768469
SKM_06907,0.455616,34.53883
SKM_06908,0.303469,34.309191
SKM_06909,0.411994,34.079551
SKM_06910,0.815933,33.849912
SKM_06911,0.001708,33.620273
SKM_06912,0.487911,33.390633
SKM_06913,0.390645,33.160994
SKM_06914,0.203334,32.931355
SKM_06915,0.098742,32.705145
SKM_06916,0.108611,32.504297
SKM_06917,0.464489,32.333142
SKM_06918,0.69956,32.18535
SKM_06919,0.82317,32.039214
SKM_06920,1.021442,31.893079
SKM_06921,1.753291,31.746944
SKM_06922,1.921834,31.600809
SKM_06923,2.03809,31.454673
SKM_06924,1.834378,31.308538
SKM_06925,1.509567,31.162403
SKM_06926,0.716538,31.016268
SKM_06927,0.117856,30.870132
SKM_06928,0.427217,30.723997
SKM_06929,0.377052,30.577862
SKM_06930,0.285066,30.431727
SKM_06931,0.414775,30.292568
SKM_06932,0.203511,30.184007
SKM_06933,0.35438,30.108287
SKM_06934,0.175107,30.058664
SKM_06935,0.614606,30.011082
SKM_06936,0.061305,46.421946
SKM_06937,0.926006,46.082082
SKM_06938,1.817539,45.742218
SKM_06939,1.191717,45.402354
SKM_06940,1.051683,45.06249
SKM_06941,0.408966,44.722626
SKM_06942,0.003588,44.382762
SKM_06943,0.575418,44.042898
SKM_06944,0.059893,43.703034
SKM_06945,0.327674,43.36317
SKM_06946,0.25134,43.023306
SKM_06947,1.192514,42.683442
SKM_06948,1.258649,42.343578
SKM_06949,0.496142,42.003714
SKM_06950,0.074086,41.66385
SKM_06951,0.774651,41.323986
SKM_06952,0.073731,40.984122
SKM_06953,1.051744,40.644258
SKM_06954,0.865925,40.304394
SKM_06955,1.07669,39.96453
SKM_06956,0.490514,39.624666
SKM_06957,0.150341,39.284802
SKM_06958,1.07761,38.944938
SKM_06959,0.601215,38.605074
SKM_06960,0.032579,38.26521
SKM_06961,0.076954,37.925947
SKM_06962,0.512781,37.603191
SKM_06963,0.378715,37.304457
SKM_06964,0.450737,37.030326
SKM_06965,0.658538,36.781349
SKM_06966,0.810588,36.550866
SKM_06967,1.690634,36.321226
SKM_06968,1.941936,36.091587
SKM_06969,0.942969,35.861948
SKM_06970,0.085228,35.632308
SKM_06971,0.139481,35.402669
SKM_06972,0.698694,35.17303
SKM_06973,0.825301,34.94339
SKM_06974,1.127871,34.713751
SKM_06975,1.208,34.484112
SKM_06976,0.648505,34.254472
SKM_06977,0.192529,34.024833
SKM_06978,0.043531,33.795194
SKM_06979,0.231587,33.565554
SKM_06980,0.306264,33.335915
SKM_06981,0.53887,33.106276
SKM_06982,0.122233,32.876636
SKM_06983,0.158168,32.646997
SKM_06984,0.502101,32.417357
SKM_06985,0.500167,32.187718
SKM_06986,0.198496,31.345797
SKM_06987,0.142829,31.196085
SKM_06988,0.406882,31.04995
SKM_06989,1.065947,30.903814
SKM_06990,1.634236,30.757679
SKM_06991,1.861839,30.611544
SKM_06992,2.437318,30.465409
SKM_06993,2.313418,30.319274
SKM_06994,1.322507,30.173138
SKM_06995,0.382289,30.027003
SKM_06996,0.095313,29.880868
SKM_06997,0.513412,29.734733
SKM_06998,0.232632,29.588597
SKM_06999,0.382432,29.442462
SKM_07000,0.445612,29.300661
SKM_07001,0.320455,29.188412
SKM_07002,0.631789,29.110102
SKM_07003,0.363994,29.059797
SKM_07004,0.50457,29.012214
SKM_07005,0.271316,45.481472
SKM_07006,0.636754,45.141608
SKM_07007,1.178512,44.801744
SKM_07008,1.861806,44.46188
SKM_07009,1.135958,44.122016
SKM_07010,0.55209,43.782152
SKM_07011,0.749888,43.442288
SKM_07012,1.075827,43.102424
SKM_07013,0.355353,42.76256
SKM_07014,0.235039,42.422696
SKM_07015,0.99226,42.082832
SKM_07016,1.665543,41.742968
SKM_07017,1.503205,41.403104
SKM_07018,0.598667,41.06324
SKM_07019,0.267837,40.723376
SKM_07020,0.153931,40.383512
SKM_07021,0.165708,40.043648
SKM_07022,0.953163,39.703784
SKM_07023,0.27407,39.36392
SKM_07024,0.629446,39.024056
SKM_07025,0.251041,38.684192
SKM_07026,0.053105,38.344328
SKM_07027,0.392284,38.004464
SKM_07028,0.050659,37.664599
SKM_07029,0.218122,37.324735
SKM_07030,0.530156,36.984871
SKM_07031,0.055733,36.654048
SKM_07032,0.623856,36.347514
SKM_07033,0.31507,36.066111
SKM_07034,0.79969,35.81043
SKM_07035,1.303612,35.57759
SKM_07036,1.722113,35.347951
SKM_07037,2.09564,35.118311
SKM_07038,1.095684,34.888672
SKM_07039,0.09666,34.659033
SKM_07040,0.782286,34.429393
SKM_07041,1.34269,34.199754
SKM_07042,1.800297,33.970114
SKM_07043,1.125983,33.740475
SKM_07044,0.573439,33.510836
SKM_07045,0.173159,33.281196
SKM_07046,0.652478,33.051557
SKM_07047,0.841172,32.821918
SKM_07048,0.487243,32.592278
SKM_07049,0.099334,32.362639
SKM_07050,0.015279,32.133
SKM_07051,0.561139,31.90336
SKM_07052,0.259191,30.060685
SKM_07053,0.517833,29.91455
SKM_07054,0.662865,29.768415
SKM_07055,1.041313,29.622279
SKM_07056,1.598185,29.476144
SKM_07057,0.79717,29.037738
SKM_07058,0.519302,28.891603
SKM_07059,0.245337,28.745468
SKM_07060,0.204841,28.599333
SKM_07061,0.832097,28.453197
SKM_07062,1.226004,28.309324
SKM_07063,1.318688,28.193128
SKM_07064,0.550562,44.540997
SKM_07065,0.217518,44.201133
SKM_07066,0.540865,43.861269
SKM_07067,1.539469,43.521405
SKM_07068,1.864071,43.181541
SKM_07069,1.545997,42.841677
SKM_07070,1.689304,42.501813
SKM_07071,1.202069,42.161949
SKM_07072,0.643961,41.822085
SKM_07073,0.280973,41.482221
SKM_07074,1.263369,41.142357
SKM_07075,1.148917,40.802493
SKM_07076,1.057161,40.462629
SKM_07077,1.167903,40.122765
SKM_07078,1.225218,39.782901
SKM_07079,1.064845,39.443037
SKM_07080,0.392222,39.103173
SKM_07081,0.303175,38.763309
SKM_07082,0.188521,38.423445
SKM_07083,0.292991,38.083581
SKM_07084,0.469029,37.743717
SKM_07085,0.814846,37.403853
SKM_07086,0.093607,37.063989
SKM_07087,0.721823,36.724125
SKM_07088,0.875766,36.384261
SKM_07089,0.174725,36.044397
SKM_07090,0.526046,35.707682
SKM_07091,0.430419,35.392952
SKM_07092,0.18781,35.103897
SKM_07093,0.805936,34.841156
SKM_07094,0.325288,34.604314
SKM_07095,1.171359,34.374675
SKM_07096,1.929742,34.145035
SKM_07097,1.473718,33.915396
SKM_07098,0.849175,33.685757
SKM_07099,0.406198,33.456117
SKM_07100,1.268423,33.226478
SKM_07101,0.939848,32.996839
SKM_07102,0.841478,32.767199
SKM_07103,0.125832,32.53756
SKM_07104,0.682184,32.307921
SKM_07105,0.862383,32.078281
SKM_07106,1.574856,31.848642
SKM_07107,1.469177,31.619003
SKM_07108,0.829484,31.389363
SKM_07109,0.176419,31.159724
SKM_07110,0.177225,28.925285
SKM_07111,0.228717,28.77915
SKM_07112,0.2019,28.633015
SKM_07113,0.661813,28.486879
SKM_07114,0.358287,27.902339
SKM_07115,0.260969,27.756203
SKM_07116,0.096792,27.610068
SKM_07117,0.044192,27.463933
SKM_07118,0.327178,27.318618
SKM_07119,0.76509,27.19819
SKM_07120,0.153693,43.260659
SKM_07121,0.788624,42.920795
SKM_07122,1.595432,42.580931
SKM_07123,1.688342,42.241067
SKM_07124,2.257166,41.901203
SKM_07125,2.422828,41.561339
SKM_07126,1.434607,41.221475
SKM_07127,0.491075,40.881611
SKM_07128,0.390672,40.541747
SKM_07129,1.390647,40.201883
SKM_07130,0.601575,39.862019
SKM_07131,0.336368,39.522154
SKM_07132,0.357484,39.18229
SKM_07133,0.632378,38.842426
SKM_07134,1.18338,38.502562
SKM_07135,1.010422,38.162698
SKM_07136,0.568341,37.822834
SKM_07137,0.856404,37.48297
SKM_07138,0.693353,37.143106
SKM_07139,0.712517,36.803242
SKM_07140,0.312136,36.463378
SKM_07141,0.582301,36.123514
SKM_07142,1.288915,35.78365
SKM_07143,1.57831,35.443786
SKM_07144,1.014057,35.103922
SKM_07145,0.708654,34.764318
SKM_07146,0.849748,34.440969
SKM_07147,0.755114,34.143856
SKM_07148,0.558712,33.873669
SKM_07149,0.306831,33.631038
SKM_07150,0.545727,33.401399
SKM_07151,1.309792,33.17176
SKM_07152,1.549576,32.94212
SKM_07153,0.568839,32.712481
SKM_07154,0.374384,32.482842
SKM_07155,1.373879,32.253202
SKM_07156,0.46328,32.023563
SKM_07157,0.251447,31.793924
SKM_07158,0.023029,31.564284
SKM_07159,0.51044,31.334645
SKM_07160,0.173893,31.105006
SKM_07161,1.12398,30.875366
SKM_07162,1.348927,30.645727
SKM_07163,0.780003,30.416087
SKM_07164,0.164761,30.186448
SKM_07165,0.701916,26.766939
SKM_07166,0.277772,26.620803
SKM_07167,0.793648,26.474668
SKM_07168,0.509518,26.328615
SKM_07169,0.600648,26.203637
SKM_07170,0.24265,42.320184
SKM_07171,0.726202,41.98032
SKM_07172,0.656602,41.640456
SKM_07173,0.843537,41.300592
SKM_07174,1.674968,40.960728
SKM_07175,1.914382,40.620864
SKM_07176,1.56146,40.281
SKM_07177,0.767759,39.941136
SKM_07178,0.153607,39.601272
SKM_07179,0.754948,39.261408
SKM_07180,0.896921,38.921544
SKM_07181,0.073428,38.58168
SKM_07182,0.042724,38.241816
SKM_07183,0.182032,37.901952
SKM_07184,1.056142,37.562088
SKM_07185,1.883825,37.222224
SKM_07186,1.553605,36.88236
SKM_07187,1.509304,36.542496
SKM_07188,0.635668,36.202632
SKM_07189,0.155035,35.862768
SKM_07190,0.015932,35.522904
SKM_07191,0.841714,35.18304
SKM_07192,1.696977,34.843176
SKM_07193,2.260754,34.503312
SKM_07194,1.993906,34.163448
SKM_07195,1.638744,33.823584
SKM_07196,1.329868,33.491784
SKM_07197,0.399131,33.186174
SKM_07198,0.222583,32.908125
SKM_07199,0.474049,32.658341
SKM_07200,0.223416,32.428123
SKM_07201,1.084643,32.198484
SKM_07202,1.683879,31.968845
SKM_07203,0.784098,31.739205
SKM_07204,0.136992,31.509566
SKM_07205,1.077156,31.279926
SKM_07206,0.71528,31.050287
SKM_07207,0.196619,30.820648
SKM_07208,0.525487,30.591008
SKM_07209,0.249985,30.361369
SKM_07210,0.114882,30.13173
SKM_07211,0.624886,29.90209
SKM_07212,0.704182,29.672451
SKM_07213,0.031814,29.442812
SKM_07214,0.0713,29.213172
SKM_07215,1.061855,25.777674
SKM_07216,0.533085,25.631539
SKM_07217,0.373682,25.485404
SKM_07218,1.125291,25.339268
SKM_07219,0.445779,41.379709
SKM_07220,0.315058,41.039845
SKM_07221,0.385915,40.699981
SKM_07222,0.508337,40.360117
SKM_07223,1.498545,40.020253
SKM_07224,1.038493,39.680389
SKM_07225,0.59206,39.340525
SKM_07226,0.761712,39.000661
SKM_07227,0.516433,38.660797
SKM_07228,0.052013,38.320933
SKM_07229,0.551389,37.981069
SKM_07230,0.040442,37.641205
SKM_07231,0.118276,37.301341
SKM_07232,0.059403,36.961477
SKM_07233,0.911266,36.621613
SKM_07234,1.670534,36.281749
SKM_07235,1.267841,35.941885
SKM_07236,0.954184,35.602021
SKM_07237,0.965289,35.262157
SKM_07238,0.207077,34.922293
SKM_07239,0.518758,34.582429
SKM_07240,1.198535,34.242565
SKM_07241,1.174807,33.902701
SKM_07242,1.292163,33.562837
SKM_07243,1.349792,33.222973
SKM_07244,1.963768,32.883109
SKM_07245,0.965278,32.545643
SKM_07246,0.043112,32.231063
SKM_07247,0.732016,31.944702
SKM_07248,1.111473,31.687324
SKM_07249,0.529837,31.454847
SKM_07250,1.11137,31.225208
SKM_07251,2.009828,30.995569
SKM_07252,1.081039,30.765929
SKM_07253,0.201639,30.53629
SKM_07254,0.602287,30.306651
SKM_07255,0.757968,30.077011
SKM_07256,0.149369,29.847372
SKM_07257,0.379681,29.617733
SKM_07258,0.083446,29.388093
SKM_07259,0.728305,29.158454
SKM_07260,0.04158,28.928815
SKM_07261,0.060645,28.699175
SKM_07262,0.507798,28.469536
SKM_07263,0.74608,24.788409
SKM_07264,0.424183,24.642274
SKM_07265,0.145068,24.496139
SKM_07266,0.093599,40.099371
SKM_07267,0.078901,39.759507
SKM_07268,0.376177,39.419643
SKM_07269,0.900823,39.079779
SKM_07270,0.675988,38.739915
SKM_07271,0.205803,38.400051
SKM_07272,0.051976,38.060187
SKM_07273,0.100289,37.720323
SKM_07274,0.114016,37.380459
SKM_07275,0.014025,37.040595
SKM_07276,0.244793,36.700731
SKM_07277,0.234852,36.360867
SKM_07278,0.116776,36.021003
SKM_07279,0.667425,35.681139
SKM_07280,1.123224,35.341275
SKM_07281,0.279946,35.001411
SKM_07282,0.12775,34.661547
SKM_07283,0.161856,34.321683
SKM_07284,0.038002,33.981819
SKM_07285,0.345802,33.641955
SKM_07286,0.36958,33.302091
SKM_07287,0.259289,32.962227
SKM_07288,0.477871,32.622363
SKM_07289,0.616939,32.282499
SKM_07290,1.591375,31.942634
SKM_07291,0.834318,31.602819
SKM_07292,0.143771,31.278758
SKM_07293,0.482089,30.983596
SKM_07294,0.998603,30.718167
SKM_07295,1.529516,30.481572
SKM_07296,1.814893,30.251932
SKM_07297,2.429402,30.022293
SKM_07298,1.509705,29.792654
SKM_07299,0.71013,29.563014
SKM_07300,0.153299,29.333375
SKM_07301,0.191124,29.103736
SKM_07302,0.056682,28.874096
SKM_07303,1.017652,28.644457
SKM_07304,0.36819,28.414817
SKM_07305,0.135448,28.185178
SKM_07306,0.079086,27.955539
SKM_07307,0.395358,38.479168
SKM_07308,0.085565,38.139304
SKM_07309,0.121334,37.79944
SKM_07310,0.713096,37.459576
SKM_07311,0.982213,37.119712
SKM_07312,0.186023,36.779848
SKM_07313,0.471346,36.439984
SKM_07314,0.581978,35.080528
SKM_07315,0.050887,34.740664
SKM_07316,0.160311,34.4008
SKM_07317,0.056666,34.060936
SKM_07318,0.285394,33.721072
SKM_07319,0.450727,32.361616
SKM_07320,0.477929,32.021752
SKM_07321,0.035195,31.681888
SKM_07322,0.540603,31.342024
SKM_07323,1.19664,31.00216
SKM_07324,1.145691,30.662296
SKM_07325,0.401777,30.329523
SKM_07326,0.257697,30.025031
SKM_07327,1.017037,29.751051
SKM_07328,1.956261,29.508296
SKM_07329,2.711554,29.278656
SKM_07330,2.496352,29.049017
SKM_07331,1.501766,28.819378
SKM_07332,0.528045,28.589738
SKM_07333,0.486539,28.360099
SKM_07334,0.752953,28.13046
SKM_07335,0.303138,27.90082
SKM_07336,0.272449,27.671181
SKM_07337,0.380421,27.441542
SKM_07338,0.346001,27.211902
SKM_07339,0.312532,26.982263
SKM_07340,0.16915,36.858966
SKM_07341,0.056627,36.519102
SKM_07342,0.285977,36.179238
SKM_07343,0.271898,35.839374
SKM_07344,0.425701,30.401549
SKM_07345,0.23669,30.061685
SKM_07346,0.399143,29.721821
SKM_07347,0.358104,29.383656
SKM_07348,0.569323,29.069258
SKM_07349,1.543131,28.786183
SKM_07350,1.671908,28.535362
SKM_07351,2.022239,28.305381
SKM_07352,2.349133,28.075741
SKM_07353,1.912481,27.846102
SKM_07354,1.000721,27.616463
SKM_07355,0.492093,27.386823
SKM_07356,0.947255,27.157184
SKM_07357,0.759363,26.927545
SKM_07358,0.123888,26.697905
SKM_07359,0.529423,29.800939
SKM_07360,0.294954,29.461075
SKM_07361,0.375091,29.121211
SKM_07362,0.136371,28.781347
SKM_07363,0.178589,28.441483
SKM_07364,0.59171,28.116562
SKM_07365,0.671718,27.823796
SKM_07366,0.749674,27.564219
SKM_07367,1.067551,27.332105
SKM_07368,1.353975,27.102466
SKM_07369,1.596975,26.872826
SKM_07370,1.023302,26.643187
SKM_07371,0.450463,26.413547
SKM_07372,0.10431,26.183908
SKM_07373,0.482274,25.954269
SKM_07374,0.182468,25.724629
SKM_07375,0.207548,27.501008
SKM_07376,0.056475,27.167266
SKM_07377,0.317479,26.864156
SKM_07378,0.111078,26.595214
SKM_07379,0.235894,26.358829
SKM_07380,0.358816,26.12919
SKM_07381,0.655551,25.89955
SKM_07382,1.134167,25.669911
SKM_07383,0.500534,25.440272
SKM_07384,0.65986,25.210632
SKM_07385,0.24661,24.980993
SKM_07386,0.241647,24.926275
SKM_07387,0.244832,24.696635
SKM_07388,0.131499,24.466996
SKM_07389,0.016454,24.237357
SKM_07390,0.149887,24.007717
