cell_id,ndvi_mean
SKM_00001,0.102132
SKM_00002,0.112841
SKM_00003,0.105795
SKM_00004,0.094988
SKM_00005,0.127379
SKM_00006,0.130741
SKM_00007,0.130657
SKM_00008,0.11766
SKM_00009,0.121127
SKM_00010,0.113173
SKM_00011,0.111063
SKM_00012,0.132036
SKM_00013,0.133478
SKM_00014,0.125821
SKM_00015,0.106113
SKM_00016,0.032282
SKM_00017,0.028822
SKM_00018,0.016659
SKM_00019,0.079205
SKM_00020,0.095749
SKM_00021,0.171208
SKM_00022,0.144355
SKM_00023,0.140436
SKM_00024,0.112929
SKM_00025,0.11838
SKM_00026,0.001615
SKM_00027,0.03434
SKM_00028,0.068716
SKM_00029,0.059359
SKM_00030,0.050613
SKM_00031,0.071521
SKM_00032,0.097011
SKM_00033,0.226926
SKM_00034,0.136556
SKM_00035,0.186653
SKM_00036,0.148452
SKM_00037,0.117182
SKM_00038,0.105244
SKM_00039,0.085423
SKM_00040,0.081962
SKM_00041,0.113725
SKM_00042,0.177008
SKM_00043,0.164762
SKM_00044,0.008246
SKM_00045,0.050194
SKM_00046,0.093415
SKM_00047,0.127381
SKM_00048,0.101666
SKM_00049,0.040309
SKM_00050,0.077691
SKM_00051,0.163389
SKM_00052,0.136327
SKM_00053,0.167317
SKM_00054,0.149693
SKM_00055,0.107641
SKM_00056,0.065997
SKM_00057,0.100363
SKM_00058,0.125887
SKM_00059,0.125418
SKM_00060,0.138305
SKM_00061,0.135724
SKM_00062,0.117532
SKM_00063,0.13269
SKM_00064,0.131244
SKM_00065,0.111842
SKM_00066,
SKM_00067,0.046454
SKM_00068,0.07339
SKM_00069,0.139485
SKM_00070,0.196358
SKM_00071,0.163625
SKM_00072,0.122304
SKM_00073,0.153068
SKM_00074,0.154947
SKM_00075,0.141712
SKM_00076,0.134221
SKM_00077,0.12832
SKM_00078,0.124796
SKM_00079,0.121702
SKM_00080,0.117338
SKM_00081,0.128416
SKM_00082,0.133224
SKM_00083,0.133864
SKM_00084,0.110449
SKM_00085,0.092301
SKM_00086,0.157894
SKM_00087,0.15407
SKM_00088,0.263458
SKM_00089,
SKM_00090,0.089768
SKM_00091,
SKM_00092,0.046521
SKM_00093,0.055007
SKM_00094,0.155733
SKM_00095,0.187004
SKM_00096,0.21054
SKM_00097,0.166486
SKM_00098,0.052441
SKM_00099,-0.083137
SKM_00100,0.140219
SKM_00101,0.121884
SKM_00102,0.12041
SKM_00103,0.095298
SKM_00104,0.093349
SKM_00105,0.100163
SKM_00106,0.100705
SKM_00107,0.088868
SKM_00108,0.124539
SKM_00109,0.166119
SKM_00110,0.099992
SKM_00111,0.103104
SKM_00112,0.140005
SKM_00113,0.175687
SKM_00114,0.119543
SKM_00115,0.17316
SKM_00116,0.186188
SKM_00117,0.075931
SKM_00118,
SKM_00119,
SKM_00120,
SKM_00121,0.049046
SKM_00122,0.146607
SKM_00123,0.12656
SKM_00124,0.133796
SKM_00125,0.174015
SKM_00126,0.139965
SKM_00127,0.137653
SKM_00128,0.120042
SKM_00129,0.102603
SKM_00130,0.11742
SKM_00131,0.123415
SKM_00132,0.099283
SKM_00133,0.103345
SKM_00134,0.124558
SKM_00135,0.126131
SKM_00136,0.13225
SKM_00137,0.13141
SKM_00138,0.184555
SKM_00139,0.176731
SKM_00140,0.145029
SKM_00141,0.167683
SKM_00142,0.133785
SKM_00143,0.135201
SKM_00144,0.24694
SKM_00145,0.212354
SKM_00146,0.110598
SKM_00147,
SKM_00148,
SKM_00149,
SKM_00150,
SKM_00151,
SKM_00152,0.016105
SKM_00153,0.210417
SKM_00154,0.152422
SKM_00155,0.174676
SKM_00156,0.277942
SKM_00157,0.257343
SKM_00158,0.165155
SKM_00159,0.167103
SKM_00160,0.13507
SKM_00161,0.119903
SKM_00162,0.114271
SKM_00163,0.100025
SKM_00164,0.095605
SKM_00165,0.106931
SKM_00166,0.019334
SKM_00167,0.087137
SKM_00168,0.083553
SKM_00169,0.137925
SKM_00170,0.220787
SKM_00171,0.179251
SKM_00172,0.159489
SKM_00173,0.142149
SKM_00174,0.135771
SKM_00175,0.094684
SKM_00176,0.047553
SKM_00177,0.120018
SKM_00178,0.257169
SKM_00179,0.157669
SKM_00180,0.120322
SKM_00181,
SKM_00182,
SKM_00183,
SKM_00184,
SKM_00185,0.028259
SKM_00186,0.086997
SKM_00187,0.104033
SKM_00188,0.164056
SKM_00189,0.285099
SKM_00190,0.240424
SKM_00191,0.180418
SKM_00192,0.199806
SKM_00193,0.126361
SKM_00194,0.113167
SKM_00195,0.121128
SKM_00196,0.115064
SKM_00197,0.112048
SKM_00198,0.118215
SKM_00199,0.001117
SKM_00200,-0.359289
SKM_00201,0.096332
SKM_00202,0.100331
SKM_00203,0.163576
SKM_00204,0.188668
SKM_00205,0.197034
SKM_00206,0.17505
SKM_00207,0.135934
SKM_00208,0.116087
SKM_00209,0.133937
SKM_00210,0.147931
SKM_00211,0.04862
SKM_00212,0.096033
SKM_00213,0.294702
SKM_00214,0.15971
SKM_00215,0.074093
SKM_00216,
SKM_00217,
SKM_00218,
SKM_00219,0.089355
SKM_00220,0.041586
SKM_00221,0.127177
SKM_00222,0.094619
SKM_00223,0.147862
SKM_00224,0.195954
SKM_00225,0.278372
SKM_00226,0.25633
SKM_00227,0.169797
SKM_00228,0.131645
SKM_00229,0.082889
SKM_00230,0.136143
SKM_00231,0.116994
SKM_00232,0.107473
SKM_00233,0.14664
SKM_00234,-0.040551
SKM_00235,-0.166027
SKM_00236,0.129174
SKM_00237,0.088136
SKM_00238,0.153961
SKM_00239,0.086672
SKM_00240,0.256026
SKM_00241,0.206588
SKM_00242,0.119047
SKM_00243,0.136259
SKM_00244,0.178138
SKM_00245,0.204814
SKM_00246,
SKM_00247,
SKM_00248,0.02651
SKM_00249,0.093253
SKM_00250,0.070488
SKM_00251,0.072881
SKM_00252,0.24419
SKM_00253,0.248206
SKM_00254,0.023081
SKM_00255,0.060977
SKM_00256,
SKM_00257,
SKM_00258,
SKM_00259,0.049354
SKM_00260,-0.249066
SKM_00261,0.098142
SKM_00262,0.189317
SKM_00263,0.213442
SKM_00264,0.163778
SKM_00265,0.12948
SKM_00266,0.185007
SKM_00267,0.061385
SKM_00268,0.054144
SKM_00269,-0.007453
SKM_00270,0.056325
SKM_00271,0.037727
SKM_00272,0.038772
SKM_00273,-0.119085
SKM_00274,-0.451614
SKM_00275,-0.432577
SKM_00276,0.100927
SKM_00277,0.073324
SKM_00278,0.174778
SKM_00279,0.001969
SKM_00280,0.221823
SKM_00281,0.21346
SKM_00282,0.165083
SKM_00283,0.108563
SKM_00284,0.130552
SKM_00285,0.127405
SKM_00286,0.194081
SKM_00287,0.141603
SKM_00288,0.034631
SKM_00289,0.047526
SKM_00290,0.123606
SKM_00291,0.255792
SKM_00292,0.30492
SKM_00293,0.209663
SKM_00294,0.208323
SKM_00295,-0.345935
SKM_00296,-0.057755
SKM_00297,-0.007793
SKM_00298,
SKM_00299,
SKM_00300,0.051499
SKM_00301,0.066514
SKM_00302,0.207192
SKM_00303,0.177207
SKM_00304,0.254441
SKM_00305,0.246731
SKM_00306,0.198817
SKM_00307,0.037817
SKM_00308,0.006195
SKM_00309,0.027999
SKM_00310,0.014596
SKM_00311,-0.029155
SKM_00312,-0.01775
SKM_00313,
SKM_00314,0.045308
SKM_00315,-0.27536
SKM_00316,0.027473
SKM_00317,-0.466617
SKM_00318,0.072585
SKM_00319,0.050782
SKM_00320,0.131559
SKM_00321,0.103713
SKM_00322,0.180494
SKM_00323,0.146169
SKM_00324,0.185327
SKM_00325,0.11755
SKM_00326,-0.34997
SKM_00327,-0.011872
SKM_00328,0.173161
SKM_00329,0.191634
SKM_00330,0.038167
SKM_00331,0.071849
SKM_00332,0.207571
SKM_00333,0.220217
SKM_00334,0.307617
SKM_00335,0.413295
SKM_00336,0.374057
SKM_00337,0.182573
SKM_00338,0.103984
SKM_00339,
SKM_00340,
SKM_00341,0.035601
SKM_00342,-0.205303
SKM_00343,-0.24077
SKM_00344,0.202958
SKM_00345,0.304105
SKM_00346,0.309957
SKM_00347,0.189621
SKM_00348,0.260376
SKM_00349,0.068676
SKM_00350,
SKM_00351,
SKM_00352,
SKM_00353,
SKM_00354,
SKM_00355,
SKM_00356,-0.046843
SKM_00357,
SKM_00358,0.020945
SKM_00359,-0.191347
SKM_00360,0.036406
SKM_00361,-0.030958
SKM_00362,0.01382
SKM_00363,0.032446
SKM_00364,0.058178
SKM_00365,0.032006
SKM_00366,0.040856
SKM_00367,0.063424
SKM_00368,-0.162923
SKM_00369,-0.428507
SKM_00370,-0.103885
SKM_00371,0.16574
SKM_00372,0.071464
SKM_00373,
SKM_00374,
SKM_00375,-0.034787
SKM_00376,
SKM_00377,
SKM_00378,
SKM_00379,
SKM_00380,
SKM_00381,0.037618
SKM_00382,0.050944
SKM_00383,0.17881
SKM_00384,0.284977
SKM_00385,0.457221
SKM_00386,0.256844
SKM_00387,0.10341
SKM_00388,0.094023
SKM_00389,-0.6217
SKM_00390,
SKM_00391,
SKM_00392,
SKM_00393,0.084053
SKM_00394,0.165852
SKM_00395,0.246337
SKM_00396,0.217186
SKM_00397,0.17012
SKM_00398,0.165041
SKM_00399,0.023914
SKM_00400,-0.021069
SKM_00401,
SKM_00402,
SKM_00403,
SKM_00404,
SKM_00405,
SKM_00406,
SKM_00407,
SKM_00408,
SKM_00409,
SKM_00410,
SKM_00411,0.007373
SKM_00412,0.02534
SKM_00413,0.016711
SKM_00414,0.006039
SKM_00415,0.015381
SKM_00416,0.030073
SKM_00417,0.023994
SKM_00418,0.01091
SKM_00419,-0.061306
SKM_00420,-0.286043
SKM_00421,0.039903
SKM_00422,0.02918
SKM_00423,0.030956
SKM_00424,0.026409
SKM_00425,
SKM_00426,0.026277
SKM_00427,0.018019
SKM_00428,0.025104
SKM_00429,
SKM_00430,
SKM_00431,
SKM_00432,0.017858
SKM_00433,-0.240355
SKM_00434,0.009145
SKM_00435,0.107583
SKM_00436,0.168465
SKM_00437,0.301364
SKM_00438,0.429318
SKM_00439,0.327781
SKM_00440,0.066049
SKM_00441,0.088266
SKM_00442,-0.10408
SKM_00443,0.022268
SKM_00444,
SKM_00445,
SKM_00446,0.069938
SKM_00447,0.223296
SKM_00448,0.250734
SKM_00449,0.245393
SKM_00450,0.248188
SKM_00451,0.243846
SKM_00452,0.000263
SKM_00453,-0.332166
SKM_00454,
SKM_00455,0.055851
SKM_00456,
SKM_00457,
SKM_00458,
SKM_00459,
SKM_00460,
SKM_00461,
SKM_00462,
SKM_00463,-0.002975
SKM_00464,0.045831
SKM_00465,0.129131
SKM_00466,0.114217
SKM_00467,0.037442
SKM_00468,0.141978
SKM_00469,0.07321
SKM_00470,0.078649
SKM_00471,
SKM_00472,
SKM_00473,0.021
SKM_00474,0.019
SKM_00475,
SKM_00476,0.0462
SKM_00477,0.011869
SKM_00478,
SKM_00479,
SKM_00480,
SKM_00481,0.009356
SKM_00482,0.013609
SKM_00483,0.022287
SKM_00484,0.019449
SKM_00485,0.068706
SKM_00486,0.051293
SKM_00487,0.021197
SKM_00488,0.047312
SKM_00489,0.032978
SKM_00490,0.024327
SKM_00491,0.007354
SKM_00492,-0.302153
SKM_00493,0.233566
SKM_00494,0.295088
SKM_00495,0.287315
SKM_00496,0.405276
SKM_00497,0.246365
SKM_00498,0.040659
SKM_00499,0.131023
SKM_00500,0.128491
SKM_00501,0.01271
SKM_00502,
SKM_00503,
SKM_00504,0.065234
SKM_00505,0.13281
SKM_00506,0.211631
SKM_00507,0.309283
SKM_00508,0.266653
SKM_00509,0.232481
SKM_00510,0.147704
SKM_00511,0.084807
SKM_00512,0.130565
SKM_00513,0.117804
SKM_00514,-0.05976
SKM_00515,
SKM_00516,
SKM_00517,0.038835
SKM_00518,
SKM_00519,
SKM_00520,0.003081
SKM_00521,0.046983
SKM_00522,0.052435
SKM_00523,0.166817
SKM_00524,0.146394
SKM_00525,0.139509
SKM_00526,0.134908
SKM_00527,0.049888
SKM_00528,0.047269
SKM_00529,
SKM_00530,
SKM_00531,0.024533
SKM_00532,-0.003012
SKM_00533,-0.062695
SKM_00534,
SKM_00535,
SKM_00536,
SKM_00537,
SKM_00538,0.074608
SKM_00539,0.06474
SKM_00540,0.066539
SKM_00541,0.036088
SKM_00542,
SKM_00543,
SKM_00544,
SKM_00545,
SKM_00546,
SKM_00547,0.01403
SKM_00548,0.032667
SKM_00549,0.146788
SKM_00550,0.103514
SKM_00551,0.149848
SKM_00552,0.139708
SKM_00553,0.159257
SKM_00554,0.09178
SKM_00555,0.211885
SKM_00556,0.138809
SKM_00557,0.034914
SKM_00558,0.041238
SKM_00559,0.185502
SKM_00560,0.238376
SKM_00561,0.251822
SKM_00562,0.322201
SKM_00563,0.256645
SKM_00564,0.151898
SKM_00565,0.069438
SKM_00566,0.209553
SKM_00567,0.237222
SKM_00568,0.036119
SKM_00569,
SKM_00570,0.08629
SKM_00571,0.10094
SKM_00572,0.186171
SKM_00573,0.223433
SKM_00574,0.346291
SKM_00575,0.274116
SKM_00576,0.22173
SKM_00577,0.296444
SKM_00578,0.198514
SKM_00579,0.277639
SKM_00580,0.222116
SKM_00581,0.070658
SKM_00582,0.075038
SKM_00583,
SKM_00584,0.061911
SKM_00585,0.03592
SKM_00586,0.074872
SKM_00587,-0.018715
SKM_00588,0.052467
SKM_00589,0.165454
SKM_00590,0.255293
SKM_00591,0.067031
SKM_00592,0.175853
SKM_00593,0.115686
SKM_00594,0.027459
SKM_00595,
SKM_00596,-0.181901
SKM_00597,
SKM_00598,0.00892
SKM_00599,
SKM_00600,
SKM_00601,
SKM_00602,
SKM_00603,-0.086691
SKM_00604,
SKM_00605,
SKM_00606,
SKM_00607,
SKM_00608,0.060542
SKM_00609,0.067191
SKM_00610,0.052342
SKM_00611,0.026727
SKM_00612,
SKM_00613,0.024668
SKM_00614,0.021613
SKM_00615,-0.015194
SKM_00616,-0.133423
SKM_00617,0.181229
SKM_00618,0.162277
SKM_00619,0.146587
SKM_00620,0.19859
SKM_00621,0.014199
SKM_00622,0.140657
SKM_00623,0.080498
SKM_00624,0.270767
SKM_00625,0.257944
SKM_00626,0.118669
SKM_00627,0.131936
SKM_00628,0.153098
SKM_00629,0.287031
SKM_00630,0.243049
SKM_00631,0.205231
SKM_00632,0.107908
SKM_00633,
SKM_00634,0.11365
SKM_00635,0.330541
SKM_00636,0.185304
SKM_00637,0.069074
SKM_00638,0.138459
SKM_00639,0.295355
SKM_00640,0.176169
SKM_00641,0.253657
SKM_00642,0.298673
SKM_00643,0.317563
SKM_00644,0.259205
SKM_00645,0.372189
SKM_00646,0.409449
SKM_00647,0.333572
SKM_00648,0.339817
SKM_00649,0.191703
SKM_00650,0.071025
SKM_00651,0.083559
SKM_00652,0.074886
SKM_00653,0.093762
SKM_00654,0.027454
SKM_00655,0.085393
SKM_00656,0.062907
SKM_00657,0.053575
SKM_00658,0.141464
SKM_00659,0.210128
SKM_00660,0.165863
SKM_00661,0.179253
SKM_00662,0.092483
SKM_00663,0.036625
SKM_00664,
SKM_00665,-0.041357
SKM_00666,
SKM_00667,
SKM_00668,
SKM_00669,
SKM_00670,
SKM_00671,
SKM_00672,
SKM_00673,-0.003946
SKM_00674,
SKM_00675,
SKM_00676,
SKM_00677,
SKM_00678,-0.13475
SKM_00679,0.048594
SKM_00680,0.064252
SKM_00681,0.031016
SKM_00682,
SKM_00683,0.047809
SKM_00684,0.017563
SKM_00685,0.018349
SKM_00686,0.159152
SKM_00687,0.153273
SKM_00688,0.233121
SKM_00689,0.207924
SKM_00690,0.163435
SKM_00691,0.186107
SKM_00692,0.182238
SKM_00693,0.184556
SKM_00694,0.106335
SKM_00695,0.136268
SKM_00696,0.252611
SKM_00697,0.235965
SKM_00698,0.198142
SKM_00699,0.209637
SKM_00700,0.277651
SKM_00701,0.237429
SKM_00702,0.184652
SKM_00703,0.048501
SKM_00704,
SKM_00705,
SKM_00706,0.380113
SKM_00707,0.338838
SKM_00708,0.257793
SKM_00709,0.266566
SKM_00710,0.379041
SKM_00711,0.311143
SKM_00712,0.349724
SKM_00713,0.37744
SKM_00714,0.232647
SKM_00715,0.281556
SKM_00716,0.369704
SKM_00717,0.327354
SKM_00718,0.334109
SKM_00719,0.292131
SKM_00720,0.172718
SKM_00721,0.072654
SKM_00722,0.123793
SKM_00723,0.123493
SKM_00724,0.104717
SKM_00725,0.113732
SKM_00726,0.216003
SKM_00727,0.09033
SKM_00728,0.062005
SKM_00729,0.181205
SKM_00730,0.252774
SKM_00731,0.131239
SKM_00732,0.174211
SKM_00733,0.103911
SKM_00734,
SKM_00735,-0.160748
SKM_00736,
SKM_00737,
SKM_00738,
SKM_00739,
SKM_00740,
SKM_00741,
SKM_00742,
SKM_00743,-0.013003
SKM_00744,0.001279
SKM_00745,0.019704
SKM_00746,0.024676
SKM_00747,0.031282
SKM_00748,0.038403
SKM_00749,0.046578
SKM_00750,0.0864
SKM_00751,0.063343
SKM_00752,0.014627
SKM_00753,-0.060321
SKM_00754,0.157663
SKM_00755,0.070544
SKM_00756,0.123256
SKM_00757,0.249138
SKM_00758,0.228765
SKM_00759,0.224613
SKM_00760,0.264407
SKM_00761,0.212086
SKM_00762,0.222858
SKM_00763,0.148336
SKM_00764,0.124027
SKM_00765,0.066657
SKM_00766,0.222042
SKM_00767,0.25551
SKM_00768,0.17998
SKM_00769,0.219955
SKM_00770,0.236115
SKM_00771,0.087296
SKM_00772,0.052198
SKM_00773,
SKM_00774,
SKM_00775,0.040285
SKM_00776,
SKM_00777,0.322323
SKM_00778,0.410873
SKM_00779,0.361144
SKM_00780,0.365959
SKM_00781,0.115793
SKM_00782,0.107794
SKM_00783,0.208471
SKM_00784,0.302314
SKM_00785,0.331987
SKM_00786,0.275854
SKM_00787,0.214288
SKM_00788,0.257671
SKM_00789,0.206824
SKM_00790,0.151676
SKM_00791,0.055033
SKM_00792,0.103882
SKM_00793,0.146904
SKM_00794,0.107273
SKM_00795,0.201627
SKM_00796,0.153521
SKM_00797,0.058754
SKM_00798,0.162206
SKM_00799,0.312484
SKM_00800,0.182769
SKM_00801,0.074321
SKM_00802,0.078769
SKM_00803,0.046888
SKM_00804,0.015736
SKM_00805,
SKM_00806,
SKM_00807,
SKM_00808,
SKM_00809,
SKM_00810,
SKM_00811,
SKM_00812,
SKM_00813,
SKM_00814,
SKM_00815,
SKM_00816,-0.070193
SKM_00817,0.013285
SKM_00818,-0.046179
SKM_00819,0.035629
SKM_00820,0.030978
SKM_00821,0.05683
SKM_00822,0.056866
SKM_00823,0.075238
SKM_00824,0.094656
SKM_00825,0.08197
SKM_00826,0.027599
SKM_00827,0.102237
SKM_00828,0.182211
SKM_00829,0.159811
SKM_00830,0.040215
SKM_00831,0.14557
SKM_00832,0.1952
SKM_00833,0.191511
SKM_00834,0.168466
SKM_00835,0.178873
SKM_00836,0.179416
SKM_00837,0.220589
SKM_00838,0.211389
SKM_00839,0.125146
SKM_00840,0.080796
SKM_00841,0.209447
SKM_00842,0.215448
SKM_00843,0.244628
SKM_00844,0.170535
SKM_00845,0.132679
SKM_00846,0.050202
SKM_00847,
SKM_00848,0.157449
SKM_00849,0.124343
SKM_00850,0.150467
SKM_00851,0.129434
SKM_00852,0.329859
SKM_00853,0.351624
SKM_00854,0.143051
SKM_00855,0.131709
SKM_00856,0.310991
SKM_00857,0.347228
SKM_00858,0.320979
SKM_00859,0.197962
SKM_00860,0.174093
SKM_00861,0.188976
SKM_00862,
SKM_00863,0.258184
SKM_00864,0.17483
SKM_00865,0.090523
SKM_00866,0.088472
SKM_00867,0.003188
SKM_00868,0.119212
SKM_00869,0.163151
SKM_00870,0.166751
SKM_00871,0.275758
SKM_00872,0.249579
SKM_00873,0.240256
SKM_00874,0.183947
SKM_00875,0.145918
SKM_00876,0.097938
SKM_00877,0.039654
SKM_00878,0.033334
SKM_00879,
SKM_00880,
SKM_00881,
SKM_00882,
SKM_00883,
SKM_00884,
SKM_00885,
SKM_00886,
SKM_00887,
SKM_00888,
SKM_00889,
SKM_00890,
SKM_00891,-0.350444
SKM_00892,-0.257279
SKM_00893,-0.052142
SKM_00894,-0.358169
SKM_00895,-0.29772
SKM_00896,-0.288438
SKM_00897,0.047003
SKM_00898,0.086197
SKM_00899,0.13595
SKM_00900,0.145509
SKM_00901,0.115655
SKM_00902,0.162338
SKM_00903,0.151266
SKM_00904,0.085353
SKM_00905,0.080856
SKM_00906,0.17533
SKM_00907,0.257883
SKM_00908,0.317217
SKM_00909,0.285772
SKM_00910,0.241141
SKM_00911,0.193021
SKM_00912,0.232519
SKM_00913,0.106548
SKM_00914,0.167465
SKM_00915,0.123954
SKM_00916,0.155552
SKM_00917,0.214949
SKM_00918,0.229585
SKM_00919,0.140305
SKM_00920,0.100824
SKM_00921,0.047771
SKM_00922,0.079153
SKM_00923,0.106972
SKM_00924,0.306678
SKM_00925,0.289046
SKM_00926,0.285866
SKM_00927,0.361579
SKM_00928,0.360735
SKM_00929,0.262198
SKM_00930,0.340234
SKM_00931,0.380549
SKM_00932,0.369666
SKM_00933,0.404918
SKM_00934,0.330294
SKM_00935,0.24717
SKM_00936,0.200017
SKM_00937,
SKM_00938,0.248145
SKM_00939,0.099095
SKM_00940,
SKM_00941,
SKM_00942,0.020922
SKM_00943,
SKM_00944,0.177036
SKM_00945,0.293818
SKM_00946,0.29019
SKM_00947,0.248548
SKM_00948,0.173834
SKM_00949,0.225582
SKM_00950,0.181665
SKM_00951,0.190547
SKM_00952,0.132556
SKM_00953,0.070696
SKM_00954,0.049452
SKM_00955,
SKM_00956,
SKM_00957,
SKM_00958,
SKM_00959,
SKM_00960,
SKM_00961,
SKM_00962,
SKM_00963,
SKM_00964,
SKM_00965,
SKM_00966,-0.082641
SKM_00967,-0.078008
SKM_00968,-0.101795
SKM_00969,-0.604359
SKM_00970,-0.462598
SKM_00971,-0.070386
SKM_00972,0.184368
SKM_00973,0.1479
SKM_00974,0.246111
SKM_00975,0.199299
SKM_00976,0.127921
SKM_00977,0.139946
SKM_00978,0.091197
SKM_00979,0.100424
SKM_00980,0.076324
SKM_00981,0.082544
SKM_00982,0.058316
SKM_00983,0.103906
SKM_00984,0.06613
SKM_00985,0.092526
SKM_00986,0.168163
SKM_00987,0.214396
SKM_00988,0.162234
SKM_00989,0.145572
SKM_00990,0.13904
SKM_00991,0.149189
SKM_00992,0.206251
SKM_00993,0.239706
SKM_00994,0.121647
SKM_00995,0.121102
SKM_00996,0.145011
SKM_00997,0.205945
SKM_00998,0.234228
SKM_00999,0.336906
SKM_01000,0.419945
SKM_01001,0.39249
SKM_01002,0.366246
SKM_01003,0.396568
SKM_01004,0.339839
SKM_01005,0.419418
SKM_01006,0.518634
SKM_01007,0.351785
SKM_01008,
SKM_01009,
SKM_01010,0.2111
SKM_01011,0.155591
SKM_01012,0.11103
SKM_01013,0.006262
SKM_01014,
SKM_01015,
SKM_01016,0.075051
SKM_01017,0.036211
SKM_01018,
SKM_01019,0.068932
SKM_01020,0.26902
SKM_01021,0.364546
SKM_01022,0.270765
SKM_01023,0.177383
SKM_01024,0.196946
SKM_01025,0.155467
SKM_01026,0.133107
SKM_01027,0.095647
SKM_01028,-0.413931
SKM_01029,-0.000341
SKM_01030,
SKM_01031,
SKM_01032,
SKM_01033,0.079991
SKM_01034,
SKM_01035,
SKM_01036,
SKM_01037,
SKM_01038,
SKM_01039,
SKM_01040,
SKM_01041,-0.114895
SKM_01042,-0.123902
SKM_01043,-0.127147
SKM_01044,0.0145
SKM_01045,-0.079353
SKM_01046,0.06686
SKM_01047,0.007314
SKM_01048,0.141148
SKM_01049,0.1387
SKM_01050,0.16931
SKM_01051,0.196337
SKM_01052,0.204972
SKM_01053,0.122918
SKM_01054,0.13423
SKM_01055,0.087471
SKM_01056,0.150957
SKM_01057,0.089882
SKM_01058,0.087474
SKM_01059,0.131593
SKM_01060,0.093335
SKM_01061,0.100944
SKM_01062,0.182674
SKM_01063,0.216441
SKM_01064,0.234826
SKM_01065,0.204463
SKM_01066,0.19131
SKM_01067,0.217359
SKM_01068,0.171736
SKM_01069,0.017082
SKM_01070,-0.029394
SKM_01071,
SKM_01072,0.171037
SKM_01073,0.164282
SKM_01074,0.289
SKM_01075,0.305696
SKM_01076,0.443765
SKM_01077,0.484988
SKM_01078,0.559716
SKM_01079,0.408516
SKM_01080,0.576772
SKM_01081,
SKM_01082,0.142834
SKM_01083,0.130948
SKM_01084,0.143474
SKM_01085,
SKM_01086,
SKM_01087,
SKM_01088,
SKM_01089,
SKM_01090,
SKM_01091,
SKM_01092,0.025214
SKM_01093,
SKM_01094,0.104161
SKM_01095,0.321717
SKM_01096,0.31982
SKM_01097,0.222295
SKM_01098,0.07461
SKM_01099,0.103764
SKM_01100,0.037372
SKM_01101,-0.474604
SKM_01102,0.030127
SKM_01103,0.009423
SKM_01104,
SKM_01105,
SKM_01106,0.109317
SKM_01107,0.069397
SKM_01108,0.12987
SKM_01109,0.052834
SKM_01110,0.04671
SKM_01111,
SKM_01112,
SKM_01113,
SKM_01114,
SKM_01115,
SKM_01116,
SKM_01117,
SKM_01118,
SKM_01119,
SKM_01120,-0.130108
SKM_01121,0.043014
SKM_01122,0.001501
SKM_01123,0.07993
SKM_01124,0.006814
SKM_01125,0.045379
SKM_01126,0.092919
SKM_01127,-0.127674
SKM_01128,0.172962
SKM_01129,0.144637
SKM_01130,0.13612
SKM_01131,0.085483
SKM_01132,0.028813
SKM_01133,0.031643
SKM_01134,0.04753
SKM_01135,0.145125
SKM_01136,0.078215
SKM_01137,0.148192
SKM_01138,0.250492
SKM_01139,0.281038
SKM_01140,0.245223
SKM_01141,0.20441
SKM_01142,0.195025
SKM_01143,0.148068
SKM_01144,0.023826
SKM_01145,0.057083
SKM_01146,
SKM_01147,
SKM_01148,
SKM_01149,
SKM_01150,
SKM_01151,
SKM_01152,0.456825
SKM_01153,0.585281
SKM_01154,0.449907
SKM_01155,0.387371
SKM_01156,0.226626
SKM_01157,0.271716
SKM_01158,0.286102
SKM_01159,0.269594
SKM_01160,0.197213
SKM_01161,0.130859
SKM_01162,
SKM_01163,
SKM_01164,
SKM_01165,
SKM_01166,
SKM_01167,0.102343
SKM_01168,
SKM_01169,0.163328
SKM_01170,0.354999
SKM_01171,0.377213
SKM_01172,0.156894
SKM_01173,0.085161
SKM_01174,0.050574
SKM_01175,
SKM_01176,0.060346
SKM_01177,0.096135
SKM_01178,0.085395
SKM_01179,0.047932
SKM_01180,0.072934
SKM_01181,0.122146
SKM_01182,0.086723
SKM_01183,0.08951
SKM_01184,0.045921
SKM_01185,
SKM_01186,
SKM_01187,
SKM_01188,
SKM_01189,
SKM_01190,
SKM_01191,
SKM_01192,
SKM_01193,
SKM_01194,-0.038585
SKM_01195,-0.001747
SKM_01196,-0.024185
SKM_01197,0.058353
SKM_01198,0.098064
SKM_01199,
SKM_01200,0.016838
SKM_01201,-0.042234
SKM_01202,0.1798
SKM_01203,0.18366
SKM_01204,0.196777
SKM_01205,0.104458
SKM_01206,0.11552
SKM_01207,0.072363
SKM_01208,0.061971
SKM_01209,0.048517
SKM_01210,0.069383
SKM_01211,0.12564
SKM_01212,0.139441
SKM_01213,0.138844
SKM_01214,0.189047
SKM_01215,0.190011
SKM_01216,0.261738
SKM_01217,0.313034
SKM_01218,0.159919
SKM_01219,0.123228
SKM_01220,0.223519
SKM_01221,0.153509
SKM_01222,0.135942
SKM_01223,
SKM_01224,
SKM_01225,0.118968
SKM_01226,0.23228
SKM_01227,0.507648
SKM_01228,0.63842
SKM_01229,0.532464
SKM_01230,0.383364
SKM_01231,0.352006
SKM_01232,0.430203
SKM_01233,0.519518
SKM_01234,0.468074
SKM_01235,0.250265
SKM_01236,0.210904
SKM_01237,0.152937
SKM_01238,0.099033
SKM_01239,0.01696
SKM_01240,
SKM_01241,0.104075
SKM_01242,0.184517
SKM_01243,0.120641
SKM_01244,0.369025
SKM_01245,0.427055
SKM_01246,0.240695
SKM_01247,0.185396
SKM_01248,0.154673
SKM_01249,0.055806
SKM_01250,0.073101
SKM_01251,0.049138
SKM_01252,0.074906
SKM_01253,0.148575
SKM_01254,-0.000215
SKM_01255,0.018464
SKM_01256,0.125208
SKM_01257,0.183204
SKM_01258,0.039492
SKM_01259,0.14644
SKM_01260,0.141093
SKM_01261,0.157428
SKM_01262,
SKM_01263,
SKM_01264,
SKM_01265,
SKM_01266,
SKM_01267,
SKM_01268,
SKM_01269,
SKM_01270,
SKM_01271,
SKM_01272,
SKM_01273,0.031861
SKM_01274,0.075324
SKM_01275,0.143054
SKM_01276,0.16243
SKM_01277,0.17258
SKM_01278,0.142132
SKM_01279,0.173809
SKM_01280,0.145407
SKM_01281,0.121701
SKM_01282,0.112227
SKM_01283,0.086353
SKM_01284,0.119662
SKM_01285,0.198716
SKM_01286,0.247997
SKM_01287,0.212006
SKM_01288,0.342347
SKM_01289,0.170762
SKM_01290,0.283671
SKM_01291,0.315508
SKM_01292,0.393584
SKM_01293,0.272519
SKM_01294,0.24399
SKM_01295,0.260762
SKM_01296,
SKM_01297,0.093547
SKM_01298,0.124932
SKM_01299,
SKM_01300,0.215816
SKM_01301,0.477235
SKM_01302,0.648029
SKM_01303,0.470908
SKM_01304,0.546512
SKM_01305,0.504391
SKM_01306,0.308193
SKM_01307,
SKM_01308,0.414131
SKM_01309,0.381092
SKM_01310,0.319473
SKM_01311,0.211367
SKM_01312,0.14944
SKM_01313,
SKM_01314,
SKM_01315,0.134678
SKM_01316,0.195893
SKM_01317,0.29972
SKM_01318,0.420093
SKM_01319,
SKM_01320,0.03758
SKM_01321,0.083355
SKM_01322,-0.008712
SKM_01323,-0.104055
SKM_01324,0.074471
SKM_01325,0.07041
SKM_01326,0.215527
SKM_01327,0.244599
SKM_01328,0.088657
SKM_01329,0.062047
SKM_01330,0.142072
SKM_01331,0.118442
SKM_01332,0.182528
SKM_01333,0.281702
SKM_01334,-0.060861
SKM_01335,0.059389
SKM_01336,
SKM_01337,
SKM_01338,
SKM_01339,
SKM_01340,
SKM_01341,
SKM_01342,
SKM_01343,0.043355
SKM_01344,0.003649
SKM_01345,0.080554
SKM_01346,0.10515
SKM_01347,0.157001
SKM_01348,0.227932
SKM_01349,0.117191
SKM_01350,0.061486
SKM_01351,0.107567
SKM_01352,0.248875
SKM_01353,0.240178
SKM_01354,0.2049
SKM_01355,0.085518
SKM_01356,0.206429
SKM_01357,0.267479
SKM_01358,0.251646
SKM_01359,0.299661
SKM_01360,0.299079
SKM_01361,0.106805
SKM_01362,0.226098
SKM_01363,0.195456
SKM_01364,0.366023
SKM_01365,0.413619
SKM_01366,0.227725
SKM_01367,0.121181
SKM_01368,0.156886
SKM_01369,0.163106
SKM_01370,
SKM_01371,
SKM_01372,0.199544
SKM_01373,0.549886
SKM_01374,0.611862
SKM_01375,0.501178
SKM_01376,0.518124
SKM_01377,0.45644
SKM_01378,0.313621
SKM_01379,0.126348
SKM_01380,
SKM_01381,
SKM_01382,0.216247
SKM_01383,0.114862
SKM_01384,
SKM_01385,
SKM_01386,
SKM_01387,0.166923
SKM_01388,0.364321
SKM_01389,0.366643
SKM_01390,0.509016
SKM_01391,
SKM_01392,0.055835
SKM_01393,
SKM_01394,
SKM_01395,
SKM_01396,
SKM_01397,0.092775
SKM_01398,0.167951
SKM_01399,0.25983
SKM_01400,0.130552
SKM_01401,0.076198
SKM_01402,0.149073
SKM_01403,0.271293
SKM_01404,0.295348
SKM_01405,0.376448
SKM_01406,0.206306
SKM_01407,0.045129
SKM_01408,
SKM_01409,
SKM_01410,
SKM_01411,
SKM_01412,
SKM_01413,
SKM_01414,0.031514
SKM_01415,-0.086779
SKM_01416,-0.088884
SKM_01417,0.202619
SKM_01418,0.211085
SKM_01419,0.16862
SKM_01420,0.179674
SKM_01421,0.084068
SKM_01422,0.095387
SKM_01423,0.173244
SKM_01424,0.147467
SKM_01425,0.153147
SKM_01426,0.129734
SKM_01427,0.263553
SKM_01428,0.170095
SKM_01429,0.184565
SKM_01430,0.104908
SKM_01431,0.166854
SKM_01432,0.049364
SKM_01433,
SKM_01434,0.240271
SKM_01435,0.454927
SKM_01436,0.495527
SKM_01437,0.4795
SKM_01438,0.363437
SKM_01439,0.320818
SKM_01440,0.185164
SKM_01441,0.132998
SKM_01442,0.240673
SKM_01443,0.259918
SKM_01444,0.409802
SKM_01445,0.586068
SKM_01446,0.437408
SKM_01447,0.705689
SKM_01448,0.592809
SKM_01449,0.303551
SKM_01450,0.281904
SKM_01451,
SKM_01452,
SKM_01453,
SKM_01454,0.019598
SKM_01455,
SKM_01456,
SKM_01457,
SKM_01458,0.160524
SKM_01459,0.365436
SKM_01460,0.544794
SKM_01461,0.509308
SKM_01462,0.214622
SKM_01463,0.084979
SKM_01464,
SKM_01465,
SKM_01466,
SKM_01467,
SKM_01468,0.092055
SKM_01469,0.272785
SKM_01470,0.269704
SKM_01471,0.250806
SKM_01472,0.19306
SKM_01473,0.327366
SKM_01474,0.256179
SKM_01475,0.277243
SKM_01476,0.304077
SKM_01477,0.240552
SKM_01478,0.231121
SKM_01479,0.084807
SKM_01480,
SKM_01481,-0.101601
SKM_01482,
SKM_01483,0.055239
SKM_01484,-0.122933
SKM_01485,0.117074
SKM_01486,0.135845
SKM_01487,0.130177
SKM_01488,0.074244
SKM_01489,0.076465
SKM_01490,0.099313
SKM_01491,0.046182
SKM_01492,0.021737
SKM_01493,0.060391
SKM_01494,0.12259
SKM_01495,0.298274
SKM_01496,0.11468
SKM_01497,0.028471
SKM_01498,0.015116
SKM_01499,0.034651
SKM_01500,0.039402
SKM_01501,
SKM_01502,
SKM_01503,0.172151
SKM_01504,
SKM_01505,
SKM_01506,0.589905
SKM_01507,0.611303
SKM_01508,0.303262
SKM_01509,0.290597
SKM_01510,
SKM_01511,0.247551
SKM_01512,0.417911
SKM_01513,0.531202
SKM_01514,0.597317
SKM_01515,0.465762
SKM_01516,0.726556
SKM_01517,0.673365
SKM_01518,0.572715
SKM_01519,0.338466
SKM_01520,
SKM_01521,0.150044
SKM_01522,0.116554
SKM_01523,
SKM_01524,
SKM_01525,
SKM_01526,
SKM_01527,
SKM_01528,0.383762
SKM_01529,0.609769
SKM_01530,0.676979
SKM_01531,0.398764
SKM_01532,0.285909
SKM_01533,0.143623
SKM_01534,
SKM_01535,
SKM_01536,
SKM_01537,
SKM_01538,0.262388
SKM_01539,0.334514
SKM_01540,0.170513
SKM_01541,0.343419
SKM_01542,0.354856
SKM_01543,0.27759
SKM_01544,0.336483
SKM_01545,0.264123
SKM_01546,0.239329
SKM_01547,0.113094
SKM_01548,0.02531
SKM_01549,
SKM_01550,
SKM_01551,
SKM_01552,
SKM_01553,0.046179
SKM_01554,0.054066
SKM_01555,0.036176
SKM_01556,0.045178
SKM_01557,0.056968
SKM_01558,0.106267
SKM_01559,0.110362
SKM_01560,0.013985
SKM_01561,0.125321
SKM_01562,
SKM_01563,0.11907
SKM_01564,
SKM_01565,0.050276
SKM_01566,0.067439
SKM_01567,
SKM_01568,
SKM_01569,
SKM_01570,
SKM_01571,
SKM_01572,
SKM_01573,
SKM_01574,0.27079
SKM_01575,0.602524
SKM_01576,0.621075
SKM_01577,0.660507
SKM_01578,0.403609
SKM_01579,0.160535
SKM_01580,
SKM_01581,0.223149
SKM_01582,0.436104
SKM_01583,0.654443
SKM_01584,0.445966
SKM_01585,0.706368
SKM_01586,0.477085
SKM_01587,0.331883
SKM_01588,0.31909
SKM_01589,0.302949
SKM_01590,0.244045
SKM_01591,0.176615
SKM_01592,
SKM_01593,
SKM_01594,
SKM_01595,
SKM_01596,0.113911
SKM_01597,0.398812
SKM_01598,0.63417
SKM_01599,0.593184
SKM_01600,0.509125
SKM_01601,0.342659
SKM_01602,0.21658
SKM_01603,
SKM_01604,
SKM_01605,0.091222
SKM_01606,0.140435
SKM_01607,0.194427
SKM_01608,0.289857
SKM_01609,0.344428
SKM_01610,0.336728
SKM_01611,0.388773
SKM_01612,0.324515
SKM_01613,0.168946
SKM_01614,0.239444
SKM_01615,0.180575
SKM_01616,-0.022637
SKM_01617,
SKM_01618,
SKM_01619,
SKM_01620,
SKM_01621,
SKM_01622,
SKM_01623,
SKM_01624,0.025689
SKM_01625,-0.151012
SKM_01626,-0.243696
SKM_01627,0.083182
SKM_01628,0.076771
SKM_01629,0.064186
SKM_01630,0.081404
SKM_01631,0.009548
SKM_01632,
SKM_01633,
SKM_01634,
SKM_01635,0.104898
SKM_01636,0.094182
SKM_01637,0.196407
SKM_01638,0.153055
SKM_01639,0.130282
SKM_01640,0.034787
SKM_01641,
SKM_01642,0.21462
SKM_01643,
SKM_01644,
SKM_01645,0.162703
SKM_01646,0.282613
SKM_01647,0.619492
SKM_01648,0.621808
SKM_01649,0.230423
SKM_01650,
SKM_01651,
SKM_01652,0.283522
SKM_01653,0.58988
SKM_01654,0.561261
SKM_01655,0.522332
SKM_01656,0.60697
SKM_01657,0.616642
SKM_01658,0.662546
SKM_01659,0.559268
SKM_01660,0.332791
SKM_01661,0.177728
SKM_01662,
SKM_01663,
SKM_01664,
SKM_01665,0.202292
SKM_01666,0.232067
SKM_01667,0.286924
SKM_01668,0.501074
SKM_01669,0.595252
SKM_01670,0.565071
SKM_01671,0.645553
SKM_01672,0.49282
SKM_01673,0.254502
SKM_01674,
SKM_01675,
SKM_01676,0.329549
SKM_01677,0.317198
SKM_01678,0.178048
SKM_01679,0.247835
SKM_01680,0.392985
SKM_01681,0.375149
SKM_01682,0.372387
SKM_01683,0.137895
SKM_01684,0.045867
SKM_01685,0.114046
SKM_01686,0.103451
SKM_01687,
SKM_01688,
SKM_01689,
SKM_01690,
SKM_01691,-0.031432
SKM_01692,0.027726
SKM_01693,-0.001633
SKM_01694,-0.289355
SKM_01695,0.023511
SKM_01696,-0.005479
SKM_01697,0.023286
SKM_01698,0.012779
SKM_01699,0.009935
SKM_01700,-8.7e-05
SKM_01701,
SKM_01702,
SKM_01703,-0.052861
SKM_01704,
SKM_01705,0.063313
SKM_01706,0.296846
SKM_01707,0.288005
SKM_01708,0.282886
SKM_01709,0.269943
SKM_01710,0.226729
SKM_01711,0.175102
SKM_01712,0.153165
SKM_01713,0.213409
SKM_01714,
SKM_01715,
SKM_01716,0.569607
SKM_01717,0.541912
SKM_01718,0.473651
SKM_01719,0.296199
SKM_01720,0.145342
SKM_01721,0.172131
SKM_01722,0.602938
SKM_01723,0.643735
SKM_01724,0.5307
SKM_01725,0.693738
SKM_01726,0.575039
SKM_01727,0.69865
SKM_01728,0.561608
SKM_01729,0.369041
SKM_01730,0.245793
SKM_01731,
SKM_01732,
SKM_01733,0.10938
SKM_01734,0.163374
SKM_01735,
SKM_01736,0.410349
SKM_01737,0.605792
SKM_01738,0.306702
SKM_01739,0.525525
SKM_01740,0.693583
SKM_01741,0.615703
SKM_01742,0.34675
SKM_01743,0.143192
SKM_01744,0.264508
SKM_01745,0.386302
SKM_01746,0.355281
SKM_01747,0.158764
SKM_01748,0.065922
SKM_01749,0.163426
SKM_01750,0.411829
SKM_01751,0.33946
SKM_01752,0.168443
SKM_01753,0.116014
SKM_01754,0.119665
SKM_01755,0.042054
SKM_01756,
SKM_01757,
SKM_01758,
SKM_01759,
SKM_01760,
SKM_01761,0.006357
SKM_01762,
SKM_01763,
SKM_01764,-0.006178
SKM_01765,
SKM_01766,
SKM_01767,
SKM_01768,-0.007022
SKM_01769,
SKM_01770,
SKM_01771,
SKM_01772,0.082816
SKM_01773,0.317348
SKM_01774,
SKM_01775,
SKM_01776,0.504119
SKM_01777,0.441571
SKM_01778,0.482413
SKM_01779,0.374033
SKM_01780,0.312771
SKM_01781,0.30487
SKM_01782,0.196659
SKM_01783,
SKM_01784,
SKM_01785,0.466737
SKM_01786,0.469515
SKM_01787,0.296002
SKM_01788,0.189728
SKM_01789,0.115244
SKM_01790,0.48075
SKM_01791,0.524431
SKM_01792,0.482694
SKM_01793,0.700065
SKM_01794,0.626333
SKM_01795,0.579633
SKM_01796,0.592083
SKM_01797,
SKM_01798,
SKM_01799,0.061188
SKM_01800,0.216459
SKM_01801,0.345826
SKM_01802,
SKM_01803,
SKM_01804,0.224522
SKM_01805,0.40742
SKM_01806,0.333174
SKM_01807,0.518086
SKM_01808,0.701123
SKM_01809,0.639518
SKM_01810,0.388591
SKM_01811,0.202084
SKM_01812,0.462076
SKM_01813,0.555059
SKM_01814,0.262934
SKM_01815,0.124299
SKM_01816,0.077866
SKM_01817,0.147265
SKM_01818,0.402489
SKM_01819,0.351805
SKM_01820,0.195029
SKM_01821,0.300373
SKM_01822,0.183172
SKM_01823,0.037476
SKM_01824,
SKM_01825,-0.164824
SKM_01826,
SKM_01827,
SKM_01828,
SKM_01829,
SKM_01830,
SKM_01831,
SKM_01832,
SKM_01833,
SKM_01834,
SKM_01835,
SKM_01836,
SKM_01837,
SKM_01838,
SKM_01839,
SKM_01840,
SKM_01841,
SKM_01842,
SKM_01843,
SKM_01844,
SKM_01845,
SKM_01846,
SKM_01847,0.583193
SKM_01848,0.55934
SKM_01849,0.477289
SKM_01850,0.350181
SKM_01851,0.304742
SKM_01852,0.374589
SKM_01853,0.391371
SKM_01854,0.446755
SKM_01855,0.540247
SKM_01856,0.378841
SKM_01857,0.278988
SKM_01858,0.456009
SKM_01859,0.598189
SKM_01860,0.613371
SKM_01861,0.645195
SKM_01862,0.639698
SKM_01863,0.534947
SKM_01864,0.464713
SKM_01865,0.418155
SKM_01866,0.243989
SKM_01867,0.306255
SKM_01868,0.479042
SKM_01869,0.473541
SKM_01870,0.168529
SKM_01871,0.224754
SKM_01872,0.29838
SKM_01873,0.13769
SKM_01874,0.319366
SKM_01875,0.648731
SKM_01876,0.660468
SKM_01877,0.646107
SKM_01878,0.498716
SKM_01879,0.223989
SKM_01880,0.367306
SKM_01881,0.561667
SKM_01882,0.504125
SKM_01883,0.252252
SKM_01884,0.16872
SKM_01885,0.181775
SKM_01886,0.470597
SKM_01887,0.589017
SKM_01888,0.355457
SKM_01889,0.247677
SKM_01890,0.197667
SKM_01891,0.102675
SKM_01892,
SKM_01893,
SKM_01894,
SKM_01895,
SKM_01896,
SKM_01897,
SKM_01898,
SKM_01899,
SKM_01900,
SKM_01901,
SKM_01902,
SKM_01903,
SKM_01904,
SKM_01905,0.030702
SKM_01906,
SKM_01907,
SKM_01908,
SKM_01909,
SKM_01910,
SKM_01911,
SKM_01912,
SKM_01913,
SKM_01914,
SKM_01915,
SKM_01916,0.541401
SKM_01917,0.629181
SKM_01918,0.552896
SKM_01919,0.595317
SKM_01920,0.551914
SKM_01921,0.632325
SKM_01922,0.60143
SKM_01923,0.46262
SKM_01924,0.432512
SKM_01925,0.536591
SKM_01926,0.668901
SKM_01927,0.613232
SKM_01928,0.589272
SKM_01929,0.517412
SKM_01930,0.569136
SKM_01931,0.582589
SKM_01932,0.612542
SKM_01933,0.43479
SKM_01934,0.527974
SKM_01935,0.580788
SKM_01936,0.354568
SKM_01937,0.170415
SKM_01938,0.544025
SKM_01939,0.541353
SKM_01940,0.161323
SKM_01941,0.20003
SKM_01942,0.511988
SKM_01943,0.718566
SKM_01944,0.672117
SKM_01945,0.590119
SKM_01946,0.234217
SKM_01947,0.19207
SKM_01948,0.55932
SKM_01949,0.655342
SKM_01950,0.429397
SKM_01951,0.247072
SKM_01952,0.267283
SKM_01953,0.503753
SKM_01954,0.432811
SKM_01955,0.183887
SKM_01956,0.19331
SKM_01957,0.126687
SKM_01958,
SKM_01959,
SKM_01960,
SKM_01961,
SKM_01962,0.042412
SKM_01963,0.029219
SKM_01964,
SKM_01965,
SKM_01966,
SKM_01967,
SKM_01968,
SKM_01969,
SKM_01970,
SKM_01971,0.126516
SKM_01972,0.198674
SKM_01973,0.054393
SKM_01974,0.156135
SKM_01975,0.198538
SKM_01976,0.200722
SKM_01977,0.252983
SKM_01978,0.210454
SKM_01979,0.298665
SKM_01980,0.307739
SKM_01981,0.377595
SKM_01982,0.483019
SKM_01983,0.410903
SKM_01984,0.529873
SKM_01985,0.697354
SKM_01986,0.67112
SKM_01987,0.639773
SKM_01988,0.523112
SKM_01989,0.587233
SKM_01990,0.597055
SKM_01991,0.641861
SKM_01992,0.598429
SKM_01993,0.675803
SKM_01994,0.618523
SKM_01995,0.469594
SKM_01996,0.516904
SKM_01997,0.711909
SKM_01998,0.635615
SKM_01999,0.692541
SKM_02000,0.572922
SKM_02001,0.479554
SKM_02002,0.239711
SKM_02003,0.37031
SKM_02004,0.194546
SKM_02005,0.395626
SKM_02006,0.672817
SKM_02007,0.329569
SKM_02008,0.148236
SKM_02009,0.435246
SKM_02010,0.602503
SKM_02011,0.697727
SKM_02012,0.638072
SKM_02013,0.367428
SKM_02014,0.179824
SKM_02015,0.510663
SKM_02016,0.743647
SKM_02017,0.576822
SKM_02018,0.239303
SKM_02019,0.538236
SKM_02020,0.65238
SKM_02021,0.583961
SKM_02022,0.29911
SKM_02023,0.217739
SKM_02024,0.185381
SKM_02025,
SKM_02026,
SKM_02027,
SKM_02028,
SKM_02029,0.007005
SKM_02030,0.018451
SKM_02031,-0.002463
SKM_02032,-0.014478
SKM_02033,
SKM_02034,0.08111
SKM_02035,0.100297
SKM_02036,0.170878
SKM_02037,0.158905
SKM_02038,0.193005
SKM_02039,0.190432
SKM_02040,0.202317
SKM_02041,0.268163
SKM_02042,0.285571
SKM_02043,0.349159
SKM_02044,0.335652
SKM_02045,0.268952
SKM_02046,0.482004
SKM_02047,0.498799
SKM_02048,0.484662
SKM_02049,0.582572
SKM_02050,0.572174
SKM_02051,0.525676
SKM_02052,0.603778
SKM_02053,0.552184
SKM_02054,0.560048
SKM_02055,0.50585
SKM_02056,0.45636
SKM_02057,0.589936
SKM_02058,0.585989
SKM_02059,0.681821
SKM_02060,0.62305
SKM_02061,0.604571
SKM_02062,0.498434
SKM_02063,0.60667
SKM_02064,0.345374
SKM_02065,0.280982
SKM_02066,0.636121
SKM_02067,0.285468
SKM_02068,0.375169
SKM_02069,0.533823
SKM_02070,0.598492
SKM_02071,0.478516
SKM_02072,0.581995
SKM_02073,0.574846
SKM_02074,
SKM_02075,
SKM_02076,0.187427
SKM_02077,0.482046
SKM_02078,0.596103
SKM_02079,0.697272
SKM_02080,0.651486
SKM_02081,0.47652
SKM_02082,0.619543
SKM_02083,0.831694
SKM_02084,0.634969
SKM_02085,0.352878
SKM_02086,0.690098
SKM_02087,0.768866
SKM_02088,0.573073
SKM_02089,0.193836
SKM_02090,0.144255
SKM_02091,0.231693
SKM_02092,-0.133266
SKM_02093,
SKM_02094,
SKM_02095,
SKM_02096,
SKM_02097,
SKM_02098,
SKM_02099,-0.009401
SKM_02100,0.04493
SKM_02101,0.12074
SKM_02102,0.141265
SKM_02103,0.116378
SKM_02104,0.126787
SKM_02105,0.09207
SKM_02106,0.024847
SKM_02107,0.138935
SKM_02108,0.053352
SKM_02109,0.050247
SKM_02110,0.109949
SKM_02111,0.269178
SKM_02112,0.358801
SKM_02113,0.532498
SKM_02114,0.519087
SKM_02115,0.608268
SKM_02116,0.617239
SKM_02117,0.547533
SKM_02118,0.379771
SKM_02119,
SKM_02120,
SKM_02121,0.4603
SKM_02122,
SKM_02123,0.097904
SKM_02124,0.234476
SKM_02125,0.539489
SKM_02126,0.573088
SKM_02127,0.601118
SKM_02128,0.586107
SKM_02129,0.607684
SKM_02130,0.502849
SKM_02131,0.44284
SKM_02132,0.599109
SKM_02133,0.158121
SKM_02134,0.155729
SKM_02135,0.256332
SKM_02136,0.54046
SKM_02137,0.656003
SKM_02138,0.619901
SKM_02139,0.673385
SKM_02140,0.717027
SKM_02141,0.476476
SKM_02142,0.281749
SKM_02143,0.160736
SKM_02144,0.359677
SKM_02145,0.423629
SKM_02146,0.382139
SKM_02147,0.59753
SKM_02148,0.801011
SKM_02149,0.665891
SKM_02150,0.651685
SKM_02151,0.717819
SKM_02152,0.458218
SKM_02153,0.483306
SKM_02154,0.72498
SKM_02155,0.693148
SKM_02156,0.28125
SKM_02157,0.255649
SKM_02158,0.238361
SKM_02159,
SKM_02160,
SKM_02161,-0.10048
SKM_02162,
SKM_02163,
SKM_02164,
SKM_02165,
SKM_02166,
SKM_02167,
SKM_02168,0.070695
SKM_02169,0.054977
SKM_02170,-0.029319
SKM_02171,0.035704
SKM_02172,0.06388
SKM_02173,0.116632
SKM_02174,0.057007
SKM_02175,0.058698
SKM_02176,0.297645
SKM_02177,0.145655
SKM_02178,0.227864
SKM_02179,0.28793
SKM_02180,0.408873
SKM_02181,0.40247
SKM_02182,
SKM_02183,
SKM_02184,
SKM_02185,0.610837
SKM_02186,0.658704
SKM_02187,0.510457
SKM_02188,
SKM_02189,
SKM_02190,0.451395
SKM_02191,
SKM_02192,
SKM_02193,
SKM_02194,0.246776
SKM_02195,0.55122
SKM_02196,0.549928
SKM_02197,0.661452
SKM_02198,0.697812
SKM_02199,0.665691
SKM_02200,0.53599
SKM_02201,0.489164
SKM_02202,0.397188
SKM_02203,0.392049
SKM_02204,0.405366
SKM_02205,0.310126
SKM_02206,0.55148
SKM_02207,0.656673
SKM_02208,0.614121
SKM_02209,0.651324
SKM_02210,0.528624
SKM_02211,0.216841
SKM_02212,0.173584
SKM_02213,0.241744
SKM_02214,0.279076
SKM_02215,0.318256
SKM_02216,0.591745
SKM_02217,0.748231
SKM_02218,0.798665
SKM_02219,0.603471
SKM_02220,0.551513
SKM_02221,0.587716
SKM_02222,0.732808
SKM_02223,0.635737
SKM_02224,0.414202
SKM_02225,0.250509
SKM_02226,0.136571
SKM_02227,0.069398
SKM_02228,0.087019
SKM_02229,0.062824
SKM_02230,0.008756
SKM_02231,
SKM_02232,
SKM_02233,
SKM_02234,
SKM_02235,
SKM_02236,
SKM_02237,
SKM_02238,0.020095
SKM_02239,0.045543
SKM_02240,-0.033387
SKM_02241,0.102259
SKM_02242,0.106811
SKM_02243,0.12001
SKM_02244,0.114453
SKM_02245,
SKM_02246,
SKM_02247,0.101315
SKM_02248,0.07348
SKM_02249,0.052629
SKM_02250,0.061845
SKM_02251,0.147788
SKM_02252,
SKM_02253,
SKM_02254,
SKM_02255,
SKM_02256,
SKM_02257,
SKM_02258,
SKM_02259,0.223788
SKM_02260,
SKM_02261,
SKM_02262,
SKM_02263,
SKM_02264,
SKM_02265,0.226121
SKM_02266,0.401217
SKM_02267,0.56122
SKM_02268,0.647012
SKM_02269,0.651559
SKM_02270,0.739063
SKM_02271,0.682517
SKM_02272,0.770967
SKM_02273,0.722629
SKM_02274,0.645285
SKM_02275,0.593986
SKM_02276,0.490322
SKM_02277,0.621538
SKM_02278,0.735315
SKM_02279,0.721183
SKM_02280,0.604031
SKM_02281,0.433701
SKM_02282,0.231931
SKM_02283,0.39384
SKM_02284,0.230077
SKM_02285,0.083744
SKM_02286,0.332807
SKM_02287,0.511682
SKM_02288,0.585041
SKM_02289,0.7851
SKM_02290,0.557615
SKM_02291,0.672477
SKM_02292,0.571079
SKM_02293,0.438429
SKM_02294,0.556225
SKM_02295,0.423395
SKM_02296,0.208319
SKM_02297,0.260354
SKM_02298,0.108734
SKM_02299,0.179841
SKM_02300,0.135062
SKM_02301,
SKM_02302,-0.130963
SKM_02303,
SKM_02304,
SKM_02305,
SKM_02306,0.016701
SKM_02307,0.032931
SKM_02308,0.048986
SKM_02309,0.058967
SKM_02310,-0.014837
SKM_02311,0.037353
SKM_02312,-0.010245
SKM_02313,0.018179
SKM_02314,
SKM_02315,
SKM_02316,
SKM_02317,
SKM_02318,0.06988
SKM_02319,0.053394
SKM_02320,
SKM_02321,0.055115
SKM_02322,0.026605
SKM_02323,
SKM_02324,
SKM_02325,
SKM_02326,
SKM_02327,
SKM_02328,
SKM_02329,0.243903
SKM_02330,0.428784
SKM_02331,0.359023
SKM_02332,0.239783
SKM_02333,
SKM_02334,
SKM_02335,
SKM_02336,0.184885
SKM_02337,0.291618
SKM_02338,0.61676
SKM_02339,0.673102
SKM_02340,0.576596
SKM_02341,0.717259
SKM_02342,0.753099
SKM_02343,0.705829
SKM_02344,0.702791
SKM_02345,0.5897
SKM_02346,0.584108
SKM_02347,0.724423
SKM_02348,0.732872
SKM_02349,0.71073
SKM_02350,0.646866
SKM_02351,0.289466
SKM_02352,0.183057
SKM_02353,0.450366
SKM_02354,0.343472
SKM_02355,0.15365
SKM_02356,0.093266
SKM_02357,0.311151
SKM_02358,0.480057
SKM_02359,0.553109
SKM_02360,0.664857
SKM_02361,0.697079
SKM_02362,0.765333
SKM_02363,0.596353
SKM_02364,0.237838
SKM_02365,0.347843
SKM_02366,0.54768
SKM_02367,0.359603
SKM_02368,0.251121
SKM_02369,0.288757
SKM_02370,0.276054
SKM_02371,0.120507
SKM_02372,
SKM_02373,
SKM_02374,-0.137598
SKM_02375,
SKM_02376,-0.100043
SKM_02377,
SKM_02378,-0.014924
SKM_02379,-0.006688
SKM_02380,-0.038872
SKM_02381,-0.020019
SKM_02382,
SKM_02383,
SKM_02384,
SKM_02385,
SKM_02386,
SKM_02387,
SKM_02388,
SKM_02389,
SKM_02390,
SKM_02391,
SKM_02392,
SKM_02393,
SKM_02394,
SKM_02395,
SKM_02396,
SKM_02397,
SKM_02398,
SKM_02399,0.225933
SKM_02400,0.301728
SKM_02401,0.474218
SKM_02402,0.460829
SKM_02403,0.263909
SKM_02404,0.252886
SKM_02405,
SKM_02406,
SKM_02407,
SKM_02408,0.269193
SKM_02409,0.501523
SKM_02410,0.651794
SKM_02411,0.684078
SKM_02412,0.683214
SKM_02413,0.769517
SKM_02414,0.747781
SKM_02415,0.752257
SKM_02416,0.636266
SKM_02417,0.732762
SKM_02418,0.789251
SKM_02419,0.730745
SKM_02420,0.602749
SKM_02421,0.577444
SKM_02422,0.553606
SKM_02423,0.30849
SKM_02424,0.394664
SKM_02425,-0.055748
SKM_02426,0.173216
SKM_02427,
SKM_02428,0.055185
SKM_02429,0.447727
SKM_02430,0.551563
SKM_02431,0.668295
SKM_02432,0.756499
SKM_02433,0.746737
SKM_02434,0.497155
SKM_02435,0.191543
SKM_02436,0.308531
SKM_02437,0.402328
SKM_02438,0.262307
SKM_02439,0.236108
SKM_02440,0.353988
SKM_02441,0.243105
SKM_02442,0.137282
SKM_02443,-0.121063
SKM_02444,
SKM_02445,
SKM_02446,
SKM_02447,
SKM_02448,
SKM_02449,0.015886
SKM_02450,0.002196
SKM_02451,-0.005266
SKM_02452,
SKM_02453,
SKM_02454,
SKM_02455,
SKM_02456,
SKM_02457,
SKM_02458,
SKM_02459,
SKM_02460,
SKM_02461,
SKM_02462,
SKM_02463,
SKM_02464,
SKM_02465,
SKM_02466,
SKM_02467,
SKM_02468,
SKM_02469,
SKM_02470,
SKM_02471,0.418486
SKM_02472,0.615424
SKM_02473,0.559433
SKM_02474,0.368125
SKM_02475,0.180872
SKM_02476,
SKM_02477,
SKM_02478,
SKM_02479,0.311501
SKM_02480,0.570561
SKM_02481,0.726749
SKM_02482,0.698959
SKM_02483,0.641147
SKM_02484,0.692776
SKM_02485,0.674749
SKM_02486,0.651692
SKM_02487,0.727817
SKM_02488,0.719808
SKM_02489,0.76154
SKM_02490,0.707461
SKM_02491,0.441513
SKM_02492,0.405767
SKM_02493,0.54113
SKM_02494,0.318019
SKM_02495,0.574912
SKM_02496,0.332914
SKM_02497,0.107338
SKM_02498,0.122606
SKM_02499,0.140878
SKM_02500,0.399199
SKM_02501,0.459027
SKM_02502,0.619715
SKM_02503,0.722954
SKM_02504,0.538234
SKM_02505,0.350488
SKM_02506,0.159493
SKM_02507,
SKM_02508,0.234083
SKM_02509,0.365427
SKM_02510,0.307935
SKM_02511,0.205578
SKM_02512,0.164138
SKM_02513,
SKM_02514,
SKM_02515,
SKM_02516,
SKM_02517,
SKM_02518,
SKM_02519,0.022544
SKM_02520,-0.026572
SKM_02521,-0.003275
SKM_02522,
SKM_02523,
SKM_02524,
SKM_02525,
SKM_02526,0.093454
SKM_02527,0.067844
SKM_02528,
SKM_02529,
SKM_02530,
SKM_02531,
SKM_02532,
SKM_02533,
SKM_02534,
SKM_02535,
SKM_02536,
SKM_02537,
SKM_02538,0.170758
SKM_02539,0.187093
SKM_02540,
SKM_02541,0.34501
SKM_02542,0.495795
SKM_02543,0.289557
SKM_02544,0.303144
SKM_02545,
SKM_02546,0.208668
SKM_02547,
SKM_02548,0.193119
SKM_02549,0.278392
SKM_02550,0.589198
SKM_02551,0.7306
SKM_02552,0.693812
SKM_02553,0.703254
SKM_02554,0.77352
SKM_02555,0.808518
SKM_02556,0.769123
SKM_02557,0.775544
SKM_02558,0.749942
SKM_02559,0.735817
SKM_02560,0.657185
SKM_02561,0.486372
SKM_02562,0.493047
SKM_02563,0.532412
SKM_02564,0.403485
SKM_02565,0.608513
SKM_02566,0.522187
SKM_02567,0.142639
SKM_02568,0.208297
SKM_02569,0.325357
SKM_02570,0.408621
SKM_02571,0.498085
SKM_02572,0.620938
SKM_02573,0.786521
SKM_02574,0.815876
SKM_02575,0.53627
SKM_02576,0.146083
SKM_02577,0.075553
SKM_02578,0.343014
SKM_02579,0.402236
SKM_02580,0.173735
SKM_02581,0.101688
SKM_02582,0.07678
SKM_02583,
SKM_02584,
SKM_02585,-0.15229
SKM_02586,
SKM_02587,
SKM_02588,-0.11868
SKM_02589,-0.011114
SKM_02590,-0.019445
SKM_02591,
SKM_02592,
SKM_02593,
SKM_02594,
SKM_02595,
SKM_02596,0.099955
SKM_02597,0.108308
SKM_02598,0.177248
SKM_02599,
SKM_02600,
SKM_02601,
SKM_02602,
SKM_02603,0.193155
SKM_02604,0.150684
SKM_02605,
SKM_02606,
SKM_02607,
SKM_02608,0.395175
SKM_02609,0.439526
SKM_02610,0.27072
SKM_02611,0.437953
SKM_02612,0.538948
SKM_02613,0.398184
SKM_02614,0.270845
SKM_02615,0.290512
SKM_02616,0.440316
SKM_02617,0.273403
SKM_02618,
SKM_02619,0.215306
SKM_02620,0.511375
SKM_02621,0.613197
SKM_02622,0.731193
SKM_02623,0.70106
SKM_02624,0.782561
SKM_02625,0.803477
SKM_02626,0.783282
SKM_02627,0.798928
SKM_02628,0.711356
SKM_02629,0.728926
SKM_02630,0.540713
SKM_02631,0.40734
SKM_02632,0.657291
SKM_02633,0.708196
SKM_02634,0.681301
SKM_02635,0.701199
SKM_02636,0.561218
SKM_02637,0.304866
SKM_02638,0.268793
SKM_02639,0.390718
SKM_02640,0.555247
SKM_02641,0.52955
SKM_02642,0.577785
SKM_02643,0.71198
SKM_02644,0.753261
SKM_02645,0.484612
SKM_02646,0.267677
SKM_02647,0.108101
SKM_02648,0.254504
SKM_02649,0.330711
SKM_02650,0.233475
SKM_02651,0.234924
SKM_02652,0.078452
SKM_02653,
SKM_02654,
SKM_02655,
SKM_02656,
SKM_02657,-0.159528
SKM_02658,
SKM_02659,0.02584
SKM_02660,
SKM_02661,
SKM_02662,
SKM_02663,
SKM_02664,
SKM_02665,
SKM_02666,0.183871
SKM_02667,0.159091
SKM_02668,0.128145
SKM_02669,
SKM_02670,
SKM_02671,
SKM_02672,0.061357
SKM_02673,0.219837
SKM_02674,0.313275
SKM_02675,0.289608
SKM_02676,0.210951
SKM_02677,0.28517
SKM_02678,0.513895
SKM_02679,0.490293
SKM_02680,0.415982
SKM_02681,0.508516
SKM_02682,0.655184
SKM_02683,0.464341
SKM_02684,0.441582
SKM_02685,0.439173
SKM_02686,0.407103
SKM_02687,
SKM_02688,0.221889
SKM_02689,0.283745
SKM_02690,0.548981
SKM_02691,0.577804
SKM_02692,0.611032
SKM_02693,0.678696
SKM_02694,0.722562
SKM_02695,0.738627
SKM_02696,0.762187
SKM_02697,0.767435
SKM_02698,0.685626
SKM_02699,0.733214
SKM_02700,0.64721
SKM_02701,0.646838
SKM_02702,0.742366
SKM_02703,0.734203
SKM_02704,0.762711
SKM_02705,0.691425
SKM_02706,0.465649
SKM_02707,0.198114
SKM_02708,0.386961
SKM_02709,0.551727
SKM_02710,0.671244
SKM_02711,0.58924
SKM_02712,0.555858
SKM_02713,0.568943
SKM_02714,0.568222
SKM_02715,0.596071
SKM_02716,0.469607
SKM_02717,0.255258
SKM_02718,0.274001
SKM_02719,0.160546
SKM_02720,0.184735
SKM_02721,0.145829
SKM_02722,
SKM_02723,
SKM_02724,
SKM_02725,
SKM_02726,
SKM_02727,
SKM_02728,
SKM_02729,
SKM_02730,
SKM_02731,
SKM_02732,
SKM_02733,
SKM_02734,
SKM_02735,
SKM_02736,0.378868
SKM_02737,0.150545
SKM_02738,0.133909
SKM_02739,
SKM_02740,
SKM_02741,
SKM_02742,-0.004969
SKM_02743,0.141552
SKM_02744,0.08788
SKM_02745,0.405835
SKM_02746,0.511973
SKM_02747,0.571841
SKM_02748,0.613447
SKM_02749,0.591046
SKM_02750,0.589115
SKM_02751,0.595393
SKM_02752,0.483231
SKM_02753,0.42964
SKM_02754,0.214424
SKM_02755,0.205611
SKM_02756,0.289195
SKM_02757,0.240308
SKM_02758,0.226198
SKM_02759,0.332612
SKM_02760,0.400282
SKM_02761,0.577253
SKM_02762,0.691141
SKM_02763,0.549672
SKM_02764,0.786803
SKM_02765,0.813058
SKM_02766,0.809723
SKM_02767,0.798729
SKM_02768,0.763123
SKM_02769,0.779998
SKM_02770,0.760528
SKM_02771,0.727564
SKM_02772,0.719307
SKM_02773,0.763819
SKM_02774,0.738301
SKM_02775,0.41913
SKM_02776,0.262779
SKM_02777,0.589445
SKM_02778,0.707542
SKM_02779,0.668955
SKM_02780,0.685996
SKM_02781,0.75382
SKM_02782,0.779092
SKM_02783,0.773418
SKM_02784,0.747027
SKM_02785,0.618788
SKM_02786,0.445858
SKM_02787,0.508319
SKM_02788,0.242925
SKM_02789,0.242134
SKM_02790,0.140691
SKM_02791,0.023407
SKM_02792,
SKM_02793,
SKM_02794,
SKM_02795,
SKM_02796,
SKM_02797,
SKM_02798,
SKM_02799,
SKM_02800,
SKM_02801,
SKM_02802,
SKM_02803,
SKM_02804,
SKM_02805,
SKM_02806,0.212638
SKM_02807,0.281949
SKM_02808,0.29301
SKM_02809,0.443627
SKM_02810,0.183141
SKM_02811,0.129851
SKM_02812,
SKM_02813,
SKM_02814,0.217738
SKM_02815,
SKM_02816,
SKM_02817,0.469252
SKM_02818,0.516733
SKM_02819,0.523813
SKM_02820,0.623822
SKM_02821,0.571267
SKM_02822,0.479517
SKM_02823,0.60146
SKM_02824,0.484293
SKM_02825,0.281585
SKM_02826,0.260635
SKM_02827,0.476749
SKM_02828,0.309456
SKM_02829,0.147583
SKM_02830,0.292497
SKM_02831,0.322352
SKM_02832,0.485231
SKM_02833,0.65256
SKM_02834,0.668755
SKM_02835,0.807457
SKM_02836,0.811905
SKM_02837,0.799009
SKM_02838,0.821116
SKM_02839,0.805002
SKM_02840,0.780907
SKM_02841,0.736313
SKM_02842,0.731059
SKM_02843,0.742262
SKM_02844,0.767265
SKM_02845,0.748362
SKM_02846,0.479007
SKM_02847,0.418844
SKM_02848,0.729739
SKM_02849,0.660223
SKM_02850,0.660064
SKM_02851,0.786259
SKM_02852,0.794334
SKM_02853,0.815926
SKM_02854,0.801923
SKM_02855,0.705138
SKM_02856,0.698304
SKM_02857,0.498408
SKM_02858,0.391765
SKM_02859,0.353333
SKM_02860,0.315464
SKM_02861,0.109815
SKM_02862,-0.029188
SKM_02863,
SKM_02864,
SKM_02865,
SKM_02866,
SKM_02867,
SKM_02868,
SKM_02869,
SKM_02870,
SKM_02871,
SKM_02872,
SKM_02873,
SKM_02874,
SKM_02875,
SKM_02876,-0.061026
SKM_02877,0.14706
SKM_02878,0.254588
SKM_02879,0.350717
SKM_02880,0.456915
SKM_02881,0.399288
SKM_02882,0.205158
SKM_02883,
SKM_02884,
SKM_02885,0.008298
SKM_02886,0.098857
SKM_02887,0.141156
SKM_02888,0.241746
SKM_02889,0.335526
SKM_02890,0.559902
SKM_02891,0.361548
SKM_02892,0.518768
SKM_02893,0.414031
SKM_02894,0.713218
SKM_02895,0.656752
SKM_02896,0.498904
SKM_02897,0.433922
SKM_02898,0.21681
SKM_02899,0.178489
SKM_02900,0.234787
SKM_02901,0.193126
SKM_02902,0.269623
SKM_02903,0.395096
SKM_02904,0.603476
SKM_02905,0.670498
SKM_02906,0.749471
SKM_02907,0.823084
SKM_02908,0.788012
SKM_02909,0.762491
SKM_02910,0.754869
SKM_02911,0.668141
SKM_02912,0.732117
SKM_02913,0.69099
SKM_02914,0.611693
SKM_02915,0.71551
SKM_02916,0.519861
SKM_02917,0.452429
SKM_02918,0.621702
SKM_02919,0.72596
SKM_02920,0.618765
SKM_02921,0.732077
SKM_02922,0.770522
SKM_02923,0.833085
SKM_02924,0.832356
SKM_02925,0.780476
SKM_02926,0.560347
SKM_02927,0.385065
SKM_02928,0.233255
SKM_02929,0.249612
SKM_02930,0.224474
SKM_02931,0.189844
SKM_02932,0.040159
SKM_02933,
SKM_02934,
SKM_02935,
SKM_02936,
SKM_02937,
SKM_02938,
SKM_02939,
SKM_02940,
SKM_02941,-0.040993
SKM_02942,0.007187
SKM_02943,
SKM_02944,
SKM_02945,
SKM_02946,
SKM_02947,-0.068028
SKM_02948,-0.006756
SKM_02949,0.213429
SKM_02950,0.233158
SKM_02951,0.403535
SKM_02952,0.468507
SKM_02953,0.437195
SKM_02954,0.295178
SKM_02955,0.082613
SKM_02956,0.006335
SKM_02957,
SKM_02958,0.160155
SKM_02959,0.158607
SKM_02960,0.249322
SKM_02961,0.301017
SKM_02962,0.176264
SKM_02963,0.20962
SKM_02964,0.235163
SKM_02965,0.351386
SKM_02966,0.711363
SKM_02967,0.757836
SKM_02968,0.716621
SKM_02969,0.568128
SKM_02970,0.378364
SKM_02971,0.383156
SKM_02972,0.391095
SKM_02973,
SKM_02974,0.188128
SKM_02975,0.5651
SKM_02976,0.530007
SKM_02977,0.561191
SKM_02978,0.765825
SKM_02979,0.806856
SKM_02980,0.81782
SKM_02981,0.788237
SKM_02982,0.812085
SKM_02983,0.759007
SKM_02984,0.743675
SKM_02985,0.657011
SKM_02986,0.647476
SKM_02987,0.63959
SKM_02988,0.592774
SKM_02989,0.735573
SKM_02990,0.703938
SKM_02991,0.667424
SKM_02992,0.761159
SKM_02993,0.783469
SKM_02994,0.814269
SKM_02995,0.791583
SKM_02996,0.731873
SKM_02997,0.709918
SKM_02998,0.493665
SKM_02999,0.243979
SKM_03000,0.3128
SKM_03001,0.056902
SKM_03002,0.093006
SKM_03003,0.12689
SKM_03004,-0.039132
SKM_03005,
SKM_03006,
SKM_03007,
SKM_03008,
SKM_03009,0.155173
SKM_03010,-0.058753
SKM_03011,0.085222
SKM_03012,
SKM_03013,
SKM_03014,0.020035
SKM_03015,-0.028438
SKM_03016,
SKM_03017,
SKM_03018,
SKM_03019,0.042823
SKM_03020,
SKM_03021,0.107326
SKM_03022,0.109822
SKM_03023,0.428613
SKM_03024,0.454402
SKM_03025,0.489442
SKM_03026,0.403414
SKM_03027,0.26754
SKM_03028,0.23356
SKM_03029,0.120344
SKM_03030,0.221182
SKM_03031,0.517549
SKM_03032,0.12115
SKM_03033,0.137457
SKM_03034,0.391802
SKM_03035,0.449149
SKM_03036,0.210025
SKM_03037,0.432205
SKM_03038,0.526699
SKM_03039,0.668235
SKM_03040,0.798644
SKM_03041,0.751581
SKM_03042,0.648013
SKM_03043,0.566641
SKM_03044,0.414594
SKM_03045,0.173403
SKM_03046,0.295893
SKM_03047,0.486052
SKM_03048,0.553823
SKM_03049,0.628645
SKM_03050,0.544325
SKM_03051,0.680994
SKM_03052,0.804976
SKM_03053,0.744054
SKM_03054,0.788936
SKM_03055,0.791331
SKM_03056,0.788263
SKM_03057,0.75497
SKM_03058,0.784371
SKM_03059,0.766067
SKM_03060,0.705772
SKM_03061,0.566837
SKM_03062,0.735153
SKM_03063,0.805846
SKM_03064,0.773952
SKM_03065,0.770992
SKM_03066,0.796155
SKM_03067,0.762449
SKM_03068,0.717535
SKM_03069,0.58712
SKM_03070,0.539491
SKM_03071,0.549595
SKM_03072,0.392098
SKM_03073,0.139833
SKM_03074,
SKM_03075,
SKM_03076,
SKM_03077,
SKM_03078,0.007778
SKM_03079,
SKM_03080,
SKM_03081,0.101936
SKM_03082,0.076936
SKM_03083,
SKM_03084,
SKM_03085,0.137413
SKM_03086,0.129953
SKM_03087,0.255799
SKM_03088,0.158882
SKM_03089,-0.006771
SKM_03090,-0.061272
SKM_03091,0.271723
SKM_03092,0.361845
SKM_03093,0.444542
SKM_03094,0.578247
SKM_03095,0.611256
SKM_03096,0.275576
SKM_03097,0.261219
SKM_03098,0.263786
SKM_03099,0.547464
SKM_03100,0.712524
SKM_03101,0.584834
SKM_03102,0.295861
SKM_03103,0.449537
SKM_03104,0.44937
SKM_03105,0.448372
SKM_03106,0.506176
SKM_03107,0.565502
SKM_03108,0.750584
SKM_03109,0.810183
SKM_03110,0.763675
SKM_03111,0.689272
SKM_03112,0.641051
SKM_03113,0.355522
SKM_03114,0.281709
SKM_03115,0.351885
SKM_03116,0.643116
SKM_03117,0.651415
SKM_03118,0.627258
SKM_03119,0.602436
SKM_03120,0.770533
SKM_03121,0.818897
SKM_03122,0.808701
SKM_03123,0.795968
SKM_03124,0.809771
SKM_03125,0.820236
SKM_03126,0.683333
SKM_03127,0.781358
SKM_03128,0.817554
SKM_03129,0.745775
SKM_03130,0.717294
SKM_03131,0.77186
SKM_03132,0.805008
SKM_03133,0.817132
SKM_03134,0.679471
SKM_03135,0.71677
SKM_03136,0.693358
SKM_03137,0.758558
SKM_03138,0.735928
SKM_03139,0.558313
SKM_03140,0.260668
SKM_03141,0.276936
SKM_03142,0.151842
SKM_03143,
SKM_03144,
SKM_03145,
SKM_03146,
SKM_03147,-0.008534
SKM_03148,-0.066081
SKM_03149,
SKM_03150,0.08634
SKM_03151,0.159238
SKM_03152,0.089582
SKM_03153,
SKM_03154,0.266986
SKM_03155,0.396677
SKM_03156,0.498956
SKM_03157,0.32654
SKM_03158,0.20483
SKM_03159,0.158164
SKM_03160,0.299477
SKM_03161,0.563145
SKM_03162,0.356322
SKM_03163,0.400268
SKM_03164,0.48314
SKM_03165,0.325564
SKM_03166,0.405464
SKM_03167,0.270631
SKM_03168,0.503196
SKM_03169,0.527867
SKM_03170,0.582172
SKM_03171,0.484437
SKM_03172,0.694699
SKM_03173,0.410933
SKM_03174,0.525624
SKM_03175,0.611149
SKM_03176,0.715825
SKM_03177,0.701036
SKM_03178,0.561266
SKM_03179,0.694469
SKM_03180,0.616602
SKM_03181,0.489723
SKM_03182,0.317822
SKM_03183,0.30977
SKM_03184,0.529882
SKM_03185,0.697201
SKM_03186,0.615205
SKM_03187,0.620684
SKM_03188,0.635039
SKM_03189,0.580999
SKM_03190,0.671384
SKM_03191,0.81665
SKM_03192,0.768411
SKM_03193,0.814625
SKM_03194,0.830522
SKM_03195,0.797084
SKM_03196,0.819644
SKM_03197,0.816206
SKM_03198,0.803601
SKM_03199,0.799108
SKM_03200,0.775528
SKM_03201,0.780357
SKM_03202,0.765265
SKM_03203,0.684866
SKM_03204,0.658716
SKM_03205,0.42368
SKM_03206,0.560073
SKM_03207,0.691627
SKM_03208,0.663315
SKM_03209,0.475679
SKM_03210,0.219411
SKM_03211,0.155701
SKM_03212,
SKM_03213,
SKM_03214,
SKM_03215,
SKM_03216,0.01086
SKM_03217,
SKM_03218,
SKM_03219,
SKM_03220,
SKM_03221,0.114817
SKM_03222,0.116936
SKM_03223,0.091335
SKM_03224,0.266719
SKM_03225,0.475189
SKM_03226,0.395246
SKM_03227,0.525624
SKM_03228,0.37924
SKM_03229,0.249142
SKM_03230,0.239855
SKM_03231,0.549976
SKM_03232,0.479048
SKM_03233,0.428546
SKM_03234,0.453563
SKM_03235,0.499968
SKM_03236,0.44584
SKM_03237,0.50158
SKM_03238,0.565377
SKM_03239,0.57661
SKM_03240,0.259555
SKM_03241,0.60647
SKM_03242,0.488731
SKM_03243,0.256694
SKM_03244,0.56837
SKM_03245,0.562396
SKM_03246,0.784995
SKM_03247,0.738073
SKM_03248,0.754571
SKM_03249,0.517553
SKM_03250,0.658046
SKM_03251,0.362885
SKM_03252,0.427146
SKM_03253,0.443899
SKM_03254,0.65744
SKM_03255,0.58982
SKM_03256,0.465348
SKM_03257,0.634631
SKM_03258,0.49454
SKM_03259,0.487788
SKM_03260,0.711009
SKM_03261,0.796756
SKM_03262,0.793123
SKM_03263,0.748446
SKM_03264,0.768631
SKM_03265,0.796685
SKM_03266,0.791726
SKM_03267,0.814924
SKM_03268,0.809017
SKM_03269,0.817304
SKM_03270,0.772272
SKM_03271,0.700882
SKM_03272,0.715712
SKM_03273,0.684732
SKM_03274,0.56614
SKM_03275,0.32458
SKM_03276,0.436782
SKM_03277,0.59011
SKM_03278,0.444027
SKM_03279,0.698529
SKM_03280,0.356116
SKM_03281,0.148194
SKM_03282,
SKM_03283,
SKM_03284,
SKM_03285,
SKM_03286,
SKM_03287,
SKM_03288,
SKM_03289,
SKM_03290,
SKM_03291,0.368906
SKM_03292,0.285091
SKM_03293,0.120168
SKM_03294,0.18242
SKM_03295,0.152313
SKM_03296,0.385309
SKM_03297,0.57867
SKM_03298,0.669217
SKM_03299,0.484532
SKM_03300,0.334634
SKM_03301,0.509077
SKM_03302,0.334109
SKM_03303,0.486851
SKM_03304,0.426066
SKM_03305,0.316199
SKM_03306,0.425304
SKM_03307,0.691411
SKM_03308,0.750253
SKM_03309,0.661181
SKM_03310,0.361841
SKM_03311,0.581533
SKM_03312,0.42728
SKM_03313,0.444943
SKM_03314,0.648653
SKM_03315,0.693554
SKM_03316,0.729905
SKM_03317,0.428788
SKM_03318,0.097715
SKM_03319,0.547663
SKM_03320,0.54908
SKM_03321,0.451444
SKM_03322,0.565286
SKM_03323,0.557191
SKM_03324,0.698189
SKM_03325,0.586772
SKM_03326,0.484792
SKM_03327,0.344398
SKM_03328,0.248973
SKM_03329,0.331327
SKM_03330,0.334567
SKM_03331,0.720095
SKM_03332,0.778761
SKM_03333,0.779458
SKM_03334,0.795763
SKM_03335,0.613462
SKM_03336,0.812864
SKM_03337,0.813256
SKM_03338,0.71596
SKM_03339,0.716164
SKM_03340,0.67277
SKM_03341,0.684971
SKM_03342,0.608229
SKM_03343,0.684671
SKM_03344,0.517077
SKM_03345,0.313284
SKM_03346,0.343524
SKM_03347,0.539528
SKM_03348,0.329927
SKM_03349,0.596323
SKM_03350,0.406298
SKM_03351,0.160109
SKM_03352,
SKM_03353,
SKM_03354,
SKM_03355,
SKM_03356,
SKM_03357,
SKM_03358,
SKM_03359,
SKM_03360,0.116168
SKM_03361,0.048226
SKM_03362,0.032615
SKM_03363,0.20867
SKM_03364,0.104407
SKM_03365,0.120284
SKM_03366,0.033654
SKM_03367,
SKM_03368,0.012391
SKM_03369,0.462196
SKM_03370,0.507935
SKM_03371,0.581471
SKM_03372,0.387903
SKM_03373,0.395525
SKM_03374,0.618067
SKM_03375,0.65927
SKM_03376,0.447372
SKM_03377,0.65593
SKM_03378,0.361151
SKM_03379,0.38369
SKM_03380,0.556233
SKM_03381,0.665955
SKM_03382,0.591364
SKM_03383,0.744135
SKM_03384,0.722925
SKM_03385,0.644244
SKM_03386,0.77109
SKM_03387,0.799251
SKM_03388,0.685399
SKM_03389,0.618954
SKM_03390,0.469338
SKM_03391,0.59124
SKM_03392,0.541299
SKM_03393,0.563257
SKM_03394,0.62788
SKM_03395,0.503214
SKM_03396,0.618614
SKM_03397,0.553293
SKM_03398,0.603253
SKM_03399,0.420151
SKM_03400,0.312147
SKM_03401,0.426852
SKM_03402,0.473825
SKM_03403,0.529563
SKM_03404,0.762036
SKM_03405,0.769162
SKM_03406,0.83026
SKM_03407,0.759749
SKM_03408,0.815948
SKM_03409,0.857774
SKM_03410,0.851608
SKM_03411,0.77627
SKM_03412,0.674704
SKM_03413,0.601843
SKM_03414,0.548368
SKM_03415,0.656162
SKM_03416,0.573818
SKM_03417,0.264875
SKM_03418,0.301389
SKM_03419,0.611544
SKM_03420,0.364528
SKM_03421,0.374655
SKM_03422,0.306244
SKM_03423,0.189204
SKM_03424,
SKM_03425,
SKM_03426,
SKM_03427,
SKM_03428,
SKM_03429,
SKM_03430,
SKM_03431,
SKM_03432,
SKM_03433,
SKM_03434,0.120449
SKM_03435,0.121432
SKM_03436,-0.025118
SKM_03437,-0.033179
SKM_03438,-0.01597
SKM_03439,
SKM_03440,
SKM_03441,0.041086
SKM_03442,0.325001
SKM_03443,0.521032
SKM_03444,0.739039
SKM_03445,0.549188
SKM_03446,0.411626
SKM_03447,0.557567
SKM_03448,0.463323
SKM_03449,0.545293
SKM_03450,0.68275
SKM_03451,0.606138
SKM_03452,0.675453
SKM_03453,0.761892
SKM_03454,0.722632
SKM_03455,0.702029
SKM_03456,0.792993
SKM_03457,0.776345
SKM_03458,0.706451
SKM_03459,0.815156
SKM_03460,0.745252
SKM_03461,0.734019
SKM_03462,0.729362
SKM_03463,0.743906
SKM_03464,0.753797
SKM_03465,0.610366
SKM_03466,0.530813
SKM_03467,0.633204
SKM_03468,0.560066
SKM_03469,0.640773
SKM_03470,0.644078
SKM_03471,0.617266
SKM_03472,0.443491
SKM_03473,0.53806
SKM_03474,0.607441
SKM_03475,0.46516
SKM_03476,0.558725
SKM_03477,0.626816
SKM_03478,0.771334
SKM_03479,0.838837
SKM_03480,0.856088
SKM_03481,0.788572
SKM_03482,0.838319
SKM_03483,0.803048
SKM_03484,0.740817
SKM_03485,0.649311
SKM_03486,0.576001
SKM_03487,0.645968
SKM_03488,0.507891
SKM_03489,0.364342
SKM_03490,0.243312
SKM_03491,0.237062
SKM_03492,0.427809
SKM_03493,0.351368
SKM_03494,0.189971
SKM_03495,0.258656
SKM_03496,-0.001139
SKM_03497,0.01754
SKM_03498,
SKM_03499,
SKM_03500,
SKM_03501,
SKM_03502,
SKM_03503,
SKM_03504,
SKM_03505,0.169967
SKM_03506,0.125824
SKM_03507,0.10755
SKM_03508,
SKM_03509,-0.054101
SKM_03510,-0.056773
SKM_03511,
SKM_03512,
SKM_03513,0.213525
SKM_03514,0.374063
SKM_03515,0.550943
SKM_03516,0.681522
SKM_03517,0.615985
SKM_03518,0.404964
SKM_03519,0.66619
SKM_03520,0.57021
SKM_03521,0.64741
SKM_03522,0.471077
SKM_03523,0.665661
SKM_03524,0.74605
SKM_03525,0.783446
SKM_03526,0.77527
SKM_03527,0.737731
SKM_03528,0.71312
SKM_03529,0.811769
SKM_03530,0.833245
SKM_03531,0.789426
SKM_03532,0.752326
SKM_03533,0.798685
SKM_03534,0.811688
SKM_03535,0.815011
SKM_03536,0.694381
SKM_03537,0.784865
SKM_03538,0.75314
SKM_03539,0.686333
SKM_03540,0.686094
SKM_03541,0.752938
SKM_03542,0.80882
SKM_03543,0.76448
SKM_03544,0.663306
SKM_03545,0.605732
SKM_03546,0.681994
SKM_03547,0.654339
SKM_03548,0.602857
SKM_03549,0.586173
SKM_03550,0.655543
SKM_03551,0.839993
SKM_03552,0.869118
SKM_03553,0.823074
SKM_03554,0.819942
SKM_03555,0.817745
SKM_03556,0.829374
SKM_03557,0.800574
SKM_03558,0.752615
SKM_03559,0.743487
SKM_03560,0.606113
SKM_03561,0.387599
SKM_03562,0.268181
SKM_03563,0.235453
SKM_03564,0.242932
SKM_03565,0.351837
SKM_03566,0.157325
SKM_03567,
SKM_03568,0.010676
SKM_03569,0.014488
SKM_03570,0.077637
SKM_03571,0.104198
SKM_03572,
SKM_03573,
SKM_03574,
SKM_03575,0.066763
SKM_03576,
SKM_03577,0.087805
SKM_03578,0.111136
SKM_03579,0.049027
SKM_03580,-0.06556
SKM_03581,
SKM_03582,
SKM_03583,0.155589
SKM_03584,0.229388
SKM_03585,0.30837
SKM_03586,0.493813
SKM_03587,0.722963
SKM_03588,0.745692
SKM_03589,0.572262
SKM_03590,0.495742
SKM_03591,0.479631
SKM_03592,0.35111
SKM_03593,0.332505
SKM_03594,0.67434
SKM_03595,0.646045
SKM_03596,0.769358
SKM_03597,0.738646
SKM_03598,0.743579
SKM_03599,0.818923
SKM_03600,0.796473
SKM_03601,0.829602
SKM_03602,0.803115
SKM_03603,0.792556
SKM_03604,0.842609
SKM_03605,0.850149
SKM_03606,0.784789
SKM_03607,0.757265
SKM_03608,0.833655
SKM_03609,0.850953
SKM_03610,0.78714
SKM_03611,0.702403
SKM_03612,0.808381
SKM_03613,0.85201
SKM_03614,0.844085
SKM_03615,0.800544
SKM_03616,0.723066
SKM_03617,0.836387
SKM_03618,0.763823
SKM_03619,0.753046
SKM_03620,0.798544
SKM_03621,0.839417
SKM_03622,0.823825
SKM_03623,0.863318
SKM_03624,0.816455
SKM_03625,0.831453
SKM_03626,0.837089
SKM_03627,0.841339
SKM_03628,0.755552
SKM_03629,0.682462
SKM_03630,0.560466
SKM_03631,0.553044
SKM_03632,0.466443
SKM_03633,0.342344
SKM_03634,0.186297
SKM_03635,
SKM_03636,0.067489
SKM_03637,
SKM_03638,
SKM_03639,0.039294
SKM_03640,0.021755
SKM_03641,0.007318
SKM_03642,0.09578
SKM_03643,
SKM_03644,
SKM_03645,0.109776
SKM_03646,0.161581
SKM_03647,0.155159
SKM_03648,0.239005
SKM_03649,0.107277
SKM_03650,-0.0642
SKM_03651,-0.070197
SKM_03652,
SKM_03653,0.16951
SKM_03654,0.367722
SKM_03655,0.553174
SKM_03656,0.525965
SKM_03657,0.629759
SKM_03658,0.644511
SKM_03659,0.357968
SKM_03660,0.445309
SKM_03661,0.471598
SKM_03662,0.618134
SKM_03663,0.343837
SKM_03664,0.177429
SKM_03665,0.580751
SKM_03666,0.695086
SKM_03667,0.690237
SKM_03668,0.788397
SKM_03669,0.805876
SKM_03670,0.803077
SKM_03671,0.755866
SKM_03672,0.766461
SKM_03673,0.855578
SKM_03674,0.866487
SKM_03675,0.839907
SKM_03676,0.837152
SKM_03677,0.83796
SKM_03678,0.837693
SKM_03679,0.866347
SKM_03680,0.856712
SKM_03681,0.854297
SKM_03682,0.862567
SKM_03683,0.860753
SKM_03684,0.839748
SKM_03685,0.827811
SKM_03686,0.850909
SKM_03687,0.858424
SKM_03688,0.836091
SKM_03689,0.859289
SKM_03690,0.850184
SKM_03691,0.819705
SKM_03692,0.835966
SKM_03693,0.851239
SKM_03694,0.833386
SKM_03695,0.846724
SKM_03696,0.840209
SKM_03697,0.789463
SKM_03698,0.752747
SKM_03699,0.596339
SKM_03700,0.591312
SKM_03701,0.370319
SKM_03702,0.576266
SKM_03703,0.399117
SKM_03704,0.20679
SKM_03705,0.13568
SKM_03706,0.060752
SKM_03707,
SKM_03708,
SKM_03709,
SKM_03710,0.025179
SKM_03711,0.072326
SKM_03712,0.083868
SKM_03713,0.21474
SKM_03714,0.174555
SKM_03715,0.083898
SKM_03716,0.003878
SKM_03717,
SKM_03718,0.295386
SKM_03719,0.292828
SKM_03720,0.176617
SKM_03721,0.021416
SKM_03722,-0.063232
SKM_03723,
SKM_03724,0.315602
SKM_03725,0.580195
SKM_03726,0.557123
SKM_03727,0.542482
SKM_03728,0.715755
SKM_03729,0.656551
SKM_03730,0.476016
SKM_03731,0.590915
SKM_03732,0.365441
SKM_03733,0.556563
SKM_03734,0.595739
SKM_03735,0.593432
SKM_03736,0.474882
SKM_03737,0.629575
SKM_03738,0.723306
SKM_03739,0.778992
SKM_03740,0.761752
SKM_03741,0.80718
SKM_03742,0.799958
SKM_03743,0.788857
SKM_03744,0.816671
SKM_03745,0.80959
SKM_03746,0.835837
SKM_03747,0.815578
SKM_03748,0.850858
SKM_03749,0.844866
SKM_03750,0.851796
SKM_03751,0.877393
SKM_03752,0.867487
SKM_03753,0.850237
SKM_03754,0.867315
SKM_03755,0.870668
SKM_03756,0.857379
SKM_03757,0.816918
SKM_03758,0.843183
SKM_03759,0.870447
SKM_03760,0.860622
SKM_03761,0.829131
SKM_03762,0.809064
SKM_03763,0.830481
SKM_03764,0.83674
SKM_03765,0.805928
SKM_03766,0.831674
SKM_03767,0.835276
SKM_03768,0.836828
SKM_03769,0.776574
SKM_03770,0.706001
SKM_03771,0.726118
SKM_03772,0.655733
SKM_03773,0.715258
SKM_03774,0.605559
SKM_03775,0.368315
SKM_03776,0.267823
SKM_03777,0.137516
SKM_03778,
SKM_03779,
SKM_03780,
SKM_03781,
SKM_03782,0.202305
SKM_03783,0.221705
SKM_03784,0.275473
SKM_03785,0.269035
SKM_03786,0.144929
SKM_03787,0.191566
SKM_03788,
SKM_03789,0.302505
SKM_03790,0.336151
SKM_03791,0.207879
SKM_03792,0.007531
SKM_03793,-0.047336
SKM_03794,-0.118703
SKM_03795,0.310042
SKM_03796,0.362151
SKM_03797,0.025163
SKM_03798,0.46317
SKM_03799,0.698989
SKM_03800,0.55078
SKM_03801,0.399428
SKM_03802,0.63844
SKM_03803,0.269041
SKM_03804,0.470557
SKM_03805,0.307328
SKM_03806,0.418769
SKM_03807,0.504104
SKM_03808,0.680218
SKM_03809,0.543965
SKM_03810,0.715632
SKM_03811,0.597269
SKM_03812,0.760623
SKM_03813,0.845883
SKM_03814,0.822973
SKM_03815,0.847925
SKM_03816,0.841766
SKM_03817,0.825628
SKM_03818,0.823766
SKM_03819,0.849544
SKM_03820,0.80087
SKM_03821,0.77624
SKM_03822,0.851511
SKM_03823,0.86447
SKM_03824,0.831216
SKM_03825,0.852175
SKM_03826,0.857058
SKM_03827,0.83873
SKM_03828,0.869485
SKM_03829,0.806524
SKM_03830,0.84864
SKM_03831,0.852124
SKM_03832,0.816752
SKM_03833,0.760946
SKM_03834,0.83632
SKM_03835,0.849983
SKM_03836,0.839681
SKM_03837,0.851434
SKM_03838,0.84055
SKM_03839,0.84504
SKM_03840,0.804016
SKM_03841,0.799199
SKM_03842,0.708137
SKM_03843,0.728403
SKM_03844,0.643989
SKM_03845,0.68771
SKM_03846,0.346116
SKM_03847,0.236243
SKM_03848,0.128639
SKM_03849,0.035677
SKM_03850,0.037864
SKM_03851,-0.007605
SKM_03852,-0.105639
SKM_03853,
SKM_03854,0.240776
SKM_03855,0.219489
SKM_03856,0.356359
SKM_03857,0.321668
SKM_03858,0.140767
SKM_03859,0.233447
SKM_03860,0.194996
SKM_03861,0.307918
SKM_03862,0.366646
SKM_03863,0.183084
SKM_03864,-0.048451
SKM_03865,-0.046295
SKM_03866,-0.07506
SKM_03867,0.156953
SKM_03868,
SKM_03869,0.016829
SKM_03870,0.518304
SKM_03871,0.646793
SKM_03872,0.507288
SKM_03873,0.435442
SKM_03874,0.592041
SKM_03875,
SKM_03876,0.213583
SKM_03877,0.261522
SKM_03878,0.269192
SKM_03879,0.492795
SKM_03880,0.610447
SKM_03881,0.621952
SKM_03882,0.370864
SKM_03883,0.62284
SKM_03884,0.806028
SKM_03885,0.78403
SKM_03886,0.793176
SKM_03887,0.823377
SKM_03888,0.857688
SKM_03889,0.852327
SKM_03890,0.828004
SKM_03891,0.798477
SKM_03892,0.700514
SKM_03893,0.77102
SKM_03894,0.811088
SKM_03895,0.863933
SKM_03896,0.833482
SKM_03897,0.853056
SKM_03898,0.811078
SKM_03899,0.81184
SKM_03900,0.861238
SKM_03901,0.823106
SKM_03902,0.85928
SKM_03903,0.853954
SKM_03904,0.842694
SKM_03905,0.837852
SKM_03906,0.829142
SKM_03907,0.836505
SKM_03908,0.832188
SKM_03909,0.850424
SKM_03910,0.809376
SKM_03911,0.812301
SKM_03912,0.798418
SKM_03913,0.796127
SKM_03914,0.731509
SKM_03915,0.593357
SKM_03916,0.448547
SKM_03917,0.537384
SKM_03918,0.532679
SKM_03919,0.320798
SKM_03920,0.198961
SKM_03921,0.143142
SKM_03922,-0.01631
SKM_03923,0.014366
SKM_03924,0.036196
SKM_03925,0.065561
SKM_03926,-0.337947
SKM_03927,
SKM_03928,0.303447
SKM_03929,0.231685
SKM_03930,0.352247
SKM_03931,0.306422
SKM_03932,0.121411
SKM_03933,0.274386
SKM_03934,0.203972
SKM_03935,0.351924
SKM_03936,0.350672
SKM_03937,0.238069
SKM_03938,-0.001319
SKM_03939,-0.047359
SKM_03940,-0.036224
SKM_03941,
SKM_03942,
SKM_03943,-0.047674
SKM_03944,
SKM_03945,
SKM_03946,
SKM_03947,0.066535
SKM_03948,0.119565
SKM_03949,0.086165
SKM_03950,0.134523
SKM_03951,0.220052
SKM_03952,0.128146
SKM_03953,0.25349
SKM_03954,0.549342
SKM_03955,0.562924
SKM_03956,0.544543
SKM_03957,0.812526
SKM_03958,0.558353
SKM_03959,0.773953
SKM_03960,0.804008
SKM_03961,0.801201
SKM_03962,0.834717
SKM_03963,0.808323
SKM_03964,0.8094
SKM_03965,0.824986
SKM_03966,0.80091
SKM_03967,0.791548
SKM_03968,0.824398
SKM_03969,0.783049
SKM_03970,0.774481
SKM_03971,0.824422
SKM_03972,0.832097
SKM_03973,0.861841
SKM_03974,0.861731
SKM_03975,0.871099
SKM_03976,0.855093
SKM_03977,0.855374
SKM_03978,0.84125
SKM_03979,0.825047
SKM_03980,0.815383
SKM_03981,0.821315
SKM_03982,0.835218
SKM_03983,0.812606
SKM_03984,0.820545
SKM_03985,0.802323
SKM_03986,0.813788
SKM_03987,0.774792
SKM_03988,0.71664
SKM_03989,0.720502
SKM_03990,0.481463
SKM_03991,0.236073
SKM_03992,0.423993
SKM_03993,0.493593
SKM_03994,0.332855
SKM_03995,0.227294
SKM_03996,0.01092
SKM_03997,0.004963
SKM_03998,0.071446
SKM_03999,0.140723
SKM_04000,0.155721
SKM_04001,0.268705
SKM_04002,0.324338
SKM_04003,0.314209
SKM_04004,0.344682
SKM_04005,0.224125
SKM_04006,0.295113
SKM_04007,0.296987
SKM_04008,0.404589
SKM_04009,0.390173
SKM_04010,0.25665
SKM_04011,0.110286
SKM_04012,-0.056471
SKM_04013,-0.039679
SKM_04014,
SKM_04015,-0.063763
SKM_04016,0.038939
SKM_04017,
SKM_04018,
SKM_04019,0.020111
SKM_04020,0.242917
SKM_04021,0.311283
SKM_04022,0.318113
SKM_04023,0.265074
SKM_04024,0.439816
SKM_04025,0.236419
SKM_04026,0.290734
SKM_04027,0.566814
SKM_04028,0.559304
SKM_04029,0.502107
SKM_04030,0.607372
SKM_04031,0.807195
SKM_04032,0.60011
SKM_04033,0.781924
SKM_04034,0.795721
SKM_04035,0.814157
SKM_04036,0.792627
SKM_04037,0.793833
SKM_04038,0.802596
SKM_04039,0.830959
SKM_04040,0.836388
SKM_04041,0.853187
SKM_04042,0.849781
SKM_04043,0.756963
SKM_04044,0.823313
SKM_04045,0.794943
SKM_04046,0.836984
SKM_04047,0.836506
SKM_04048,0.829573
SKM_04049,0.849106
SKM_04050,0.844243
SKM_04051,0.835644
SKM_04052,0.833184
SKM_04053,0.835491
SKM_04054,0.809177
SKM_04055,0.824062
SKM_04056,0.728892
SKM_04057,0.703226
SKM_04058,0.677123
SKM_04059,0.674087
SKM_04060,0.680014
SKM_04061,0.683078
SKM_04062,0.687493
SKM_04063,0.553996
SKM_04064,0.315847
SKM_04065,0.195102
SKM_04066,0.394823
SKM_04067,0.378227
SKM_04068,0.244341
SKM_04069,
SKM_04070,
SKM_04071,0.136693
SKM_04072,0.159071
SKM_04073,0.239845
SKM_04074,0.266794
SKM_04075,0.348844
SKM_04076,0.399149
SKM_04077,0.426424
SKM_04078,0.244767
SKM_04079,0.388194
SKM_04080,0.523039
SKM_04081,0.644453
SKM_04082,0.451851
SKM_04083,0.265011
SKM_04084,0.128395
SKM_04085,-0.009394
SKM_04086,-0.042538
SKM_04087,
SKM_04088,
SKM_04089,0.145376
SKM_04090,
SKM_04091,
SKM_04092,0.075704
SKM_04093,0.313371
SKM_04094,0.333086
SKM_04095,0.416277
SKM_04096,0.52434
SKM_04097,0.587044
SKM_04098,0.555933
SKM_04099,0.385873
SKM_04100,0.406429
SKM_04101,0.589399
SKM_04102,0.581167
SKM_04103,0.574972
SKM_04104,0.498241
SKM_04105,0.809622
SKM_04106,0.572393
SKM_04107,0.764148
SKM_04108,0.793909
SKM_04109,0.799827
SKM_04110,0.741881
SKM_04111,0.832846
SKM_04112,0.834638
SKM_04113,0.848878
SKM_04114,0.856489
SKM_04115,0.780879
SKM_04116,0.807364
SKM_04117,0.834591
SKM_04118,0.840474
SKM_04119,0.849612
SKM_04120,0.842469
SKM_04121,0.851109
SKM_04122,0.83708
SKM_04123,0.835288
SKM_04124,0.827473
SKM_04125,0.819768
SKM_04126,0.745411
SKM_04127,0.799439
SKM_04128,0.788382
SKM_04129,0.66431
SKM_04130,0.453496
SKM_04131,0.63089
SKM_04132,0.6802
SKM_04133,0.683128
SKM_04134,0.712568
SKM_04135,0.567458
SKM_04136,0.588143
SKM_04137,0.487008
SKM_04138,0.242836
SKM_04139,0.224549
SKM_04140,0.209269
SKM_04141,0.138778
SKM_04142,0.16202
SKM_04143,
SKM_04144,0.167777
SKM_04145,
SKM_04146,0.059601
SKM_04147,0.220153
SKM_04148,0.243012
SKM_04149,0.408411
SKM_04150,0.427189
SKM_04151,0.528445
SKM_04152,0.287434
SKM_04153,0.347398
SKM_04154,0.628795
SKM_04155,0.731191
SKM_04156,0.56609
SKM_04157,0.343027
SKM_04158,0.236439
SKM_04159,0.172615
SKM_04160,0.118379
SKM_04161,0.15072
SKM_04162,0.12037
SKM_04163,0.251191
SKM_04164,0.203238
SKM_04165,
SKM_04166,0.052003
SKM_04167,0.171544
SKM_04168,0.158353
SKM_04169,0.239862
SKM_04170,0.474501
SKM_04171,0.706493
SKM_04172,0.51328
SKM_04173,0.472206
SKM_04174,0.444465
SKM_04175,0.460031
SKM_04176,0.726469
SKM_04177,0.526159
SKM_04178,0.77994
SKM_04179,0.742599
SKM_04180,0.570607
SKM_04181,0.769095
SKM_04182,0.847513
SKM_04183,0.856325
SKM_04184,0.851477
SKM_04185,0.867119
SKM_04186,0.861332
SKM_04187,0.837853
SKM_04188,0.817621
SKM_04189,0.787195
SKM_04190,0.765143
SKM_04191,0.802408
SKM_04192,0.855101
SKM_04193,0.848902
SKM_04194,0.834514
SKM_04195,0.845045
SKM_04196,0.826686
SKM_04197,0.835616
SKM_04198,0.796631
SKM_04199,0.794081
SKM_04200,0.703366
SKM_04201,0.628425
SKM_04202,0.690348
SKM_04203,0.654595
SKM_04204,0.537404
SKM_04205,0.400324
SKM_04206,0.514511
SKM_04207,0.628485
SKM_04208,0.618335
SKM_04209,0.549614
SKM_04210,0.467814
SKM_04211,0.606682
SKM_04212,0.488626
SKM_04213,0.304592
SKM_04214,0.207932
SKM_04215,0.059481
SKM_04216,0.247798
SKM_04217,0.205059
SKM_04218,0.149569
SKM_04219,0.186377
SKM_04220,0.121717
SKM_04221,0.260843
SKM_04222,0.331048
SKM_04223,0.363537
SKM_04224,0.584798
SKM_04225,0.55811
SKM_04226,0.340805
SKM_04227,0.416216
SKM_04228,0.595085
SKM_04229,0.669795
SKM_04230,0.716186
SKM_04231,0.535719
SKM_04232,0.301033
SKM_04233,0.262756
SKM_04234,0.177889
SKM_04235,0.32283
SKM_04236,0.327944
SKM_04237,0.386906
SKM_04238,0.32448
SKM_04239,0.085471
SKM_04240,0.176198
SKM_04241,0.267512
SKM_04242,0.228819
SKM_04243,0.355038
SKM_04244,0.56697
SKM_04245,0.673481
SKM_04246,0.547973
SKM_04247,0.517981
SKM_04248,0.491758
SKM_04249,0.572288
SKM_04250,0.522526
SKM_04251,0.683249
SKM_04252,0.647327
SKM_04253,0.659712
SKM_04254,0.797387
SKM_04255,0.77823
SKM_04256,0.849063
SKM_04257,0.84684
SKM_04258,0.850809
SKM_04259,0.853319
SKM_04260,0.808302
SKM_04261,0.840281
SKM_04262,0.83516
SKM_04263,0.785437
SKM_04264,0.80678
SKM_04265,0.839619
SKM_04266,0.849971
SKM_04267,0.855572
SKM_04268,0.852301
SKM_04269,0.839372
SKM_04270,0.704487
SKM_04271,0.534624
SKM_04272,0.538289
SKM_04273,0.695471
SKM_04274,0.474148
SKM_04275,0.538024
SKM_04276,0.64504
SKM_04277,0.65117
SKM_04278,0.621177
SKM_04279,0.414125
SKM_04280,0.367909
SKM_04281,0.549662
SKM_04282,0.567241
SKM_04283,0.619864
SKM_04284,0.388228
SKM_04285,0.414358
SKM_04286,0.528972
SKM_04287,0.352463
SKM_04288,0.222217
SKM_04289,0.063025
SKM_04290,0.368002
SKM_04291,0.204833
SKM_04292,0.1394
SKM_04293,0.236368
SKM_04294,0.183207
SKM_04295,0.134465
SKM_04296,0.329904
SKM_04297,0.434278
SKM_04298,0.529519
SKM_04299,0.666064
SKM_04300,0.620929
SKM_04301,0.455285
SKM_04302,0.604796
SKM_04303,0.721209
SKM_04304,0.702067
SKM_04305,0.672153
SKM_04306,0.530683
SKM_04307,0.331339
SKM_04308,0.246035
SKM_04309,0.182593
SKM_04310,0.332238
SKM_04311,0.321738
SKM_04312,0.262758
SKM_04313,0.192172
SKM_04314,0.335851
SKM_04315,0.40867
SKM_04316,0.298647
SKM_04317,0.538968
SKM_04318,0.574095
SKM_04319,0.415453
SKM_04320,0.591062
SKM_04321,0.610532
SKM_04322,0.661261
SKM_04323,0.678065
SKM_04324,0.654891
SKM_04325,0.444737
SKM_04326,0.751886
SKM_04327,0.840457
SKM_04328,0.848418
SKM_04329,0.804189
SKM_04330,0.850645
SKM_04331,0.816063
SKM_04332,0.840929
SKM_04333,0.852304
SKM_04334,0.8218
SKM_04335,0.832913
SKM_04336,0.836568
SKM_04337,0.767333
SKM_04338,0.830303
SKM_04339,0.850941
SKM_04340,0.861554
SKM_04341,0.865073
SKM_04342,0.843937
SKM_04343,0.845286
SKM_04344,0.808127
SKM_04345,0.649115
SKM_04346,0.51438
SKM_04347,0.564099
SKM_04348,0.591021
SKM_04349,0.685966
SKM_04350,0.795632
SKM_04351,0.803478
SKM_04352,0.658403
SKM_04353,0.59469
SKM_04354,0.436852
SKM_04355,0.365417
SKM_04356,0.434849
SKM_04357,0.618982
SKM_04358,0.60971
SKM_04359,0.330477
SKM_04360,0.266416
SKM_04361,0.288266
SKM_04362,0.165655
SKM_04363,0.095612
SKM_04364,0.241163
SKM_04365,0.274579
SKM_04366,0.347824
SKM_04367,0.161739
SKM_04368,0.364643
SKM_04369,0.301238
SKM_04370,0.330385
SKM_04371,0.540705
SKM_04372,0.669081
SKM_04373,0.738091
SKM_04374,0.695431
SKM_04375,0.572744
SKM_04376,0.658482
SKM_04377,0.73843
SKM_04378,0.721195
SKM_04379,0.703622
SKM_04380,0.653376
SKM_04381,0.470117
SKM_04382,0.346686
SKM_04383,0.201689
SKM_04384,0.25269
SKM_04385,0.468257
SKM_04386,0.253952
SKM_04387,0.259646
SKM_04388,0.471338
SKM_04389,0.502131
SKM_04390,0.304706
SKM_04391,0.651655
SKM_04392,0.553755
SKM_04393,0.354961
SKM_04394,0.539025
SKM_04395,0.697947
SKM_04396,0.739943
SKM_04397,0.712099
SKM_04398,0.752529
SKM_04399,0.548044
SKM_04400,0.640399
SKM_04401,0.637252
SKM_04402,0.719348
SKM_04403,0.752225
SKM_04404,0.806297
SKM_04405,0.815217
SKM_04406,0.810374
SKM_04407,0.825338
SKM_04408,0.849445
SKM_04409,0.861431
SKM_04410,0.854996
SKM_04411,0.795471
SKM_04412,0.853609
SKM_04413,0.83687
SKM_04414,0.793499
SKM_04415,0.824003
SKM_04416,0.851999
SKM_04417,0.848795
SKM_04418,0.834573
SKM_04419,0.801224
SKM_04420,0.648026
SKM_04421,0.455726
SKM_04422,0.745299
SKM_04423,0.810673
SKM_04424,0.84029
SKM_04425,0.806
SKM_04426,0.795458
SKM_04427,0.791178
SKM_04428,0.472666
SKM_04429,0.511454
SKM_04430,0.549352
SKM_04431,0.6127
SKM_04432,0.453352
SKM_04433,0.366436
SKM_04434,0.249048
SKM_04435,0.257398
SKM_04436,0.143272
SKM_04437,0.069923
SKM_04438,0.293557
SKM_04439,0.464563
SKM_04440,0.340429
SKM_04441,0.362037
SKM_04442,0.613877
SKM_04443,0.679486
SKM_04444,0.751364
SKM_04445,0.754337
SKM_04446,0.759015
SKM_04447,0.705241
SKM_04448,0.760343
SKM_04449,0.666483
SKM_04450,0.687076
SKM_04451,0.680703
SKM_04452,0.65895
SKM_04453,0.647079
SKM_04454,0.335159
SKM_04455,0.269769
SKM_04456,0.305026
SKM_04457,0.290762
SKM_04458,0.374726
SKM_04459,0.457287
SKM_04460,0.374106
SKM_04461,0.583958
SKM_04462,0.614024
SKM_04463,0.501074
SKM_04464,0.755775
SKM_04465,0.682509
SKM_04466,0.485986
SKM_04467,0.579264
SKM_04468,0.798432
SKM_04469,0.818565
SKM_04470,0.8195
SKM_04471,0.767908
SKM_04472,0.558719
SKM_04473,0.585182
SKM_04474,0.684596
SKM_04475,0.717755
SKM_04476,0.725342
SKM_04477,0.775575
SKM_04478,0.833494
SKM_04479,0.86753
SKM_04480,0.863907
SKM_04481,0.862857
SKM_04482,0.864038
SKM_04483,0.831351
SKM_04484,0.818642
SKM_04485,0.829765
SKM_04486,0.866446
SKM_04487,0.854448
SKM_04488,0.846578
SKM_04489,0.838961
SKM_04490,0.840268
SKM_04491,0.833452
SKM_04492,0.844867
SKM_04493,0.833735
SKM_04494,0.735782
SKM_04495,0.791088
SKM_04496,0.834235
SKM_04497,0.821379
SKM_04498,0.821661
SKM_04499,0.843187
SKM_04500,0.838091
SKM_04501,0.705301
SKM_04502,0.753075
SKM_04503,0.753343
SKM_04504,0.621796
SKM_04505,0.518813
SKM_04506,0.273716
SKM_04507,0.38448
SKM_04508,0.215402
SKM_04509,0.178215
SKM_04510,0.056071
SKM_04511,0.108247
SKM_04512,0.277617
SKM_04513,0.522434
SKM_04514,0.556435
SKM_04515,0.603154
SKM_04516,0.680247
SKM_04517,0.693574
SKM_04518,0.723105
SKM_04519,0.771345
SKM_04520,0.707138
SKM_04521,0.753136
SKM_04522,0.757655
SKM_04523,0.709041
SKM_04524,0.727521
SKM_04525,0.761315
SKM_04526,0.648172
SKM_04527,0.356349
SKM_04528,0.377151
SKM_04529,0.384401
SKM_04530,0.656157
SKM_04531,0.503219
SKM_04532,0.454966
SKM_04533,0.381023
SKM_04534,0.558311
SKM_04535,0.62329
SKM_04536,0.586557
SKM_04537,0.705524
SKM_04538,0.759684
SKM_04539,0.754654
SKM_04540,0.748487
SKM_04541,0.800177
SKM_04542,0.818844
SKM_04543,0.806707
SKM_04544,0.708335
SKM_04545,0.500828
SKM_04546,0.584883
SKM_04547,0.575589
SKM_04548,0.590304
SKM_04549,0.635563
SKM_04550,0.632709
SKM_04551,0.69508
SKM_04552,0.822256
SKM_04553,0.827538
SKM_04554,0.839216
SKM_04555,0.847498
SKM_04556,0.808925
SKM_04557,0.829392
SKM_04558,0.831465
SKM_04559,0.84812
SKM_04560,0.866755
SKM_04561,0.854058
SKM_04562,0.844314
SKM_04563,0.832603
SKM_04564,0.854824
SKM_04565,0.871839
SKM_04566,0.852814
SKM_04567,0.848758
SKM_04568,0.82605
SKM_04569,0.847368
SKM_04570,0.860085
SKM_04571,0.867759
SKM_04572,0.852444
SKM_04573,0.840963
SKM_04574,0.816607
SKM_04575,0.821582
SKM_04576,0.811926
SKM_04577,0.661134
SKM_04578,0.654626
SKM_04579,0.353604
SKM_04580,0.223689
SKM_04581,0.241185
SKM_04582,0.140134
SKM_04583,0.103898
SKM_04584,0.085721
SKM_04585,0.340723
SKM_04586,0.506941
SKM_04587,0.513064
SKM_04588,0.501254
SKM_04589,0.510342
SKM_04590,0.701563
SKM_04591,0.758065
SKM_04592,0.685349
SKM_04593,0.742622
SKM_04594,0.706134
SKM_04595,0.707871
SKM_04596,0.734906
SKM_04597,0.740482
SKM_04598,0.759401
SKM_04599,0.630066
SKM_04600,0.561208
SKM_04601,0.551529
SKM_04602,0.571178
SKM_04603,0.485336
SKM_04604,0.53141
SKM_04605,0.503665
SKM_04606,0.422534
SKM_04607,0.510692
SKM_04608,0.633489
SKM_04609,0.532642
SKM_04610,0.503798
SKM_04611,0.779124
SKM_04612,0.791808
SKM_04613,0.768955
SKM_04614,0.831684
SKM_04615,0.816452
SKM_04616,0.814679
SKM_04617,0.762315
SKM_04618,0.579368
SKM_04619,0.505618
SKM_04620,0.596089
SKM_04621,0.754054
SKM_04622,0.817687
SKM_04623,0.7993
SKM_04624,0.796687
SKM_04625,0.856285
SKM_04626,0.87683
SKM_04627,0.857302
SKM_04628,0.851299
SKM_04629,0.786444
SKM_04630,0.800876
SKM_04631,0.847884
SKM_04632,0.847737
SKM_04633,0.85821
SKM_04634,0.856247
SKM_04635,0.856069
SKM_04636,0.866013
SKM_04637,0.859337
SKM_04638,0.842623
SKM_04639,0.821417
SKM_04640,0.841555
SKM_04641,0.866783
SKM_04642,0.8554
SKM_04643,0.855564
SKM_04644,0.835034
SKM_04645,0.808563
SKM_04646,0.761039
SKM_04647,0.72214
SKM_04648,0.791066
SKM_04649,0.797207
SKM_04650,0.642626
SKM_04651,0.617512
SKM_04652,0.440935
SKM_04653,0.228177
SKM_04654,0.37861
SKM_04655,0.272121
SKM_04656,0.259133
SKM_04657,0.191574
SKM_04658,0.238178
SKM_04659,0.373836
SKM_04660,0.409526
SKM_04661,0.426829
SKM_04662,0.457256
SKM_04663,0.475278
SKM_04664,0.585657
SKM_04665,0.513654
SKM_04666,0.662238
SKM_04667,0.725811
SKM_04668,0.710505
SKM_04669,0.758986
SKM_04670,0.771832
SKM_04671,0.772571
SKM_04672,0.659426
SKM_04673,0.618528
SKM_04674,0.694387
SKM_04675,0.571336
SKM_04676,0.598059
SKM_04677,0.651759
SKM_04678,0.571398
SKM_04679,0.523608
SKM_04680,0.69444
SKM_04681,0.6899
SKM_04682,0.593044
SKM_04683,0.731759
SKM_04684,0.82309
SKM_04685,0.811481
SKM_04686,0.814471
SKM_04687,0.847189
SKM_04688,0.821137
SKM_04689,0.810431
SKM_04690,0.655267
SKM_04691,0.710939
SKM_04692,0.593801
SKM_04693,0.646933
SKM_04694,0.758616
SKM_04695,0.823386
SKM_04696,0.829605
SKM_04697,0.841606
SKM_04698,0.856746
SKM_04699,0.850048
SKM_04700,0.8551
SKM_04701,0.823785
SKM_04702,0.804742
SKM_04703,0.832203
SKM_04704,0.829387
SKM_04705,0.864356
SKM_04706,0.856057
SKM_04707,0.853854
SKM_04708,0.858078
SKM_04709,0.866856
SKM_04710,0.814289
SKM_04711,0.840427
SKM_04712,0.819986
SKM_04713,0.849367
SKM_04714,0.858666
SKM_04715,0.829482
SKM_04716,0.835645
SKM_04717,0.822367
SKM_04718,0.822748
SKM_04719,0.806548
SKM_04720,0.735539
SKM_04721,0.673535
SKM_04722,0.665402
SKM_04723,0.675045
SKM_04724,0.538103
SKM_04725,0.363943
SKM_04726,0.365112
SKM_04727,0.426325
SKM_04728,0.402416
SKM_04729,0.28474
SKM_04730,0.223503
SKM_04731,0.292166
SKM_04732,0.312262
SKM_04733,0.281262
SKM_04734,0.343729
SKM_04735,0.450129
SKM_04736,0.363525
SKM_04737,0.527219
SKM_04738,0.634601
SKM_04739,0.700073
SKM_04740,0.668535
SKM_04741,0.759727
SKM_04742,0.796742
SKM_04743,0.770293
SKM_04744,0.774804
SKM_04745,0.659809
SKM_04746,0.683852
SKM_04747,0.664203
SKM_04748,0.74377
SKM_04749,0.775658
SKM_04750,0.762362
SKM_04751,0.751482
SKM_04752,0.686021
SKM_04753,0.803132
SKM_04754,0.763521
SKM_04755,0.70611
SKM_04756,0.74359
SKM_04757,0.831736
SKM_04758,0.825314
SKM_04759,0.825067
SKM_04760,0.834281
SKM_04761,0.829969
SKM_04762,0.824925
SKM_04763,0.803418
SKM_04764,0.821124
SKM_04765,0.667475
SKM_04766,0.725342
SKM_04767,0.825406
SKM_04768,0.832032
SKM_04769,0.818738
SKM_04770,0.779783
SKM_04771,0.826136
SKM_04772,0.838141
SKM_04773,0.860096
SKM_04774,0.822994
SKM_04775,0.770645
SKM_04776,0.822242
SKM_04777,0.815644
SKM_04778,0.861076
SKM_04779,0.857293
SKM_04780,0.827916
SKM_04781,0.781706
SKM_04782,0.851789
SKM_04783,0.858282
SKM_04784,0.826378
SKM_04785,0.80518
SKM_04786,0.852001
SKM_04787,0.800783
SKM_04788,0.856895
SKM_04789,0.858375
SKM_04790,0.847607
SKM_04791,0.844408
SKM_04792,0.806787
SKM_04793,0.752929
SKM_04794,0.593264
SKM_04795,0.642877
SKM_04796,0.585864
SKM_04797,0.592498
SKM_04798,0.571429
SKM_04799,0.491935
SKM_04800,0.537943
SKM_04801,0.520936
SKM_04802,0.388094
SKM_04803,0.253341
SKM_04804,0.289101
SKM_04805,0.308706
SKM_04806,0.344231
SKM_04807,0.332518
SKM_04808,0.283872
SKM_04809,0.425437
SKM_04810,0.367128
SKM_04811,0.426278
SKM_04812,0.599503
SKM_04813,0.714527
SKM_04814,0.7674
SKM_04815,0.763897
SKM_04816,0.783151
SKM_04817,0.773694
SKM_04818,0.746406
SKM_04819,0.810341
SKM_04820,0.718815
SKM_04821,0.708249
SKM_04822,0.420578
SKM_04823,0.689715
SKM_04824,0.788942
SKM_04825,0.805222
SKM_04826,0.788957
SKM_04827,0.764311
SKM_04828,0.789449
SKM_04829,0.837792
SKM_04830,0.814775
SKM_04831,0.800762
SKM_04832,0.843326
SKM_04833,0.828809
SKM_04834,0.838265
SKM_04835,0.846322
SKM_04836,0.846129
SKM_04837,0.843923
SKM_04838,0.842728
SKM_04839,0.778015
SKM_04840,0.724034
SKM_04841,0.791617
SKM_04842,0.831718
SKM_04843,0.82902
SKM_04844,0.822471
SKM_04845,0.819907
SKM_04846,0.841445
SKM_04847,0.867365
SKM_04848,0.839713
SKM_04849,0.835256
SKM_04850,0.786647
SKM_04851,0.828632
SKM_04852,0.832095
SKM_04853,0.857818
SKM_04854,0.866277
SKM_04855,0.846515
SKM_04856,0.845501
SKM_04857,0.784155
SKM_04858,0.802091
SKM_04859,0.837906
SKM_04860,0.81955
SKM_04861,0.825049
SKM_04862,0.810907
SKM_04863,0.841285
SKM_04864,0.738338
SKM_04865,0.784866
SKM_04866,0.7433
SKM_04867,0.610787
SKM_04868,0.616653
SKM_04869,0.537292
SKM_04870,0.578034
SKM_04871,0.578498
SKM_04872,0.556354
SKM_04873,0.574452
SKM_04874,0.688679
SKM_04875,0.668459
SKM_04876,0.490697
SKM_04877,0.302629
SKM_04878,0.213163
SKM_04879,0.212528
SKM_04880,0.308818
SKM_04881,0.34629
SKM_04882,0.478378
SKM_04883,0.492999
SKM_04884,0.34302
SKM_04885,0.520638
SKM_04886,0.493432
SKM_04887,0.420729
SKM_04888,0.587238
SKM_04889,0.646877
SKM_04890,0.560403
SKM_04891,0.48149
SKM_04892,0.639783
SKM_04893,0.776049
SKM_04894,0.788511
SKM_04895,0.788952
SKM_04896,0.822668
SKM_04897,0.797202
SKM_04898,0.724511
SKM_04899,0.703325
SKM_04900,0.618542
SKM_04901,0.804569
SKM_04902,0.798461
SKM_04903,0.784919
SKM_04904,0.857808
SKM_04905,0.828939
SKM_04906,0.840305
SKM_04907,0.841503
SKM_04908,0.839274
SKM_04909,0.849013
SKM_04910,0.816659
SKM_04911,0.834889
SKM_04912,0.838103
SKM_04913,0.839251
SKM_04914,0.846739
SKM_04915,0.615028
SKM_04916,0.786578
SKM_04917,0.839744
SKM_04918,0.86631
SKM_04919,0.86564
SKM_04920,0.844666
SKM_04921,0.842612
SKM_04922,0.847487
SKM_04923,0.861358
SKM_04924,0.841173
SKM_04925,0.832078
SKM_04926,0.81074
SKM_04927,0.773818
SKM_04928,0.844717
SKM_04929,0.859931
SKM_04930,0.791237
SKM_04931,0.840329
SKM_04932,0.831596
SKM_04933,0.876619
SKM_04934,0.861995
SKM_04935,0.841239
SKM_04936,0.834523
SKM_04937,0.816557
SKM_04938,0.831202
SKM_04939,0.837045
SKM_04940,0.820819
SKM_04941,0.846577
SKM_04942,0.718815
SKM_04943,0.687809
SKM_04944,0.651252
SKM_04945,0.52565
SKM_04946,0.56768
SKM_04947,0.408675
SKM_04948,0.418811
SKM_04949,0.391495
SKM_04950,0.417634
SKM_04951,0.440258
SKM_04952,0.378928
SKM_04953,0.356772
SKM_04954,0.202021
SKM_04955,0.255978
SKM_04956,0.228489
SKM_04957,0.24748
SKM_04958,0.336898
SKM_04959,0.519403
SKM_04960,0.638639
SKM_04961,0.532161
SKM_04962,0.467686
SKM_04963,0.623659
SKM_04964,0.699714
SKM_04965,0.608066
SKM_04966,0.472346
SKM_04967,0.58087
SKM_04968,0.690952
SKM_04969,0.660359
SKM_04970,0.682134
SKM_04971,0.808979
SKM_04972,0.813033
SKM_04973,0.818123
SKM_04974,0.813911
SKM_04975,0.821013
SKM_04976,0.774267
SKM_04977,0.597008
SKM_04978,0.762235
SKM_04979,0.823298
SKM_04980,0.832591
SKM_04981,0.808415
SKM_04982,0.820237
SKM_04983,0.83018
SKM_04984,0.817853
SKM_04985,0.810886
SKM_04986,0.823805
SKM_04987,0.851639
SKM_04988,0.851903
SKM_04989,0.842166
SKM_04990,0.83708
SKM_04991,0.832286
SKM_04992,0.752929
SKM_04993,0.75103
SKM_04994,0.817179
SKM_04995,0.848422
SKM_04996,0.863432
SKM_04997,0.861171
SKM_04998,0.86962
SKM_04999,0.86849
SKM_05000,0.858418
SKM_05001,0.87456
SKM_05002,0.849087
SKM_05003,0.835471
SKM_05004,0.778713
SKM_05005,0.722625
SKM_05006,0.837382
SKM_05007,0.849764
SKM_05008,0.830884
SKM_05009,0.849944
SKM_05010,0.848525
SKM_05011,0.817999
SKM_05012,0.849608
SKM_05013,0.851279
SKM_05014,0.827505
SKM_05015,0.834432
SKM_05016,0.85752
SKM_05017,0.848098
SKM_05018,0.866597
SKM_05019,0.855626
SKM_05020,0.819319
SKM_05021,0.743223
SKM_05022,0.694191
SKM_05023,0.466075
SKM_05024,0.458834
SKM_05025,0.441494
SKM_05026,0.514869
SKM_05027,0.469471
SKM_05028,0.46572
SKM_05029,0.403558
SKM_05030,0.392834
SKM_05031,0.306596
SKM_05032,0.334947
SKM_05033,0.296762
SKM_05034,0.29349
SKM_05035,0.308528
SKM_05036,0.567
SKM_05037,0.704211
SKM_05038,0.728073
SKM_05039,0.624635
SKM_05040,0.553231
SKM_05041,0.62817
SKM_05042,0.687105
SKM_05043,0.714446
SKM_05044,0.495592
SKM_05045,0.555385
SKM_05046,0.499165
SKM_05047,0.609114
SKM_05048,0.766179
SKM_05049,0.800266
SKM_05050,0.825198
SKM_05051,0.829911
SKM_05052,0.831925
SKM_05053,0.826936
SKM_05054,0.766704
SKM_05055,0.61856
SKM_05056,0.758106
SKM_05057,0.733071
SKM_05058,0.754408
SKM_05059,0.833695
SKM_05060,0.82649
SKM_05061,0.816908
SKM_05062,0.78055
SKM_05063,0.845524
SKM_05064,0.858744
SKM_05065,0.852078
SKM_05066,0.823655
SKM_05067,0.797689
SKM_05068,0.803092
SKM_05069,0.831452
SKM_05070,0.769967
SKM_05071,0.725105
SKM_05072,0.836373
SKM_05073,0.847333
SKM_05074,0.842586
SKM_05075,0.838392
SKM_05076,0.871156
SKM_05077,0.863354
SKM_05078,0.865367
SKM_05079,0.867454
SKM_05080,0.848325
SKM_05081,0.782647
SKM_05082,0.706183
SKM_05083,0.829952
SKM_05084,0.842773
SKM_05085,0.841677
SKM_05086,0.840643
SKM_05087,0.838117
SKM_05088,0.819996
SKM_05089,0.822869
SKM_05090,0.854024
SKM_05091,0.836011
SKM_05092,0.861936
SKM_05093,0.842884
SKM_05094,0.829467
SKM_05095,0.850757
SKM_05096,0.820159
SKM_05097,0.791398
SKM_05098,0.601599
SKM_05099,0.492273
SKM_05100,0.53577
SKM_05101,0.525291
SKM_05102,0.456944
SKM_05103,0.573921
SKM_05104,0.670459
SKM_05105,0.647336
SKM_05106,0.665018
SKM_05107,0.50792
SKM_05108,0.392276
SKM_05109,0.361701
SKM_05110,0.395063
SKM_05111,0.316565
SKM_05112,0.40717
SKM_05113,0.290113
SKM_05114,0.287901
SKM_05115,0.319903
SKM_05116,0.292143
SKM_05117,0.235413
SKM_05118,0.631532
SKM_05119,0.741868
SKM_05120,0.73981
SKM_05121,0.720284
SKM_05122,0.761221
SKM_05123,0.647752
SKM_05124,0.781568
SKM_05125,0.745155
SKM_05126,0.592077
SKM_05127,0.552215
SKM_05128,0.567685
SKM_05129,0.633521
SKM_05130,0.645624
SKM_05131,0.722852
SKM_05132,0.821562
SKM_05133,0.817131
SKM_05134,0.837452
SKM_05135,0.773348
SKM_05136,0.827041
SKM_05137,0.803706
SKM_05138,0.781082
SKM_05139,0.704522
SKM_05140,0.723259
SKM_05141,0.824048
SKM_05142,0.831789
SKM_05143,0.842879
SKM_05144,0.80598
SKM_05145,0.798292
SKM_05146,0.754076
SKM_05147,0.830563
SKM_05148,0.844012
SKM_05149,0.82737
SKM_05150,0.838593
SKM_05151,0.798961
SKM_05152,0.72446
SKM_05153,0.586508
SKM_05154,0.715597
SKM_05155,0.839464
SKM_05156,0.847902
SKM_05157,0.833612
SKM_05158,0.849557
SKM_05159,0.83595
SKM_05160,0.860662
SKM_05161,0.844256
SKM_05162,0.801039
SKM_05163,0.806189
SKM_05164,0.837639
SKM_05165,0.809231
SKM_05166,0.835112
SKM_05167,0.868962
SKM_05168,0.869475
SKM_05169,0.840329
SKM_05170,0.844199
SKM_05171,0.857713
SKM_05172,0.856811
SKM_05173,0.829923
SKM_05174,0.852579
SKM_05175,0.832844
SKM_05176,0.842478
SKM_05177,0.852902
SKM_05178,0.77557
SKM_05179,0.711047
SKM_05180,0.665129
SKM_05181,0.471831
SKM_05182,0.563321
SKM_05183,0.608721
SKM_05184,0.580716
SKM_05185,0.58202
SKM_05186,0.573679
SKM_05187,0.521845
SKM_05188,0.368236
SKM_05189,0.137951
SKM_05190,0.338378
SKM_05191,0.357884
SKM_05192,0.346125
SKM_05193,0.41295
SKM_05194,0.401868
SKM_05195,0.375302
SKM_05196,0.301562
SKM_05197,0.480275
SKM_05198,0.467335
SKM_05199,0.291387
SKM_05200,
SKM_05201,0.610362
SKM_05202,0.71127
SKM_05203,0.749806
SKM_05204,0.706706
SKM_05205,0.718244
SKM_05206,0.740994
SKM_05207,0.726675
SKM_05208,0.811886
SKM_05209,0.694427
SKM_05210,0.750628
SKM_05211,0.598079
SKM_05212,0.593943
SKM_05213,0.73272
SKM_05214,0.813619
SKM_05215,0.825305
SKM_05216,0.831644
SKM_05217,0.817511
SKM_05218,0.791095
SKM_05219,0.819951
SKM_05220,0.831407
SKM_05221,0.787217
SKM_05222,0.687933
SKM_05223,0.818553
SKM_05224,0.86702
SKM_05225,0.851845
SKM_05226,0.838839
SKM_05227,0.844252
SKM_05228,0.847635
SKM_05229,0.808932
SKM_05230,0.819473
SKM_05231,0.820154
SKM_05232,0.840974
SKM_05233,0.83365
SKM_05234,0.849949
SKM_05235,0.806081
SKM_05236,0.739756
SKM_05237,0.709398
SKM_05238,0.779184
SKM_05239,0.84081
SKM_05240,0.843675
SKM_05241,0.83261
SKM_05242,0.827095
SKM_05243,0.802476
SKM_05244,0.781579
SKM_05245,0.811586
SKM_05246,0.829635
SKM_05247,0.817451
SKM_05248,0.848083
SKM_05249,0.855701
SKM_05250,0.870758
SKM_05251,0.874151
SKM_05252,0.867987
SKM_05253,0.848835
SKM_05254,0.854732
SKM_05255,0.842797
SKM_05256,0.809333
SKM_05257,0.751587
SKM_05258,0.821079
SKM_05259,0.839762
SKM_05260,0.833408
SKM_05261,0.719063
SKM_05262,0.764532
SKM_05263,0.76423
SKM_05264,0.754658
SKM_05265,0.764885
SKM_05266,0.734405
SKM_05267,0.520655
SKM_05268,0.59138
SKM_05269,0.513638
SKM_05270,0.463228
SKM_05271,0.417111
SKM_05272,0.451911
SKM_05273,0.410065
SKM_05274,0.413932
SKM_05275,0.470328
SKM_05276,0.555498
SKM_05277,0.504554
SKM_05278,0.338777
SKM_05279,0.410163
SKM_05280,0.536871
SKM_05281,0.396188
SKM_05282,0.326081
SKM_05283,0.208736
SKM_05284,0.703601
SKM_05285,0.681186
SKM_05286,0.680918
SKM_05287,0.763493
SKM_05288,0.636014
SKM_05289,0.685417
SKM_05290,0.817345
SKM_05291,0.80531
SKM_05292,0.830646
SKM_05293,0.815029
SKM_05294,0.644225
SKM_05295,0.690893
SKM_05296,0.747304
SKM_05297,0.83504
SKM_05298,0.863397
SKM_05299,0.861954
SKM_05300,0.826746
SKM_05301,0.81305
SKM_05302,0.835794
SKM_05303,0.83715
SKM_05304,0.814545
SKM_05305,0.770065
SKM_05306,0.844995
SKM_05307,0.859586
SKM_05308,0.851483
SKM_05309,0.852745
SKM_05310,0.854337
SKM_05311,0.820248
SKM_05312,0.823739
SKM_05313,0.829848
SKM_05314,0.82674
SKM_05315,0.834104
SKM_05316,0.81937
SKM_05317,0.835509
SKM_05318,0.838817
SKM_05319,0.70443
SKM_05320,
SKM_05321,0.700789
SKM_05322,0.848417
SKM_05323,0.868566
SKM_05324,0.834645
SKM_05325,0.843632
SKM_05326,0.827648
SKM_05327,0.787618
SKM_05328,0.822734
SKM_05329,0.808349
SKM_05330,0.850696
SKM_05331,0.850876
SKM_05332,0.824083
SKM_05333,0.853174
SKM_05334,0.851327
SKM_05335,0.845628
SKM_05336,0.85551
SKM_05337,0.861895
SKM_05338,0.811649
SKM_05339,0.826365
SKM_05340,0.820778
SKM_05341,0.772939
SKM_05342,0.837079
SKM_05343,0.718123
SKM_05344,0.804805
SKM_05345,0.862743
SKM_05346,0.853125
SKM_05347,0.838448
SKM_05348,0.840665
SKM_05349,0.707002
SKM_05350,0.620957
SKM_05351,0.68076
SKM_05352,0.635044
SKM_05353,0.601427
SKM_05354,0.533569
SKM_05355,0.635787
SKM_05356,0.688643
SKM_05357,0.653729
SKM_05358,0.637441
SKM_05359,0.494898
SKM_05360,0.38878
SKM_05361,0.526092
SKM_05362,0.515001
SKM_05363,0.421473
SKM_05364,0.381423
SKM_05365,0.511808
SKM_05366,0.380708
SKM_05367,0.313007
SKM_05368,0.693199
SKM_05369,0.656963
SKM_05370,0.677568
SKM_05371,0.700677
SKM_05372,0.764716
SKM_05373,0.699834
SKM_05374,0.568577
SKM_05375,0.811304
SKM_05376,0.836037
SKM_05377,0.836702
SKM_05378,0.725243
SKM_05379,0.675501
SKM_05380,0.795396
SKM_05381,0.862601
SKM_05382,0.852043
SKM_05383,0.858742
SKM_05384,0.803204
SKM_05385,0.84628
SKM_05386,0.836006
SKM_05387,0.837243
SKM_05388,0.833693
SKM_05389,0.856465
SKM_05390,0.837384
SKM_05391,0.826162
SKM_05392,0.833837
SKM_05393,0.825686
SKM_05394,0.857155
SKM_05395,0.825551
SKM_05396,0.813277
SKM_05397,0.823224
SKM_05398,0.811984
SKM_05399,0.834283
SKM_05400,0.776022
SKM_05401,0.78842
SKM_05402,0.788565
SKM_05403,0.608265
SKM_05404,0.609667
SKM_05405,0.795525
SKM_05406,0.84759
SKM_05407,0.852802
SKM_05408,0.817294
SKM_05409,0.816566
SKM_05410,0.829469
SKM_05411,0.780618
SKM_05412,0.827422
SKM_05413,0.786585
SKM_05414,0.863315
SKM_05415,0.800117
SKM_05416,0.812021
SKM_05417,0.819877
SKM_05418,0.853313
SKM_05419,0.785051
SKM_05420,0.862164
SKM_05421,0.819048
SKM_05422,0.815841
SKM_05423,0.812101
SKM_05424,0.699375
SKM_05425,0.777004
SKM_05426,0.860802
SKM_05427,0.755713
SKM_05428,0.843733
SKM_05429,0.827154
SKM_05430,0.829615
SKM_05431,0.824519
SKM_05432,0.679377
SKM_05433,0.661661
SKM_05434,0.660875
SKM_05435,0.727788
SKM_05436,0.691851
SKM_05437,0.693906
SKM_05438,0.703792
SKM_05439,0.68461
SKM_05440,0.719058
SKM_05441,0.650898
SKM_05442,0.423972
SKM_05443,0.410604
SKM_05444,0.465407
SKM_05445,0.574459
SKM_05446,0.477393
SKM_05447,0.36193
SKM_05448,0.504889
SKM_05449,0.4722
SKM_05450,0.283225
SKM_05451,0.310626
SKM_05452,0.70015
SKM_05453,0.654769
SKM_05454,0.651062
SKM_05455,0.710766
SKM_05456,0.764425
SKM_05457,0.778253
SKM_05458,0.837457
SKM_05459,0.833119
SKM_05460,0.830443
SKM_05461,0.849989
SKM_05462,0.845526
SKM_05463,0.854158
SKM_05464,0.861479
SKM_05465,0.754868
SKM_05466,0.849761
SKM_05467,0.822811
SKM_05468,0.814486
SKM_05469,0.818401
SKM_05470,0.818405
SKM_05471,0.817874
SKM_05472,0.819969
SKM_05473,0.824455
SKM_05474,0.840999
SKM_05475,0.831841
SKM_05476,0.831936
SKM_05477,0.817667
SKM_05478,0.806267
SKM_05479,0.840341
SKM_05480,0.823573
SKM_05481,0.84427
SKM_05482,0.817726
SKM_05483,0.65074
SKM_05484,0.633393
SKM_05485,0.727595
SKM_05486,0.540621
SKM_05487,0.5755
SKM_05488,0.820758
SKM_05489,0.861675
SKM_05490,0.851971
SKM_05491,0.845854
SKM_05492,0.800253
SKM_05493,0.796602
SKM_05494,0.77193
SKM_05495,0.802876
SKM_05496,0.821897
SKM_05497,0.857829
SKM_05498,0.746922
SKM_05499,0.805498
SKM_05500,0.873951
SKM_05501,0.871479
SKM_05502,0.871882
SKM_05503,0.863768
SKM_05504,0.785427
SKM_05505,0.741404
SKM_05506,0.655179
SKM_05507,0.646242
SKM_05508,0.80648
SKM_05509,0.8077
SKM_05510,0.797945
SKM_05511,0.781287
SKM_05512,0.854054
SKM_05513,0.848629
SKM_05514,0.831312
SKM_05515,0.604779
SKM_05516,0.837064
SKM_05517,0.537606
SKM_05518,0.746711
SKM_05519,0.766005
SKM_05520,0.721948
SKM_05521,0.667189
SKM_05522,0.64181
SKM_05523,0.437694
SKM_05524,0.483524
SKM_05525,0.700288
SKM_05526,0.679353
SKM_05527,0.677558
SKM_05528,0.510501
SKM_05529,0.450765
SKM_05530,0.371738
SKM_05531,0.515437
SKM_05532,0.474928
SKM_05533,0.464807
SKM_05534,0.343478
SKM_05535,0.252321
SKM_05536,0.643724
SKM_05537,0.710158
SKM_05538,0.713712
SKM_05539,0.579375
SKM_05540,0.745321
SKM_05541,0.819174
SKM_05542,0.837805
SKM_05543,0.836211
SKM_05544,0.84131
SKM_05545,0.856304
SKM_05546,0.855008
SKM_05547,0.853202
SKM_05548,0.857046
SKM_05549,0.855248
SKM_05550,0.830579
SKM_05551,0.828044
SKM_05552,0.816196
SKM_05553,0.78929
SKM_05554,0.808868
SKM_05555,0.806435
SKM_05556,0.805948
SKM_05557,0.801794
SKM_05558,0.828218
SKM_05559,0.791702
SKM_05560,0.813703
SKM_05561,0.824803
SKM_05562,0.8358
SKM_05563,0.832281
SKM_05564,0.816328
SKM_05565,0.693014
SKM_05566,0.681117
SKM_05567,0.516781
SKM_05568,0.612903
SKM_05569,0.534814
SKM_05570,0.679821
SKM_05571,0.843331
SKM_05572,0.85917
SKM_05573,0.830789
SKM_05574,0.827904
SKM_05575,0.798885
SKM_05576,0.801187
SKM_05577,0.752471
SKM_05578,0.788743
SKM_05579,0.818272
SKM_05580,0.843115
SKM_05581,0.826071
SKM_05582,0.753554
SKM_05583,0.871275
SKM_05584,0.868199
SKM_05585,0.80853
SKM_05586,0.797532
SKM_05587,0.793359
SKM_05588,0.7805
SKM_05589,0.763766
SKM_05590,0.487135
SKM_05591,0.728538
SKM_05592,0.840543
SKM_05593,0.850904
SKM_05594,0.844244
SKM_05595,0.854284
SKM_05596,0.845923
SKM_05597,0.819365
SKM_05598,0.812928
SKM_05599,0.729954
SKM_05600,0.707289
SKM_05601,0.794052
SKM_05602,0.779021
SKM_05603,0.70978
SKM_05604,0.583522
SKM_05605,0.490507
SKM_05606,0.512825
SKM_05607,0.722233
SKM_05608,0.718107
SKM_05609,0.71237
SKM_05610,0.635333
SKM_05611,0.465041
SKM_05612,0.419595
SKM_05613,0.189878
SKM_05614,0.443549
SKM_05615,0.481321
SKM_05616,0.546853
SKM_05617,0.386075
SKM_05618,0.264392
SKM_05619,0.283017
SKM_05620,0.276885
SKM_05621,0.178703
SKM_05622,0.619127
SKM_05623,0.547743
SKM_05624,0.554002
SKM_05625,0.567702
SKM_05626,0.449475
SKM_05627,0.571615
SKM_05628,0.829612
SKM_05629,0.858171
SKM_05630,0.86508
SKM_05631,0.820167
SKM_05632,0.830906
SKM_05633,0.856949
SKM_05634,0.861652
SKM_05635,0.860634
SKM_05636,0.858566
SKM_05637,0.838564
SKM_05638,0.836909
SKM_05639,0.8192
SKM_05640,0.820178
SKM_05641,0.761077
SKM_05642,0.780086
SKM_05643,0.727999
SKM_05644,0.812774
SKM_05645,0.789026
SKM_05646,0.812317
SKM_05647,0.804512
SKM_05648,0.816994
SKM_05649,0.816416
SKM_05650,0.81158
SKM_05651,0.841315
SKM_05652,0.833109
SKM_05653,0.776281
SKM_05654,0.684769
SKM_05655,0.664887
SKM_05656,0.761303
SKM_05657,0.806819
SKM_05658,0.839259
SKM_05659,0.824757
SKM_05660,0.811588
SKM_05661,0.824631
SKM_05662,0.80351
SKM_05663,0.78961
SKM_05664,0.747944
SKM_05665,0.822259
SKM_05666,0.770232
SKM_05667,0.799462
SKM_05668,0.832671
SKM_05669,0.8354
SKM_05670,0.871021
SKM_05671,0.86644
SKM_05672,0.795027
SKM_05673,0.809103
SKM_05674,0.786344
SKM_05675,0.782341
SKM_05676,0.726589
SKM_05677,0.575496
SKM_05678,0.826521
SKM_05679,0.843063
SKM_05680,0.863484
SKM_05681,0.855069
SKM_05682,0.843035
SKM_05683,0.730819
SKM_05684,0.800005
SKM_05685,0.659989
SKM_05686,0.588652
SKM_05687,0.789537
SKM_05688,0.802447
SKM_05689,0.8136
SKM_05690,0.568041
SKM_05691,0.654566
SKM_05692,0.560456
SKM_05693,0.710954
SKM_05694,0.762342
SKM_05695,0.711131
SKM_05696,0.668448
SKM_05697,0.497142
SKM_05698,0.440627
SKM_05699,0.444747
SKM_05700,0.462804
SKM_05701,0.48486
SKM_05702,0.544406
SKM_05703,0.384969
SKM_05704,0.354711
SKM_05705,0.393037
SKM_05706,0.39334
SKM_05707,0.293886
SKM_05708,0.611838
SKM_05709,0.68355
SKM_05710,0.753064
SKM_05711,0.720133
SKM_05712,0.575532
SKM_05713,0.582971
SKM_05714,0.510556
SKM_05715,0.773029
SKM_05716,0.839129
SKM_05717,0.849358
SKM_05718,0.845852
SKM_05719,0.816927
SKM_05720,0.856554
SKM_05721,0.84876
SKM_05722,0.868477
SKM_05723,0.849143
SKM_05724,0.832549
SKM_05725,0.827584
SKM_05726,0.822872
SKM_05727,0.822746
SKM_05728,0.790973
SKM_05729,0.78652
SKM_05730,0.785152
SKM_05731,0.78827
SKM_05732,0.806796
SKM_05733,0.800413
SKM_05734,0.805128
SKM_05735,0.828262
SKM_05736,0.844176
SKM_05737,0.849764
SKM_05738,0.845949
SKM_05739,0.825407
SKM_05740,0.85716
SKM_05741,0.817173
SKM_05742,0.638787
SKM_05743,0.60313
SKM_05744,0.780724
SKM_05745,0.808307
SKM_05746,0.815935
SKM_05747,0.775237
SKM_05748,0.782963
SKM_05749,0.780975
SKM_05750,0.763889
SKM_05751,0.816179
SKM_05752,0.851865
SKM_05753,0.851427
SKM_05754,0.850774
SKM_05755,0.845246
SKM_05756,0.819289
SKM_05757,0.868289
SKM_05758,0.866628
SKM_05759,0.819922
SKM_05760,0.817005
SKM_05761,0.806679
SKM_05762,0.709943
SKM_05763,0.600741
SKM_05764,0.771652
SKM_05765,0.826835
SKM_05766,0.854221
SKM_05767,0.871287
SKM_05768,0.850329
SKM_05769,0.847168
SKM_05770,0.792075
SKM_05771,0.78215
SKM_05772,0.621407
SKM_05773,0.565392
SKM_05774,0.791591
SKM_05775,0.813253
SKM_05776,0.765876
SKM_05777,0.709767
SKM_05778,0.574558
SKM_05779,0.612483
SKM_05780,0.721704
SKM_05781,0.688428
SKM_05782,0.700847
SKM_05783,0.688041
SKM_05784,0.551514
SKM_05785,0.509994
SKM_05786,0.473078
SKM_05787,0.522063
SKM_05788,0.62188
SKM_05789,0.621374
SKM_05790,0.522454
SKM_05791,0.463987
SKM_05792,0.41387
SKM_05793,0.49963
SKM_05794,0.368729
SKM_05795,0.625089
SKM_05796,0.655764
SKM_05797,0.762297
SKM_05798,0.794839
SKM_05799,0.804423
SKM_05800,0.749855
SKM_05801,0.718718
SKM_05802,0.703464
SKM_05803,0.802132
SKM_05804,0.844335
SKM_05805,0.871187
SKM_05806,0.83665
SKM_05807,0.851652
SKM_05808,0.810485
SKM_05809,0.803013
SKM_05810,0.839826
SKM_05811,0.831808
SKM_05812,0.849728
SKM_05813,0.815284
SKM_05814,0.81663
SKM_05815,0.826416
SKM_05816,0.833345
SKM_05817,0.793902
SKM_05818,0.776798
SKM_05819,0.82882
SKM_05820,0.83282
SKM_05821,0.818436
SKM_05822,0.820408
SKM_05823,0.811592
SKM_05824,0.818295
SKM_05825,0.818231
SKM_05826,0.756131
SKM_05827,0.793718
SKM_05828,0.848189
SKM_05829,0.814701
SKM_05830,0.745539
SKM_05831,0.767498
SKM_05832,0.811358
SKM_05833,0.823578
SKM_05834,0.769899
SKM_05835,0.802044
SKM_05836,0.789103
SKM_05837,0.810019
SKM_05838,0.828918
SKM_05839,0.857093
SKM_05840,0.862452
SKM_05841,0.86338
SKM_05842,0.848137
SKM_05843,0.828459
SKM_05844,0.863223
SKM_05845,0.85454
SKM_05846,0.82779
SKM_05847,0.769492
SKM_05848,0.739775
SKM_05849,0.714438
SKM_05850,0.752052
SKM_05851,0.816072
SKM_05852,0.835412
SKM_05853,0.864052
SKM_05854,0.854008
SKM_05855,0.861263
SKM_05856,0.868181
SKM_05857,0.86366
SKM_05858,0.814252
SKM_05859,0.828922
SKM_05860,0.636909
SKM_05861,0.833087
SKM_05862,0.834173
SKM_05863,0.819608
SKM_05864,0.790064
SKM_05865,0.765163
SKM_05866,0.6763
SKM_05867,0.695794
SKM_05868,0.672686
SKM_05869,0.655317
SKM_05870,0.629106
SKM_05871,0.508432
SKM_05872,0.446732
SKM_05873,0.412866
SKM_05874,0.382966
SKM_05875,0.601476
SKM_05876,0.674009
SKM_05877,0.745242
SKM_05878,0.716068
SKM_05879,0.700552
SKM_05880,0.426564
SKM_05881,0.396263
SKM_05882,
SKM_05883,0.696065
SKM_05884,0.776641
SKM_05885,0.844941
SKM_05886,0.765736
SKM_05887,0.794449
SKM_05888,0.824596
SKM_05889,0.826503
SKM_05890,0.83032
SKM_05891,0.812255
SKM_05892,0.834074
SKM_05893,0.858789
SKM_05894,0.861755
SKM_05895,0.862963
SKM_05896,0.866056
SKM_05897,0.812135
SKM_05898,0.844152
SKM_05899,0.845631
SKM_05900,0.833334
SKM_05901,0.776706
SKM_05902,0.790746
SKM_05903,0.800351
SKM_05904,0.838028
SKM_05905,0.810078
SKM_05906,0.815074
SKM_05907,0.823724
SKM_05908,0.812659
SKM_05909,0.803308
SKM_05910,0.813192
SKM_05911,0.827425
SKM_05912,0.814809
SKM_05913,0.800257
SKM_05914,0.725645
SKM_05915,0.767854
SKM_05916,0.839554
SKM_05917,0.792832
SKM_05918,0.835722
SKM_05919,0.778274
SKM_05920,0.76641
SKM_05921,0.785057
SKM_05922,0.734368
SKM_05923,0.782303
SKM_05924,0.800415
SKM_05925,0.828602
SKM_05926,0.863924
SKM_05927,0.876926
SKM_05928,0.877716
SKM_05929,0.885227
SKM_05930,0.85464
SKM_05931,0.807633
SKM_05932,0.830103
SKM_05933,0.805449
SKM_05934,0.819384
SKM_05935,0.776538
SKM_05936,0.812321
SKM_05937,0.755247
SKM_05938,0.773208
SKM_05939,0.802834
SKM_05940,0.857732
SKM_05941,0.851832
SKM_05942,0.847306
SKM_05943,0.8704
SKM_05944,0.866352
SKM_05945,0.852076
SKM_05946,0.751355
SKM_05947,0.561822
SKM_05948,0.758949
SKM_05949,0.850002
SKM_05950,0.841141
SKM_05951,0.836991
SKM_05952,0.81371
SKM_05953,0.849197
SKM_05954,0.795008
SKM_05955,0.768381
SKM_05956,0.719071
SKM_05957,0.679915
SKM_05958,0.65643
SKM_05959,0.405222
SKM_05960,0.416454
SKM_05961,0.494901
SKM_05962,0.601946
SKM_05963,0.391846
SKM_05964,0.522998
SKM_05965,0.571363
SKM_05966,0.697678
SKM_05967,0.687739
SKM_05968,0.425108
SKM_05969,0.398916
SKM_05970,0.551331
SKM_05971,0.676753
SKM_05972,0.736576
SKM_05973,0.827747
SKM_05974,0.821027
SKM_05975,0.817921
SKM_05976,0.813522
SKM_05977,0.776275
SKM_05978,0.846595
SKM_05979,0.740092
SKM_05980,0.783109
SKM_05981,0.822741
SKM_05982,0.834933
SKM_05983,0.842817
SKM_05984,0.866769
SKM_05985,0.850661
SKM_05986,0.857422
SKM_05987,0.854251
SKM_05988,0.826705
SKM_05989,0.826363
SKM_05990,0.82449
SKM_05991,0.759251
SKM_05992,0.723004
SKM_05993,0.816198
SKM_05994,0.776005
SKM_05995,0.713033
SKM_05996,0.752061
SKM_05997,0.832294
SKM_05998,0.806067
SKM_05999,0.802633
SKM_06000,0.828886
SKM_06001,0.82351
SKM_06002,0.747266
SKM_06003,0.805651
SKM_06004,0.848311
SKM_06005,0.825492
SKM_06006,0.836797
SKM_06007,0.825351
SKM_06008,0.794057
SKM_06009,0.786856
SKM_06010,0.69127
SKM_06011,0.815635
SKM_06012,0.819452
SKM_06013,0.847245
SKM_06014,0.875089
SKM_06015,0.850851
SKM_06016,0.869183
SKM_06017,0.875772
SKM_06018,0.854169
SKM_06019,0.834781
SKM_06020,0.858762
SKM_06021,0.844233
SKM_06022,0.824344
SKM_06023,0.833315
SKM_06024,0.80232
SKM_06025,0.685123
SKM_06026,0.77461
SKM_06027,0.823198
SKM_06028,0.821647
SKM_06029,0.848003
SKM_06030,0.857116
SKM_06031,0.817794
SKM_06032,0.81856
SKM_06033,0.74961
SKM_06034,0.565752
SKM_06035,0.798452
SKM_06036,0.862322
SKM_06037,0.863286
SKM_06038,0.857003
SKM_06039,0.848905
SKM_06040,0.84238
SKM_06041,0.84715
SKM_06042,0.813186
SKM_06043,0.698676
SKM_06044,0.704884
SKM_06045,0.662783
SKM_06046,0.473148
SKM_06047,0.437371
SKM_06048,0.61769
SKM_06049,0.651422
SKM_06050,0.701664
SKM_06051,0.558006
SKM_06052,0.669931
SKM_06053,0.720431
SKM_06054,0.748362
SKM_06055,0.670147
SKM_06056,0.578146
SKM_06057,0.5213
SKM_06058,0.70405
SKM_06059,0.714514
SKM_06060,0.773708
SKM_06061,0.745816
SKM_06062,0.840382
SKM_06063,0.784658
SKM_06064,0.777215
SKM_06065,0.771179
SKM_06066,0.832222
SKM_06067,0.847594
SKM_06068,0.840214
SKM_06069,0.837208
SKM_06070,0.847568
SKM_06071,0.855564
SKM_06072,0.858705
SKM_06073,0.836987
SKM_06074,0.824308
SKM_06075,0.81875
SKM_06076,0.809051
SKM_06077,0.762597
SKM_06078,0.80703
SKM_06079,0.805666
SKM_06080,0.768661
SKM_06081,0.818999
SKM_06082,0.789103
SKM_06083,0.811298
SKM_06084,0.821124
SKM_06085,0.837142
SKM_06086,0.810122
SKM_06087,0.815442
SKM_06088,0.812519
SKM_06089,0.828243
SKM_06090,0.834842
SKM_06091,0.83343
SKM_06092,0.838433
SKM_06093,0.844469
SKM_06094,0.839441
SKM_06095,0.821787
SKM_06096,0.798098
SKM_06097,0.809261
SKM_06098,0.728243
SKM_06099,0.810851
SKM_06100,0.80509
SKM_06101,0.828148
SKM_06102,0.868318
SKM_06103,0.821241
SKM_06104,0.841558
SKM_06105,0.861269
SKM_06106,0.837291
SKM_06107,0.715615
SKM_06108,0.729925
SKM_06109,0.860468
SKM_06110,0.857757
SKM_06111,0.83114
SKM_06112,0.801586
SKM_06113,0.712143
SKM_06114,0.757251
SKM_06115,0.819665
SKM_06116,0.792056
SKM_06117,0.836495
SKM_06118,0.835368
SKM_06119,0.869399
SKM_06120,0.817676
SKM_06121,0.607714
SKM_06122,0.770681
SKM_06123,0.855901
SKM_06124,0.86226
SKM_06125,0.836909
SKM_06126,0.853521
SKM_06127,0.849039
SKM_06128,0.640771
SKM_06129,0.327844
SKM_06130,0.507403
SKM_06131,0.459392
SKM_06132,0.586862
SKM_06133,0.530064
SKM_06134,0.486134
SKM_06135,0.717477
SKM_06136,0.67245
SKM_06137,0.760612
SKM_06138,0.587287
SKM_06139,0.598282
SKM_06140,0.706421
SKM_06141,0.693061
SKM_06142,0.70357
SKM_06143,0.509599
SKM_06144,0.499535
SKM_06145,0.736052
SKM_06146,0.738617
SKM_06147,0.775786
SKM_06148,0.740144
SKM_06149,0.767533
SKM_06150,0.773453
SKM_06151,0.804038
SKM_06152,0.786801
SKM_06153,0.800739
SKM_06154,0.806182
SKM_06155,0.837147
SKM_06156,0.824583
SKM_06157,0.823222
SKM_06158,0.81254
SKM_06159,0.825139
SKM_06160,0.818086
SKM_06161,0.832421
SKM_06162,0.814934
SKM_06163,0.806586
SKM_06164,0.815525
SKM_06165,0.82374
SKM_06166,0.758561
SKM_06167,0.814216
SKM_06168,0.826218
SKM_06169,0.800864
SKM_06170,0.775364
SKM_06171,0.80806
SKM_06172,0.80215
SKM_06173,0.823309
SKM_06174,0.828163
SKM_06175,0.825859
SKM_06176,0.842022
SKM_06177,0.865617
SKM_06178,0.860541
SKM_06179,0.831551
SKM_06180,0.826278
SKM_06181,0.828445
SKM_06182,0.821849
SKM_06183,0.831492
SKM_06184,0.839264
SKM_06185,0.826717
SKM_06186,0.733977
SKM_06187,0.798335
SKM_06188,0.803903
SKM_06189,0.842117
SKM_06190,0.84402
SKM_06191,0.831636
SKM_06192,0.80378
SKM_06193,0.794015
SKM_06194,0.799433
SKM_06195,0.796068
SKM_06196,0.812967
SKM_06197,0.846986
SKM_06198,0.837268
SKM_06199,0.822985
SKM_06200,0.781795
SKM_06201,0.711359
SKM_06202,0.794275
SKM_06203,0.826498
SKM_06204,0.842911
SKM_06205,0.857099
SKM_06206,0.867854
SKM_06207,0.864411
SKM_06208,0.859286
SKM_06209,0.817304
SKM_06210,0.862883
SKM_06211,0.864389
SKM_06212,0.865873
SKM_06213,0.806585
SKM_06214,0.860766
SKM_06215,0.830958
SKM_06216,0.525614
SKM_06217,0.400341
SKM_06218,0.205248
SKM_06219,0.428334
SKM_06220,0.533243
SKM_06221,0.361713
SKM_06222,0.556631
SKM_06223,0.72746
SKM_06224,0.81765
SKM_06225,0.810814
SKM_06226,0.779213
SKM_06227,0.804941
SKM_06228,0.79837
SKM_06229,0.649853
SKM_06230,0.541188
SKM_06231,0.305169
SKM_06232,
SKM_06233,0.737352
SKM_06234,0.747327
SKM_06235,0.79736
SKM_06236,0.81496
SKM_06237,0.798215
SKM_06238,0.803671
SKM_06239,0.798625
SKM_06240,0.734229
SKM_06241,0.808529
SKM_06242,0.800452
SKM_06243,0.765485
SKM_06244,0.800835
SKM_06245,0.780974
SKM_06246,0.755947
SKM_06247,0.82052
SKM_06248,0.830401
SKM_06249,0.802971
SKM_06250,0.825664
SKM_06251,0.819053
SKM_06252,0.816535
SKM_06253,0.82242
SKM_06254,0.815877
SKM_06255,0.797459
SKM_06256,0.729764
SKM_06257,0.80224
SKM_06258,0.819851
SKM_06259,0.80956
SKM_06260,0.81142
SKM_06261,0.816522
SKM_06262,0.819077
SKM_06263,0.823839
SKM_06264,0.819482
SKM_06265,0.824344
SKM_06266,0.83534
SKM_06267,0.808603
SKM_06268,0.832367
SKM_06269,0.817745
SKM_06270,0.81065
SKM_06271,0.815501
SKM_06272,0.830809
SKM_06273,0.798549
SKM_06274,0.638597
SKM_06275,0.792075
SKM_06276,0.850196
SKM_06277,0.833685
SKM_06278,0.841754
SKM_06279,0.833709
SKM_06280,0.814567
SKM_06281,0.760591
SKM_06282,0.783966
SKM_06283,0.856565
SKM_06284,0.831869
SKM_06285,0.814571
SKM_06286,0.762426
SKM_06287,0.786303
SKM_06288,0.806532
SKM_06289,0.786522
SKM_06290,0.801787
SKM_06291,0.829034
SKM_06292,0.861654
SKM_06293,0.73779
SKM_06294,0.840138
SKM_06295,0.872665
SKM_06296,0.879623
SKM_06297,0.830864
SKM_06298,0.840316
SKM_06299,0.84723
SKM_06300,0.82422
SKM_06301,0.818346
SKM_06302,0.855443
SKM_06303,0.836223
SKM_06304,0.697591
SKM_06305,0.687802
SKM_06306,0.595887
SKM_06307,0.584913
SKM_06308,0.541455
SKM_06309,0.550438
SKM_06310,0.561056
SKM_06311,0.508172
SKM_06312,0.807191
SKM_06313,0.836087
SKM_06314,0.845413
SKM_06315,0.839392
SKM_06316,0.487664
SKM_06317,0.626436
SKM_06318,0.368291
SKM_06319,0.693602
SKM_06320,0.742719
SKM_06321,0.826219
SKM_06322,0.848684
SKM_06323,0.839695
SKM_06324,0.837003
SKM_06325,0.792462
SKM_06326,0.797023
SKM_06327,0.794985
SKM_06328,0.793385
SKM_06329,0.793413
SKM_06330,0.774614
SKM_06331,0.816235
SKM_06332,0.817228
SKM_06333,0.836443
SKM_06334,0.783041
SKM_06335,0.81952
SKM_06336,0.830019
SKM_06337,0.802141
SKM_06338,0.794552
SKM_06339,0.788926
SKM_06340,0.786844
SKM_06341,0.799896
SKM_06342,0.807844
SKM_06343,0.82089
SKM_06344,0.825447
SKM_06345,0.760364
SKM_06346,0.790304
SKM_06347,0.76657
SKM_06348,0.826452
SKM_06349,0.82968
SKM_06350,0.831691
SKM_06351,0.845378
SKM_06352,0.848254
SKM_06353,0.831356
SKM_06354,0.824215
SKM_06355,0.817827
SKM_06356,0.80832
SKM_06357,0.821947
SKM_06358,0.809146
SKM_06359,0.793261
SKM_06360,0.637857
SKM_06361,0.7351
SKM_06362,0.828019
SKM_06363,0.821057
SKM_06364,0.795435
SKM_06365,0.818796
SKM_06366,0.79815
SKM_06367,0.812348
SKM_06368,0.825947
SKM_06369,0.795764
SKM_06370,0.809637
SKM_06371,0.842
SKM_06372,0.836081
SKM_06373,0.83147
SKM_06374,0.809123
SKM_06375,0.789194
SKM_06376,0.829417
SKM_06377,0.863712
SKM_06378,0.830085
SKM_06379,0.87238
SKM_06380,0.85832
SKM_06381,0.852004
SKM_06382,0.850867
SKM_06383,0.828865
SKM_06384,0.848804
SKM_06385,0.829907
SKM_06386,0.793403
SKM_06387,0.848402
SKM_06388,0.823026
SKM_06389,0.841316
SKM_06390,0.835736
SKM_06391,0.753593
SKM_06392,0.526642
SKM_06393,0.592443
SKM_06394,0.579396
SKM_06395,0.637909
SKM_06396,0.614252
SKM_06397,0.825807
SKM_06398,0.600711
SKM_06399,0.665539
SKM_06400,0.76591
SKM_06401,0.773593
SKM_06402,0.809895
SKM_06403,0.821159
SKM_06404,0.828142
SKM_06405,0.841561
SKM_06406,0.821438
SKM_06407,0.798239
SKM_06408,0.845074
SKM_06409,0.805944
SKM_06410,0.833713
SKM_06411,0.834607
SKM_06412,0.82582
SKM_06413,0.83811
SKM_06414,0.810768
SKM_06415,0.816087
SKM_06416,0.844633
SKM_06417,0.840785
SKM_06418,0.823363
SKM_06419,0.811051
SKM_06420,0.814117
SKM_06421,0.800026
SKM_06422,0.809074
SKM_06423,0.834846
SKM_06424,0.81618
SKM_06425,0.777366
SKM_06426,0.809317
SKM_06427,0.825554
SKM_06428,0.836796
SKM_06429,0.836953
SKM_06430,0.854107
SKM_06431,0.857329
SKM_06432,0.804936
SKM_06433,0.854201
SKM_06434,0.846744
SKM_06435,0.799485
SKM_06436,0.832324
SKM_06437,0.810587
SKM_06438,0.765468
SKM_06439,0.737352
SKM_06440,0.716134
SKM_06441,0.706457
SKM_06442,0.652771
SKM_06443,0.708114
SKM_06444,0.837801
SKM_06445,0.783031
SKM_06446,0.836716
SKM_06447,0.817938
SKM_06448,0.798982
SKM_06449,0.828516
SKM_06450,0.843005
SKM_06451,0.839704
SKM_06452,0.858771
SKM_06453,0.846888
SKM_06454,0.792605
SKM_06455,0.72416
SKM_06456,0.763086
SKM_06457,0.847805
SKM_06458,0.851834
SKM_06459,0.826575
SKM_06460,0.846978
SKM_06461,0.836339
SKM_06462,0.833458
SKM_06463,0.831607
SKM_06464,0.779904
SKM_06465,0.829768
SKM_06466,0.828666
SKM_06467,0.843915
SKM_06468,0.863142
SKM_06469,0.869074
SKM_06470,0.836108
SKM_06471,0.828309
SKM_06472,0.777922
SKM_06473,0.792065
SKM_06474,0.816125
SKM_06475,0.582459
SKM_06476,0.505022
SKM_06477,0.642363
SKM_06478,0.772103
SKM_06479,0.801726
SKM_06480,0.789731
SKM_06481,0.772792
SKM_06482,0.815979
SKM_06483,0.842268
SKM_06484,0.830101
SKM_06485,0.855111
SKM_06486,0.846288
SKM_06487,0.854076
SKM_06488,0.84311
SKM_06489,0.851363
SKM_06490,0.852391
SKM_06491,0.859425
SKM_06492,0.852098
SKM_06493,0.833141
SKM_06494,0.845012
SKM_06495,0.864857
SKM_06496,0.870454
SKM_06497,0.851598
SKM_06498,0.827007
SKM_06499,0.82937
SKM_06500,0.836245
SKM_06501,0.786809
SKM_06502,0.822969
SKM_06503,0.835908
SKM_06504,0.790583
SKM_06505,0.811702
SKM_06506,0.815328
SKM_06507,0.839568
SKM_06508,0.833342
SKM_06509,0.855644
SKM_06510,0.832531
SKM_06511,0.853309
SKM_06512,0.826468
SKM_06513,0.822436
SKM_06514,0.833461
SKM_06515,0.843299
SKM_06516,0.790775
SKM_06517,0.742343
SKM_06518,0.790318
SKM_06519,0.79423
SKM_06520,0.820201
SKM_06521,0.8229
SKM_06522,0.75982
SKM_06523,0.723923
SKM_06524,0.792375
SKM_06525,0.796248
SKM_06526,0.813389
SKM_06527,0.837986
SKM_06528,0.843717
SKM_06529,0.855003
SKM_06530,0.847519
SKM_06531,0.846077
SKM_06532,0.824334
SKM_06533,0.664638
SKM_06534,0.798523
SKM_06535,0.821876
SKM_06536,0.778216
SKM_06537,0.835362
SKM_06538,0.866607
SKM_06539,0.824465
SKM_06540,0.843111
SKM_06541,0.796289
SKM_06542,0.850426
SKM_06543,0.859974
SKM_06544,0.86793
SKM_06545,0.8362
SKM_06546,0.82523
SKM_06547,0.855147
SKM_06548,0.831883
SKM_06549,0.835739
SKM_06550,0.795245
SKM_06551,0.809363
SKM_06552,0.822205
SKM_06553,0.674649
SKM_06554,0.565098
SKM_06555,0.581761
SKM_06556,0.588653
SKM_06557,0.769654
SKM_06558,0.780813
SKM_06559,0.789129
SKM_06560,0.801243
SKM_06561,0.814516
SKM_06562,0.726006
SKM_06563,0.815986
SKM_06564,0.844238
SKM_06565,0.845352
SKM_06566,0.845917
SKM_06567,0.859715
SKM_06568,0.852634
SKM_06569,0.837869
SKM_06570,0.856365
SKM_06571,0.866481
SKM_06572,0.86074
SKM_06573,0.839878
SKM_06574,0.852434
SKM_06575,0.850926
SKM_06576,0.841344
SKM_06577,0.835405
SKM_06578,0.83226
SKM_06579,0.820317
SKM_06580,0.840651
SKM_06581,0.821899
SKM_06582,0.836711
SKM_06583,0.786553
SKM_06584,0.779835
SKM_06585,0.819296
SKM_06586,0.806539
SKM_06587,0.8192
SKM_06588,0.853847
SKM_06589,0.805901
SKM_06590,0.816951
SKM_06591,0.856335
SKM_06592,0.82605
SKM_06593,0.852375
SKM_06594,0.828373
SKM_06595,0.816992
SKM_06596,0.851956
SKM_06597,0.809067
SKM_06598,0.81002
SKM_06599,0.817712
SKM_06600,0.777042
SKM_06601,0.760826
SKM_06602,0.674589
SKM_06603,0.791238
SKM_06604,0.814663
SKM_06605,0.844248
SKM_06606,0.868098
SKM_06607,0.853247
SKM_06608,0.850806
SKM_06609,0.742833
SKM_06610,0.827138
SKM_06611,0.683813
SKM_06612,0.645867
SKM_06613,0.764882
SKM_06614,0.820806
SKM_06615,0.802798
SKM_06616,0.767124
SKM_06617,0.815813
SKM_06618,0.822209
SKM_06619,0.849147
SKM_06620,0.841334
SKM_06621,0.839751
SKM_06622,0.814548
SKM_06623,0.828159
SKM_06624,0.830304
SKM_06625,0.844119
SKM_06626,0.804884
SKM_06627,0.750037
SKM_06628,0.847781
SKM_06629,0.860094
SKM_06630,0.866824
SKM_06631,0.855053
SKM_06632,0.781533
SKM_06633,0.763987
SKM_06634,0.633829
SKM_06635,0.759785
SKM_06636,0.80933
SKM_06637,0.823848
SKM_06638,0.805783
SKM_06639,0.815741
SKM_06640,0.796928
SKM_06641,0.764945
SKM_06642,0.849532
SKM_06643,0.843
SKM_06644,0.84678
SKM_06645,0.850114
SKM_06646,0.838728
SKM_06647,0.839098
SKM_06648,0.822641
SKM_06649,0.859114
SKM_06650,0.852886
SKM_06651,0.854909
SKM_06652,0.852751
SKM_06653,0.821637
SKM_06654,0.858717
SKM_06655,0.830216
SKM_06656,0.823957
SKM_06657,0.842742
SKM_06658,0.822898
SKM_06659,0.853531
SKM_06660,0.825347
SKM_06661,0.817375
SKM_06662,0.807663
SKM_06663,0.791003
SKM_06664,0.780386
SKM_06665,0.826367
SKM_06666,0.824875
SKM_06667,0.848966
SKM_06668,0.860908
SKM_06669,0.813558
SKM_06670,0.860805
SKM_06671,0.85831
SKM_06672,0.853868
SKM_06673,0.874195
SKM_06674,0.849975
SKM_06675,0.838879
SKM_06676,0.814208
SKM_06677,0.841752
SKM_06678,0.809513
SKM_06679,0.819276
SKM_06680,0.790845
SKM_06681,0.690408
SKM_06682,0.843378
SKM_06683,0.800948
SKM_06684,0.81429
SKM_06685,0.817244
SKM_06686,0.845649
SKM_06687,0.849333
SKM_06688,0.823253
SKM_06689,0.839079
SKM_06690,0.826812
SKM_06691,0.692908
SKM_06692,0.740504
SKM_06693,0.796163
SKM_06694,0.820412
SKM_06695,0.831775
SKM_06696,0.828042
SKM_06697,0.827045
SKM_06698,0.833336
SKM_06699,0.826214
SKM_06700,0.81581
SKM_06701,0.819623
SKM_06702,0.832235
SKM_06703,0.845435
SKM_06704,0.817673
SKM_06705,0.782664
SKM_06706,0.810129
SKM_06707,0.852582
SKM_06708,0.846226
SKM_06709,0.845253
SKM_06710,0.841665
SKM_06711,0.774961
SKM_06712,0.777116
SKM_06713,0.597031
SKM_06714,0.716647
SKM_06715,0.836275
SKM_06716,0.841412
SKM_06717,0.835257
SKM_06718,0.82274
SKM_06719,0.738582
SKM_06720,0.835269
SKM_06721,0.697849
SKM_06722,0.816311
SKM_06723,0.824637
SKM_06724,0.814906
SKM_06725,0.830222
SKM_06726,0.836483
SKM_06727,0.842758
SKM_06728,0.760455
SKM_06729,0.829878
SKM_06730,0.855853
SKM_06731,0.809032
SKM_06732,0.857285
SKM_06733,0.836219
SKM_06734,0.829852
SKM_06735,0.835179
SKM_06736,0.834214
SKM_06737,0.831594
SKM_06738,0.813871
SKM_06739,0.807965
SKM_06740,0.832869
SKM_06741,0.824279
SKM_06742,0.802513
SKM_06743,0.785125
SKM_06744,0.818863
SKM_06745,0.813748
SKM_06746,0.858258
SKM_06747,0.870382
SKM_06748,0.832166
SKM_06749,0.843575
SKM_06750,0.797349
SKM_06751,0.682933
SKM_06752,0.856843
SKM_06753,0.819032
SKM_06754,0.80194
SKM_06755,0.82961
SKM_06756,0.817419
SKM_06757,0.803841
SKM_06758,0.793134
SKM_06759,0.658086
SKM_06760,0.811303
SKM_06761,0.820886
SKM_06762,0.801632
SKM_06763,0.82562
SKM_06764,0.818869
SKM_06765,0.838533
SKM_06766,0.818894
SKM_06767,0.833276
SKM_06768,0.815159
SKM_06769,0.776012
SKM_06770,0.746349
SKM_06771,0.763291
SKM_06772,0.794734
SKM_06773,0.80957
SKM_06774,0.808826
SKM_06775,0.790531
SKM_06776,0.799525
SKM_06777,0.833015
SKM_06778,0.822176
SKM_06779,0.752565
SKM_06780,0.810874
SKM_06781,0.832442
SKM_06782,0.803622
SKM_06783,0.8285
SKM_06784,0.84317
SKM_06785,0.849969
SKM_06786,0.844596
SKM_06787,0.821581
SKM_06788,0.661936
SKM_06789,0.566581
SKM_06790,
SKM_06791,0.848891
SKM_06792,0.845901
SKM_06793,0.808118
SKM_06794,0.735849
SKM_06795,0.718779
SKM_06796,0.72608
SKM_06797,0.819459
SKM_06798,0.847009
SKM_06799,0.807817
SKM_06800,0.861982
SKM_06801,0.855356
SKM_06802,0.809434
SKM_06803,0.726273
SKM_06804,0.681585
SKM_06805,0.856548
SKM_06806,0.848222
SKM_06807,0.801047
SKM_06808,0.83927
SKM_06809,0.833799
SKM_06810,0.832239
SKM_06811,0.830949
SKM_06812,0.826333
SKM_06813,0.832216
SKM_06814,0.833192
SKM_06815,0.81793
SKM_06816,0.799321
SKM_06817,0.7414
SKM_06818,0.821367
SKM_06819,0.830724
SKM_06820,0.841018
SKM_06821,0.820582
SKM_06822,0.842212
SKM_06823,0.846008
SKM_06824,0.785792
SKM_06825,0.770353
SKM_06826,0.849554
SKM_06827,0.810981
SKM_06828,0.78905
SKM_06829,0.767483
SKM_06830,0.767455
SKM_06831,0.769058
SKM_06832,0.726015
SKM_06833,0.631281
SKM_06834,0.83246
SKM_06835,0.833016
SKM_06836,0.81097
SKM_06837,0.805159
SKM_06838,0.798759
SKM_06839,0.824357
SKM_06840,0.818032
SKM_06841,0.78754
SKM_06842,0.780703
SKM_06843,0.801355
SKM_06844,0.843913
SKM_06845,0.683962
SKM_06846,0.716794
SKM_06847,0.732518
SKM_06848,0.777405
SKM_06849,0.820019
SKM_06850,0.782707
SKM_06851,0.794179
SKM_06852,0.820515
SKM_06853,0.821871
SKM_06854,0.820185
SKM_06855,0.838409
SKM_06856,0.83348
SKM_06857,0.849221
SKM_06858,0.85821
SKM_06859,0.698537
SKM_06860,0.639525
SKM_06861,0.662947
SKM_06862,0.621983
SKM_06863,0.457612
SKM_06864,0.829747
SKM_06865,0.79487
SKM_06866,0.719535
SKM_06867,0.805796
SKM_06868,0.757472
SKM_06869,0.818089
SKM_06870,0.867866
SKM_06871,0.839759
SKM_06872,0.819393
SKM_06873,0.78627
SKM_06874,0.717366
SKM_06875,0.831272
SKM_06876,0.783164
SKM_06877,0.870109
SKM_06878,0.84619
SKM_06879,0.860708
SKM_06880,0.840979
SKM_06881,0.84586
SKM_06882,0.84106
SKM_06883,0.827142
SKM_06884,0.820858
SKM_06885,0.791316
SKM_06886,0.830665
SKM_06887,0.789811
SKM_06888,0.794323
SKM_06889,0.67562
SKM_06890,0.813652
SKM_06891,0.831596
SKM_06892,0.834002
SKM_06893,0.82912
SKM_06894,0.837657
SKM_06895,0.847011
SKM_06896,0.844596
SKM_06897,0.84659
SKM_06898,0.85077
SKM_06899,0.845717
SKM_06900,0.824382
SKM_06901,0.79864
SKM_06902,0.76217
SKM_06903,0.806467
SKM_06904,0.785845
SKM_06905,0.654386
SKM_06906,0.676549
SKM_06907,0.817476
SKM_06908,0.813801
SKM_06909,0.805419
SKM_06910,0.815475
SKM_06911,0.821888
SKM_06912,0.778611
SKM_06913,0.756115
SKM_06914,0.790356
SKM_06915,0.736463
SKM_06916,0.745034
SKM_06917,0.791593
SKM_06918,0.790517
SKM_06919,0.79246
SKM_06920,0.758561
SKM_06921,0.811927
SKM_06922,0.816304
SKM_06923,0.792411
SKM_06924,0.806049
SKM_06925,0.842439
SKM_06926,0.84523
SKM_06927,0.867013
SKM_06928,0.856973
SKM_06929,0.853808
SKM_06930,0.87413
SKM_06931,0.820638
SKM_06932,0.630438
SKM_06933,0.653243
SKM_06934,0.557577
SKM_06935,0.520137
SKM_06936,0.81556
SKM_06937,0.762448
SKM_06938,0.785734
SKM_06939,0.757843
SKM_06940,0.721486
SKM_06941,0.798469
SKM_06942,0.849116
SKM_06943,0.835789
SKM_06944,0.832241
SKM_06945,0.818639
SKM_06946,0.733213
SKM_06947,0.818983
SKM_06948,0.822906
SKM_06949,0.847244
SKM_06950,0.869869
SKM_06951,0.832135
SKM_06952,0.824456
SKM_06953,0.834544
SKM_06954,0.844087
SKM_06955,0.809445
SKM_06956,0.760537
SKM_06957,0.773276
SKM_06958,0.762351
SKM_06959,0.779829
SKM_06960,0.698406
SKM_06961,0.72011
SKM_06962,0.824483
SKM_06963,0.808561
SKM_06964,0.823786
SKM_06965,0.806732
SKM_06966,0.723257
SKM_06967,0.81835
SKM_06968,0.748889
SKM_06969,0.816809
SKM_06970,0.836302
SKM_06971,0.844028
SKM_06972,0.859599
SKM_06973,0.835445
SKM_06974,0.848363
SKM_06975,0.776749
SKM_06976,0.776983
SKM_06977,0.81666
SKM_06978,0.541645
SKM_06979,0.672869
SKM_06980,0.709808
SKM_06981,0.765036
SKM_06982,0.737813
SKM_06983,0.520884
SKM_06984,0.63035
SKM_06985,0.560286
SKM_06986,0.754986
SKM_06987,0.690587
SKM_06988,0.716219
SKM_06989,0.7471
SKM_06990,0.766606
SKM_06991,0.758742
SKM_06992,0.782484
SKM_06993,0.802025
SKM_06994,0.841329
SKM_06995,0.818418
SKM_06996,0.851627
SKM_06997,0.863844
SKM_06998,0.855049
SKM_06999,0.866479
SKM_07000,0.839552
SKM_07001,0.626596
SKM_07002,0.635327
SKM_07003,
SKM_07004,
SKM_07005,0.816904
SKM_07006,0.761859
SKM_07007,0.749984
SKM_07008,0.722893
SKM_07009,0.788896
SKM_07010,0.829045
SKM_07011,0.812054
SKM_07012,0.829666
SKM_07013,0.837162
SKM_07014,0.826088
SKM_07015,0.781671
SKM_07016,0.821905
SKM_07017,0.786844
SKM_07018,0.836346
SKM_07019,0.846962
SKM_07020,0.852135
SKM_07021,0.83092
SKM_07022,0.792616
SKM_07023,0.815676
SKM_07024,0.796257
SKM_07025,0.716261
SKM_07026,0.764334
SKM_07027,0.761631
SKM_07028,0.722859
SKM_07029,0.811775
SKM_07030,0.797172
SKM_07031,0.812631
SKM_07032,0.803628
SKM_07033,0.819737
SKM_07034,0.791082
SKM_07035,0.765849
SKM_07036,0.826772
SKM_07037,0.779202
SKM_07038,0.717361
SKM_07039,0.838125
SKM_07040,0.775544
SKM_07041,0.783831
SKM_07042,0.816434
SKM_07043,0.850614
SKM_07044,0.776578
SKM_07045,0.841689
SKM_07046,0.815099
SKM_07047,0.836232
SKM_07048,0.781327
SKM_07049,0.507482
SKM_07050,0.387697
SKM_07051,
SKM_07052,0.657309
SKM_07053,0.781631
SKM_07054,0.813641
SKM_07055,0.776721
SKM_07056,0.792194
SKM_07057,0.843523
SKM_07058,0.798441
SKM_07059,0.867088
SKM_07060,0.875343
SKM_07061,0.84298
SKM_07062,0.777947
SKM_07063,0.633601
SKM_07064,0.819421
SKM_07065,0.745042
SKM_07066,0.718445
SKM_07067,0.764615
SKM_07068,0.824656
SKM_07069,0.769564
SKM_07070,0.839944
SKM_07071,0.833057
SKM_07072,0.835374
SKM_07073,0.780853
SKM_07074,0.814573
SKM_07075,0.844592
SKM_07076,0.778727
SKM_07077,0.764355
SKM_07078,0.816986
SKM_07079,0.822531
SKM_07080,0.843691
SKM_07081,0.799818
SKM_07082,0.829989
SKM_07083,0.828696
SKM_07084,0.812079
SKM_07085,0.805654
SKM_07086,0.730207
SKM_07087,0.811825
SKM_07088,0.80659
SKM_07089,0.826038
SKM_07090,0.823363
SKM_07091,0.8463
SKM_07092,0.634063
SKM_07093,0.693172
SKM_07094,0.81015
SKM_07095,0.831506
SKM_07096,0.817493
SKM_07097,0.806691
SKM_07098,0.831246
SKM_07099,0.768146
SKM_07100,0.859658
SKM_07101,0.833557
SKM_07102,0.780524
SKM_07103,0.815331
SKM_07104,0.754556
SKM_07105,0.795187
SKM_07106,0.820459
SKM_07107,0.800037
SKM_07108,0.828021
SKM_07109,0.691821
SKM_07110,0.849581
SKM_07111,0.790849
SKM_07112,0.810681
SKM_07113,0.849548
SKM_07114,0.838104
SKM_07115,0.84792
SKM_07116,0.869358
SKM_07117,0.849409
SKM_07118,0.814363
SKM_07119,0.717998
SKM_07120,0.804829
SKM_07121,0.717255
SKM_07122,0.761731
SKM_07123,0.826618
SKM_07124,0.838749
SKM_07125,0.829559
SKM_07126,0.843018
SKM_07127,0.83089
SKM_07128,0.784888
SKM_07129,0.780887
SKM_07130,0.7843
SKM_07131,0.808158
SKM_07132,0.8244
SKM_07133,0.821275
SKM_07134,0.792766
SKM_07135,0.834486
SKM_07136,0.840941
SKM_07137,0.815168
SKM_07138,0.777207
SKM_07139,0.789341
SKM_07140,0.723892
SKM_07141,0.764733
SKM_07142,0.803805
SKM_07143,0.782426
SKM_07144,0.776232
SKM_07145,0.824807
SKM_07146,0.791632
SKM_07147,0.791523
SKM_07148,0.803044
SKM_07149,0.797105
SKM_07150,0.84061
SKM_07151,0.846529
SKM_07152,0.830341
SKM_07153,0.840031
SKM_07154,0.84271
SKM_07155,0.803257
SKM_07156,0.831772
SKM_07157,0.833105
SKM_07158,0.783725
SKM_07159,0.786804
SKM_07160,0.786503
SKM_07161,0.760626
SKM_07162,0.721292
SKM_07163,0.799923
SKM_07164,0.715472
SKM_07165,0.855737
SKM_07166,0.691735
SKM_07167,0.689735
SKM_07168,0.696096
SKM_07169,0.658949
SKM_07170,0.782814
SKM_07171,0.741805
SKM_07172,0.700833
SKM_07173,0.790147
SKM_07174,0.776403
SKM_07175,0.81117
SKM_07176,0.832571
SKM_07177,0.776508
SKM_07178,0.812617
SKM_07179,0.808146
SKM_07180,0.750991
SKM_07181,0.745266
SKM_07182,0.768462
SKM_07183,0.803907
SKM_07184,0.828728
SKM_07185,0.850887
SKM_07186,0.723167
SKM_07187,0.800594
SKM_07188,0.799899
SKM_07189,0.793784
SKM_07190,0.70479
SKM_07191,0.800519
SKM_07192,0.781894
SKM_07193,0.767309
SKM_07194,0.815702
SKM_07195,0.822876
SKM_07196,0.788393
SKM_07197,0.814309
SKM_07198,0.825691
SKM_07199,0.819104
SKM_07200,0.840352
SKM_07201,0.761528
SKM_07202,0.852914
SKM_07203,0.817961
SKM_07204,0.828047
SKM_07205,0.80379
SKM_07206,0.811023
SKM_07207,0.829952
SKM_07208,0.768432
SKM_07209,0.780632
SKM_07210,0.768683
SKM_07211,0.774088
SKM_07212,0.809578
SKM_07213,0.62885
SKM_07214,0.339491
SKM_07215,0.808101
SKM_07216,0.710296
SKM_07217,0.57941
SKM_07218,0.757284
SKM_07219,0.81258
SKM_07220,0.763377
SKM_07221,0.758209
SKM_07222,0.8023
SKM_07223,0.782643
SKM_07224,0.800568
SKM_07225,0.747466
SKM_07226,0.774834
SKM_07227,0.690076
SKM_07228,0.788117
SKM_07229,0.775328
SKM_07230,0.759152
SKM_07231,0.794439
SKM_07232,0.819786
SKM_07233,0.837857
SKM_07234,0.805322
SKM_07235,0.817849
SKM_07236,0.808312
SKM_07237,0.808659
SKM_07238,0.761355
SKM_07239,0.785734
SKM_07240,0.780202
SKM_07241,0.766439
SKM_07242,0.809836
SKM_07243,0.825137
SKM_07244,0.823489
SKM_07245,0.789881
SKM_07246,0.823442
SKM_07247,0.78701
SKM_07248,0.817966
SKM_07249,0.838254
SKM_07250,0.8057
SKM_07251,0.853618
SKM_07252,0.846333
SKM_07253,0.862862
SKM_07254,0.783662
SKM_07255,0.824717
SKM_07256,0.787466
SKM_07257,0.723006
SKM_07258,0.721064
SKM_07259,0.817434
SKM_07260,0.737102
SKM_07261,0.586351
SKM_07262,-0.058812
SKM_07263,0.597494
SKM_07264,
SKM_07265,0.506157
SKM_07266,0.836377
SKM_07267,0.805497
SKM_07268,0.777558
SKM_07269,0.802228
SKM_07270,0.823615
SKM_07271,0.81763
SKM_07272,0.791493
SKM_07273,0.731323
SKM_07274,0.7808
SKM_07275,0.756961
SKM_07276,0.829197
SKM_07277,0.843816
SKM_07278,0.715345
SKM_07279,0.80587
SKM_07280,0.824925
SKM_07281,0.785105
SKM_07282,0.798455
SKM_07283,0.782112
SKM_07284,0.645947
SKM_07285,0.536157
SKM_07286,0.744184
SKM_07287,0.779632
SKM_07288,0.818287
SKM_07289,0.810357
SKM_07290,0.774342
SKM_07291,0.794658
SKM_07292,0.804679
SKM_07293,0.739708
SKM_07294,0.802531
SKM_07295,0.769154
SKM_07296,0.814105
SKM_07297,0.838711
SKM_07298,0.814977
SKM_07299,0.796123
SKM_07300,0.803624
SKM_07301,0.791192
SKM_07302,0.809661
SKM_07303,0.799873
SKM_07304,0.77641
SKM_07305,0.656757
SKM_07306,0.505639
SKM_07307,0.833177
SKM_07308,0.756286
SKM_07309,0.826894
SKM_07310,0.8128
SKM_07311,0.779458
SKM_07312,0.749884
SKM_07313,0.759629
SKM_07314,0.298779
SKM_07315,0.714967
SKM_07316,0.76439
SKM_07317,0.745023
SKM_07318,0.561269
SKM_07319,0.059647
SKM_07320,0.391324
SKM_07321,0.649636
SKM_07322,0.808951
SKM_07323,0.793072
SKM_07324,0.793087
SKM_07325,0.81821
SKM_07326,0.822027
SKM_07327,0.81385
SKM_07328,0.785852
SKM_07329,0.850025
SKM_07330,0.810048
SKM_07331,0.786904
SKM_07332,0.790003
SKM_07333,0.791346
SKM_07334,0.806872
SKM_07335,0.825933
SKM_07336,0.774523
SKM_07337,0.557421
SKM_07338,0.437384
SKM_07339,-0.342605
SKM_07340,0.741408
SKM_07341,0.665822
SKM_07342,0.755978
SKM_07343,0.723533
SKM_07344,0.688087
SKM_07345,0.724637
SKM_07346,0.812436
SKM_07347,0.790489
SKM_07348,0.798985
SKM_07349,0.758651
SKM_07350,0.766276
SKM_07351,0.778507
SKM_07352,0.781093
SKM_07353,0.767081
SKM_07354,0.742357
SKM_07355,0.616984
SKM_07356,0.761609
SKM_07357,0.75312
SKM_07358,0.651312
SKM_07359,0.036089
SKM_07360,0.352932
SKM_07361,0.495799
SKM_07362,0.762733
SKM_07363,0.703598
SKM_07364,0.795947
SKM_07365,0.79697
SKM_07366,0.826625
SKM_07367,0.750488
SKM_07368,0.748955
SKM_07369,0.776001
SKM_07370,0.774528
SKM_07371,0.766882
SKM_07372,0.79618
SKM_07373,0.787055
SKM_07374,0.615342
SKM_07375,0.403493
SKM_07376,0.471005
SKM_07377,0.579779
SKM_07378,0.624941
SKM_07379,0.781837
SKM_07380,0.775626
SKM_07381,0.794075
SKM_07382,0.763101
SKM_07383,0.778163
SKM_07384,0.792126
SKM_07385,0.639691
SKM_07386,0.565882
SKM_07387,0.744458
SKM_07388,0.64744
SKM_07389,0.640101
SKM_07390,0.426392
